[2026-08-16 17:50:57Z INFO HostContext] No proxy settings were found based on environmental variables (http_proxy/https_proxy/HTTP_PROXY/HTTPS_PROXY)
[2026-08-16 17:50:57Z INFO HostContext] Well known directory 'Bin': 'C:\Users\sheet\OneDrive\Desktop\Devops\DEVOPS INSIDER\GIT practice\b18_G79Sheetal\actions-runner\bin'
[2026-08-16 17:50:57Z INFO HostContext] Well known directory 'Root': 'C:\Users\sheet\OneDrive\Desktop\Devops\DEVOPS INSIDER\GIT practice\b18_G79Sheetal\actions-runner'
[2026-08-16 17:50:57Z INFO HostContext] Well known config file 'Credentials': 'C:\Users\sheet\OneDrive\Desktop\Devops\DEVOPS INSIDER\GIT practice\b18_G79Sheetal\actions-runner\.credentials'
[2026-08-16 17:50:57Z INFO HostContext] Well known directory 'Bin': 'C:\Users\sheet\OneDrive\Desktop\Devops\DEVOPS INSIDER\GIT practice\b18_G79Sheetal\actions-runner\bin'
[2026-08-16 17:50:57Z INFO HostContext] Well known directory 'Root': 'C:\Users\sheet\OneDrive\Desktop\Devops\DEVOPS INSIDER\GIT practice\b18_G79Sheetal\actions-runner'
[2026-08-16 17:50:57Z INFO HostContext] Well known config file 'Runner': 'C:\Users\sheet\OneDrive\Desktop\Devops\DEVOPS INSIDER\GIT practice\b18_G79Sheetal\actions-runner\.runner'
[2026-08-16 17:50:57Z INFO Listener] Runner is built for Windows (X64) - win-x64.
[2026-08-16 17:50:57Z INFO Listener] RuntimeInformation: Microsoft Windows 10.0.22635.
[2026-08-16 17:50:57Z INFO Listener] Version: 2.336.0
[2026-08-16 17:50:57Z INFO Listener] Commit: 98aabcd429c4e8402406c56ce2d26387fed3b9ce
[2026-08-16 17:50:57Z INFO Listener] Culture: en-IN
[2026-08-16 17:50:57Z INFO Listener] UI Culture: en-GB
[2026-08-16 17:50:57Z INFO HostContext] Well known directory 'Bin': 'C:\Users\sheet\OneDrive\Desktop\Devops\DEVOPS INSIDER\GIT practice\b18_G79Sheetal\actions-runner\bin'
[2026-08-16 17:50:57Z INFO HostContext] Well known directory 'Root': 'C:\Users\sheet\OneDrive\Desktop\Devops\DEVOPS INSIDER\GIT practice\b18_G79Sheetal\actions-runner'
[2026-08-16 17:50:57Z INFO Listener] Validating directory permissions for: 'C:\Users\sheet\OneDrive\Desktop\Devops\DEVOPS INSIDER\GIT practice\b18_G79Sheetal\actions-runner'
[2026-08-16 17:50:57Z INFO CommandLineParser] Parse
[2026-08-16 17:50:57Z INFO CommandLineParser] Parsing 1 args
[2026-08-16 17:50:57Z INFO CommandLineParser] parsing argument
[2026-08-16 17:50:57Z INFO CommandLineParser] HasArgs: False
[2026-08-16 17:50:57Z INFO CommandLineParser] Adding Command: run
[2026-08-16 17:50:57Z INFO Listener] Arguments parsed
[2026-08-16 17:50:57Z INFO Runner] ExecuteCommand
[2026-08-16 17:50:57Z INFO ConfigurationStore] currentAssemblyLocation: C:\Users\sheet\OneDrive\Desktop\Devops\DEVOPS INSIDER\GIT practice\b18_G79Sheetal\actions-runner\bin\Runner.Listener.dll
[2026-08-16 17:50:57Z INFO HostContext] Well known directory 'Bin': 'C:\Users\sheet\OneDrive\Desktop\Devops\DEVOPS INSIDER\GIT practice\b18_G79Sheetal\actions-runner\bin'
[2026-08-16 17:50:57Z INFO ConfigurationStore] binPath: C:\Users\sheet\OneDrive\Desktop\Devops\DEVOPS INSIDER\GIT practice\b18_G79Sheetal\actions-runner\bin
[2026-08-16 17:50:57Z INFO HostContext] Well known directory 'Bin': 'C:\Users\sheet\OneDrive\Desktop\Devops\DEVOPS INSIDER\GIT practice\b18_G79Sheetal\actions-runner\bin'
[2026-08-16 17:50:57Z INFO HostContext] Well known directory 'Root': 'C:\Users\sheet\OneDrive\Desktop\Devops\DEVOPS INSIDER\GIT practice\b18_G79Sheetal\actions-runner'
[2026-08-16 17:50:57Z INFO ConfigurationStore] RootFolder: C:\Users\sheet\OneDrive\Desktop\Devops\DEVOPS INSIDER\GIT practice\b18_G79Sheetal\actions-runner
[2026-08-16 17:50:57Z INFO HostContext] Well known directory 'Bin': 'C:\Users\sheet\OneDrive\Desktop\Devops\DEVOPS INSIDER\GIT practice\b18_G79Sheetal\actions-runner\bin'
[2026-08-16 17:50:57Z INFO HostContext] Well known directory 'Root': 'C:\Users\sheet\OneDrive\Desktop\Devops\DEVOPS INSIDER\GIT practice\b18_G79Sheetal\actions-runner'
[2026-08-16 17:50:57Z INFO HostContext] Well known config file 'Runner': 'C:\Users\sheet\OneDrive\Desktop\Devops\DEVOPS INSIDER\GIT practice\b18_G79Sheetal\actions-runner\.runner'
[2026-08-16 17:50:57Z INFO ConfigurationStore] ConfigFilePath: C:\Users\sheet\OneDrive\Desktop\Devops\DEVOPS INSIDER\GIT practice\b18_G79Sheetal\actions-runner\.runner
[2026-08-16 17:50:57Z INFO HostContext] Well known directory 'Bin': 'C:\Users\sheet\OneDrive\Desktop\Devops\DEVOPS INSIDER\GIT practice\b18_G79Sheetal\actions-runner\bin'
[2026-08-16 17:50:57Z INFO HostContext] Well known directory 'Root': 'C:\Users\sheet\OneDrive\Desktop\Devops\DEVOPS INSIDER\GIT practice\b18_G79Sheetal\actions-runner'
[2026-08-16 17:50:57Z INFO HostContext] Well known config file 'MigratedRunner': 'C:\Users\sheet\OneDrive\Desktop\Devops\DEVOPS INSIDER\GIT practice\b18_G79Sheetal\actions-runner\.runner_migrated'
[2026-08-16 17:50:57Z INFO ConfigurationStore] MigratedConfigFilePath: C:\Users\sheet\OneDrive\Desktop\Devops\DEVOPS INSIDER\GIT practice\b18_G79Sheetal\actions-runner\.runner_migrated
[2026-08-16 17:50:57Z INFO HostContext] Well known directory 'Bin': 'C:\Users\sheet\OneDrive\Desktop\Devops\DEVOPS INSIDER\GIT practice\b18_G79Sheetal\actions-runner\bin'
[2026-08-16 17:50:57Z INFO HostContext] Well known directory 'Root': 'C:\Users\sheet\OneDrive\Desktop\Devops\DEVOPS INSIDER\GIT practice\b18_G79Sheetal\actions-runner'
[2026-08-16 17:50:57Z INFO HostContext] Well known config file 'Credentials': 'C:\Users\sheet\OneDrive\Desktop\Devops\DEVOPS INSIDER\GIT practice\b18_G79Sheetal\actions-runner\.credentials'
[2026-08-16 17:50:57Z INFO ConfigurationStore] CredFilePath: C:\Users\sheet\OneDrive\Desktop\Devops\DEVOPS INSIDER\GIT practice\b18_G79Sheetal\actions-runner\.credentials
[2026-08-16 17:50:57Z INFO HostContext] Well known directory 'Bin': 'C:\Users\sheet\OneDrive\Desktop\Devops\DEVOPS INSIDER\GIT practice\b18_G79Sheetal\actions-runner\bin'
[2026-08-16 17:50:57Z INFO HostContext] Well known directory 'Root': 'C:\Users\sheet\OneDrive\Desktop\Devops\DEVOPS INSIDER\GIT practice\b18_G79Sheetal\actions-runner'
[2026-08-16 17:50:57Z INFO HostContext] Well known config file 'MigratedCredentials': 'C:\Users\sheet\OneDrive\Desktop\Devops\DEVOPS INSIDER\GIT practice\b18_G79Sheetal\actions-runner\.credentials_migrated'
[2026-08-16 17:50:57Z INFO ConfigurationStore] MigratedCredFilePath: C:\Users\sheet\OneDrive\Desktop\Devops\DEVOPS INSIDER\GIT practice\b18_G79Sheetal\actions-runner\.credentials_migrated
[2026-08-16 17:50:57Z INFO HostContext] Well known directory 'Bin': 'C:\Users\sheet\OneDrive\Desktop\Devops\DEVOPS INSIDER\GIT practice\b18_G79Sheetal\actions-runner\bin'
[2026-08-16 17:50:57Z INFO HostContext] Well known directory 'Root': 'C:\Users\sheet\OneDrive\Desktop\Devops\DEVOPS INSIDER\GIT practice\b18_G79Sheetal\actions-runner'
[2026-08-16 17:50:57Z INFO HostContext] Well known config file 'Service': 'C:\Users\sheet\OneDrive\Desktop\Devops\DEVOPS INSIDER\GIT practice\b18_G79Sheetal\actions-runner\.service'
[2026-08-16 17:50:57Z INFO ConfigurationStore] ServiceConfigFilePath: C:\Users\sheet\OneDrive\Desktop\Devops\DEVOPS INSIDER\GIT practice\b18_G79Sheetal\actions-runner\.service
[2026-08-16 17:50:57Z INFO CommandSettings] Flag 'help': 'False'
[2026-08-16 17:50:57Z INFO CommandSettings] Flag 'version': 'False'
[2026-08-16 17:50:57Z INFO CommandSettings] Flag 'commit': 'False'
[2026-08-16 17:50:57Z INFO CommandSettings] Flag 'check': 'False'
[2026-08-16 17:50:57Z INFO CommandSettings] Command 'configure': 'False'
[2026-08-16 17:50:57Z INFO CommandSettings] Command 'remove': 'False'
[2026-08-16 17:50:57Z INFO CommandSettings] Command 'warmup': 'False'
[2026-08-16 17:50:57Z INFO ConfigurationManager] LoadSettings
[2026-08-16 17:50:57Z INFO ConfigurationStore] IsConfigured()
[2026-08-16 17:50:57Z INFO ConfigurationStore] IsConfigured: True
[2026-08-16 17:50:57Z INFO ConfigurationManager] Is configured: True
[2026-08-16 17:50:57Z INFO ConfigurationStore] Read setting file: 401 chars
[2026-08-16 17:50:57Z INFO ConfigurationManager] Settings Loaded
[2026-08-16 17:50:57Z INFO ConfigurationStore] IsServiceConfigured()
[2026-08-16 17:50:57Z INFO ConfigurationStore] IsServiceConfigured: False
[2026-08-16 17:50:57Z INFO CommandSettings] Command 'run': 'True'
[2026-08-16 17:50:57Z INFO ConfigurationStore] IsConfigured()
[2026-08-16 17:50:57Z INFO ConfigurationStore] IsConfigured: True
[2026-08-16 17:50:57Z INFO ConfigurationManager] Is configured: True
[2026-08-16 17:50:57Z INFO Runner] Could not parse the argument value '' for StartupType. Defaulting to Manual
[2026-08-16 17:50:57Z INFO Runner] Set runner startup type - Manual
[2026-08-16 17:50:57Z INFO CommandSettings] Flag 'once': 'False'
[2026-08-16 17:50:57Z INFO CommandSettings] Flag 'once': 'False'
[2026-08-16 17:50:57Z INFO Runner] RunAsync
[2026-08-16 17:50:57Z INFO HostContext] Well known directory 'Bin': 'C:\Users\sheet\OneDrive\Desktop\Devops\DEVOPS INSIDER\GIT practice\b18_G79Sheetal\actions-runner\bin'
[2026-08-16 17:50:57Z INFO HostContext] Well known directory 'Root': 'C:\Users\sheet\OneDrive\Desktop\Devops\DEVOPS INSIDER\GIT practice\b18_G79Sheetal\actions-runner'
[2026-08-16 17:50:57Z INFO HostContext] Well known directory 'Work': 'C:\Users\sheet\OneDrive\Desktop\Devops\DEVOPS INSIDER\GIT practice\b18_G79Sheetal\actions-runner\_work'
[2026-08-16 17:50:57Z INFO Runner] Validating directory permissions for: 'C:\Users\sheet\OneDrive\Desktop\Devops\DEVOPS INSIDER\GIT practice\b18_G79Sheetal\actions-runner\_work'
[2026-08-16 17:50:57Z INFO ConfigurationManager] LoadMigratedSettings
[2026-08-16 17:50:57Z INFO ConfigurationStore] IsMigratedConfigured()
[2026-08-16 17:50:57Z INFO ConfigurationStore] IsMigratedConfigured: False
[2026-08-16 17:50:57Z INFO Runner] Failed to load migrated settings: No migrated configuration found.
[2026-08-16 17:50:57Z INFO Runner] Falling back to original .runner settings
[2026-08-16 17:50:57Z INFO Runner] Using BrokerMessageListener
[2026-08-16 17:50:57Z INFO BrokerMessageListener] Using provided settings
[2026-08-16 17:50:57Z INFO BrokerMessageListener] {
  "AgentId": 21,
  "AgentName": "SHEETAL",
  "PoolId": 1,
  "PoolName": "Default",
  "ServerUrl": "https://pipelinesghubeus8.actions.githubusercontent.com/v3nhwMsllNlauCaW0vb7Rx2e6duWqBusn9TLJpvFPagbIcaNIs/",
  "GitHubUrl": "https://github.com/Sheetaldevops85/b18_G79Sheetal",
  "WorkFolder": "_work",
  "UseV2Flow": true,
  "ServerUrlV2": "https://broker.actions.githubusercontent.com/"
}
[2026-08-16 17:50:57Z INFO BrokerMessageListener] Loading Credentials
[2026-08-16 17:50:57Z INFO ConfigurationStore] HasCredentials()
[2026-08-16 17:50:57Z INFO ConfigurationStore] stored True
[2026-08-16 17:50:57Z INFO CredentialManager] GetCredentialProvider
[2026-08-16 17:50:57Z INFO CredentialManager] Creating type OAuth
[2026-08-16 17:50:57Z INFO CredentialManager] Creating credential type: OAuth
[2026-08-16 17:50:58Z INFO HostContext] Well known directory 'Bin': 'C:\Users\sheet\OneDrive\Desktop\Devops\DEVOPS INSIDER\GIT practice\b18_G79Sheetal\actions-runner\bin'
[2026-08-16 17:50:58Z INFO HostContext] Well known directory 'Root': 'C:\Users\sheet\OneDrive\Desktop\Devops\DEVOPS INSIDER\GIT practice\b18_G79Sheetal\actions-runner'
[2026-08-16 17:50:58Z INFO HostContext] Well known config file 'RSACredentials': 'C:\Users\sheet\OneDrive\Desktop\Devops\DEVOPS INSIDER\GIT practice\b18_G79Sheetal\actions-runner\.credentials_rsaparams'
[2026-08-16 17:50:58Z INFO RSAEncryptedFileKeyManager] Loading RSA key parameters from file C:\Users\sheet\OneDrive\Desktop\Devops\DEVOPS INSIDER\GIT practice\b18_G79Sheetal\actions-runner\.credentials_rsaparams
[2026-08-16 17:50:58Z INFO BrokerMessageListener] Attempt to create session.
[2026-08-16 17:50:58Z INFO BrokerMessageListener] Connecting to the Broker Server...
[2026-08-16 17:50:58Z INFO ConfigurationStore] HasCredentials()
[2026-08-16 17:50:58Z INFO ConfigurationStore] stored True
[2026-08-16 17:50:58Z INFO CredentialManager] GetCredentialProvider
[2026-08-16 17:50:58Z INFO CredentialManager] Creating type OAuth
[2026-08-16 17:50:58Z INFO CredentialManager] Creating credential type: OAuth
[2026-08-16 17:50:58Z INFO RSAEncryptedFileKeyManager] Loading RSA key parameters from file C:\Users\sheet\OneDrive\Desktop\Devops\DEVOPS INSIDER\GIT practice\b18_G79Sheetal\actions-runner\.credentials_rsaparams
[2026-08-16 17:50:58Z INFO BrokerMessageListener] VssConnection created
[2026-08-16 17:50:58Z INFO BrokerMessageListener] Connecting to the Runner server...
[2026-08-16 17:50:58Z INFO RunnerServer] EstablishVssConnection
[2026-08-16 17:50:58Z INFO RunnerServer] Establish connection with 100 seconds timeout.
[2026-08-16 17:50:58Z INFO GitHubActionsService] Starting operation Location.GetConnectionData
[2026-08-16 17:50:58Z INFO RunnerServer] EstablishVssConnection
[2026-08-16 17:50:58Z INFO RunnerServer] Establish connection with 60 seconds timeout.
[2026-08-16 17:50:58Z INFO GitHubActionsService] Starting operation Location.GetConnectionData
[2026-08-16 17:50:58Z INFO RunnerServer] EstablishVssConnection
[2026-08-16 17:50:58Z INFO RunnerServer] Establish connection with 60 seconds timeout.
[2026-08-16 17:50:58Z INFO GitHubActionsService] Starting operation Location.GetConnectionData
[2026-08-16 17:50:59Z INFO GitHubActionsService] Finished operation Location.GetConnectionData
[2026-08-16 17:50:59Z INFO GitHubActionsService] Finished operation Location.GetConnectionData
[2026-08-16 17:50:59Z INFO GitHubActionsService] Finished operation Location.GetConnectionData
[2026-08-16 17:50:59Z INFO BrokerMessageListener] VssConnection created
[2026-08-16 17:50:59Z INFO Terminal] WRITE LINE: 
[2026-08-16 17:50:59Z INFO Terminal] WRITE LINE: 
[2026-08-16 17:50:59Z INFO RSAEncryptedFileKeyManager] Loading RSA key parameters from file C:\Users\sheet\OneDrive\Desktop\Devops\DEVOPS INSIDER\GIT practice\b18_G79Sheetal\actions-runner\.credentials_rsaparams
[2026-08-16 17:50:59Z INFO RSAEncryptedFileKeyManager] Loading RSA key parameters from file C:\Users\sheet\OneDrive\Desktop\Devops\DEVOPS INSIDER\GIT practice\b18_G79Sheetal\actions-runner\.credentials_rsaparams
[2026-08-16 17:51:00Z INFO GitHubActionsService] AAD Correlation ID for this token request: Unknown
[2026-08-16 17:51:01Z INFO BrokerMessageListener] Session created.
[2026-08-16 17:51:01Z INFO Terminal] WRITE LINE: Current runner version: '2.336.0'
[2026-08-16 17:51:01Z INFO Terminal] WRITE LINE: 2026-08-16 17:51:01Z: Listening for Jobs
[2026-08-16 17:51:01Z INFO JobDispatcher] Set runner/worker IPC timeout to 30 seconds.
[2026-08-16 18:41:23Z INFO RSAEncryptedFileKeyManager] Loading RSA key parameters from file C:\Users\sheet\OneDrive\Desktop\Devops\DEVOPS INSIDER\GIT practice\b18_G79Sheetal\actions-runner\.credentials_rsaparams
[2026-08-16 18:41:24Z INFO GitHubActionsService] AAD Correlation ID for this token request: Unknown
[2026-08-16 19:31:46Z INFO RSAEncryptedFileKeyManager] Loading RSA key parameters from file C:\Users\sheet\OneDrive\Desktop\Devops\DEVOPS INSIDER\GIT practice\b18_G79Sheetal\actions-runner\.credentials_rsaparams
[2026-08-16 19:31:47Z INFO GitHubActionsService] AAD Correlation ID for this token request: Unknown
[2026-08-16 20:22:11Z INFO RSAEncryptedFileKeyManager] Loading RSA key parameters from file C:\Users\sheet\OneDrive\Desktop\Devops\DEVOPS INSIDER\GIT practice\b18_G79Sheetal\actions-runner\.credentials_rsaparams
[2026-08-16 20:22:12Z INFO GitHubActionsService] AAD Correlation ID for this token request: Unknown
[2026-08-16 21:12:33Z INFO RSAEncryptedFileKeyManager] Loading RSA key parameters from file C:\Users\sheet\OneDrive\Desktop\Devops\DEVOPS INSIDER\GIT practice\b18_G79Sheetal\actions-runner\.credentials_rsaparams
[2026-08-16 21:12:35Z INFO GitHubActionsService] AAD Correlation ID for this token request: Unknown
[2026-08-16 21:32:43Z WARN GitHubActionsService] GET request to https://broker.actions.githubusercontent.com/message?sessionId=cfc40dcc-4a56-4fa4-8bc2-767410e8c931&status=Online&runnerVersion=2.336.0&os=Windows&architecture=X64&disableUpdate=false timed out after 100 seconds.
[2026-08-16 21:32:43Z ERR  BrokerServer] Catch exception during request
[2026-08-16 21:32:43Z ERR  BrokerServer] System.TimeoutException: The HTTP request timed out after 00:01:40.
 ---> System.Threading.Tasks.TaskCanceledException: The operation was canceled.
 ---> System.IO.IOException: Unable to read data from the transport connection: The I/O operation has been aborted because of either a thread exit or an application request..
 ---> System.Net.Sockets.SocketException (995): The I/O operation has been aborted because of either a thread exit or an application request.
   --- End of inner exception stack trace ---
   at System.Net.Sockets.Socket.AwaitableSocketAsyncEventArgs.ThrowException(SocketError error, CancellationToken cancellationToken)
   at System.Net.Sockets.Socket.AwaitableSocketAsyncEventArgs.System.Threading.Tasks.Sources.IValueTaskSource<System.Int32>.GetResult(Int16 token)
   at System.Net.Security.SslStream.EnsureFullTlsFrameAsync[TIOAdapter](CancellationToken cancellationToken, Int32 estimatedSize)
   at System.Runtime.CompilerServices.PoolingAsyncValueTaskMethodBuilder`1.StateMachineBox`1.System.Threading.Tasks.Sources.IValueTaskSource<TResult>.GetResult(Int16 token)
   at System.Net.Security.SslStream.ReadAsyncInternal[TIOAdapter](Memory`1 buffer, CancellationToken cancellationToken)
   at System.Runtime.CompilerServices.PoolingAsyncValueTaskMethodBuilder`1.StateMachineBox`1.System.Threading.Tasks.Sources.IValueTaskSource<TResult>.GetResult(Int16 token)
   at System.Net.Http.HttpConnection.InitialFillAsync(Boolean async)
   at System.Net.Http.HttpConnection.SendAsync(HttpRequestMessage request, Boolean async, CancellationToken cancellationToken)
   --- End of inner exception stack trace ---
   at System.Net.Http.HttpConnection.SendAsync(HttpRequestMessage request, Boolean async, CancellationToken cancellationToken)
   at System.Net.Http.AuthenticationHelper.SendWithNtAuthAsync(HttpRequestMessage request, Uri authUri, Boolean async, ICredentials credentials, Boolean isProxyAuth, HttpConnection connection, HttpConnectionPool connectionPool, CancellationToken cancellationToken)
   at System.Net.Http.HttpConnectionPool.SendWithVersionDetectionAndRetryAsync(HttpRequestMessage request, Boolean async, Boolean doRequestAuth, CancellationToken cancellationToken)
   at System.Net.Http.AuthenticationHelper.SendWithAuthAsync(HttpRequestMessage request, Uri authUri, Boolean async, ICredentials credentials, Boolean preAuthenticate, Boolean isProxyAuth, Boolean doRequestAuth, HttpConnectionPool pool, CancellationToken cancellationToken)
   at System.Net.Http.RedirectHandler.SendAsync(HttpRequestMessage request, Boolean async, CancellationToken cancellationToken)
   at GitHub.Services.Common.RawHttpMessageHandler.SendAsync(HttpRequestMessage request, CancellationToken cancellationToken)
   --- End of inner exception stack trace ---
   at GitHub.Services.Common.RawHttpMessageHandler.SendAsync(HttpRequestMessage request, CancellationToken cancellationToken)
   at GitHub.Services.Common.VssHttpRetryMessageHandler.SendAsync(HttpRequestMessage request, CancellationToken cancellationToken)
   at System.Net.Http.HttpClient.<SendAsync>g__Core|83_0(HttpRequestMessage request, HttpCompletionOption completionOption, CancellationTokenSource cts, Boolean disposeCts, CancellationTokenSource pendingRequestsCts, CancellationToken originalCancellationToken)
   at Sdk.WebApi.WebApi.RawHttpClientBase.SendAsync(HttpRequestMessage message, HttpCompletionOption completionOption, Object userState, CancellationToken cancellationToken)
   at Sdk.WebApi.WebApi.RawHttpClientBase.SendAsync[T](HttpRequestMessage message, Boolean readErrorBody, Object userState, CancellationToken cancellationToken)
   at Sdk.WebApi.WebApi.RawHttpClientBase.SendAsync[T](HttpMethod method, IEnumerable`1 additionalHeaders, Uri requestUri, HttpContent content, IEnumerable`1 queryParameters, Boolean readErrorBody, Object userState, CancellationToken cancellationToken)
   at GitHub.Actions.RunService.WebApi.BrokerHttpClient.GetRunnerMessageAsync(Nullable`1 sessionId, String runnerVersion, Nullable`1 status, String os, String architecture, Nullable`1 disableUpdate, CancellationToken cancellationToken)
   at GitHub.Runner.Common.BrokerServer.<>c__DisplayClass7_0.<<GetRunnerMessageAsync>b__0>d.MoveNext()
--- End of stack trace from previous location ---
   at GitHub.Runner.Common.RunnerService.RetryRequest[T](Func`1 func, CancellationToken cancellationToken, Int32 maxAttempts, Func`2 shouldRetry)
[2026-08-16 21:32:43Z ERR  BrokerServer] #####################################################
[2026-08-16 21:32:43Z ERR  BrokerServer] System.Threading.Tasks.TaskCanceledException: The operation was canceled.
 ---> System.IO.IOException: Unable to read data from the transport connection: The I/O operation has been aborted because of either a thread exit or an application request..
 ---> System.Net.Sockets.SocketException (995): The I/O operation has been aborted because of either a thread exit or an application request.
   --- End of inner exception stack trace ---
   at System.Net.Sockets.Socket.AwaitableSocketAsyncEventArgs.ThrowException(SocketError error, CancellationToken cancellationToken)
   at System.Net.Sockets.Socket.AwaitableSocketAsyncEventArgs.System.Threading.Tasks.Sources.IValueTaskSource<System.Int32>.GetResult(Int16 token)
   at System.Net.Security.SslStream.EnsureFullTlsFrameAsync[TIOAdapter](CancellationToken cancellationToken, Int32 estimatedSize)
   at System.Runtime.CompilerServices.PoolingAsyncValueTaskMethodBuilder`1.StateMachineBox`1.System.Threading.Tasks.Sources.IValueTaskSource<TResult>.GetResult(Int16 token)
   at System.Net.Security.SslStream.ReadAsyncInternal[TIOAdapter](Memory`1 buffer, CancellationToken cancellationToken)
   at System.Runtime.CompilerServices.PoolingAsyncValueTaskMethodBuilder`1.StateMachineBox`1.System.Threading.Tasks.Sources.IValueTaskSource<TResult>.GetResult(Int16 token)
   at System.Net.Http.HttpConnection.InitialFillAsync(Boolean async)
   at System.Net.Http.HttpConnection.SendAsync(HttpRequestMessage request, Boolean async, CancellationToken cancellationToken)
   --- End of inner exception stack trace ---
   at System.Net.Http.HttpConnection.SendAsync(HttpRequestMessage request, Boolean async, CancellationToken cancellationToken)
   at System.Net.Http.AuthenticationHelper.SendWithNtAuthAsync(HttpRequestMessage request, Uri authUri, Boolean async, ICredentials credentials, Boolean isProxyAuth, HttpConnection connection, HttpConnectionPool connectionPool, CancellationToken cancellationToken)
   at System.Net.Http.HttpConnectionPool.SendWithVersionDetectionAndRetryAsync(HttpRequestMessage request, Boolean async, Boolean doRequestAuth, CancellationToken cancellationToken)
   at System.Net.Http.AuthenticationHelper.SendWithAuthAsync(HttpRequestMessage request, Uri authUri, Boolean async, ICredentials credentials, Boolean preAuthenticate, Boolean isProxyAuth, Boolean doRequestAuth, HttpConnectionPool pool, CancellationToken cancellationToken)
   at System.Net.Http.RedirectHandler.SendAsync(HttpRequestMessage request, Boolean async, CancellationToken cancellationToken)
   at GitHub.Services.Common.RawHttpMessageHandler.SendAsync(HttpRequestMessage request, CancellationToken cancellationToken)
[2026-08-16 21:32:43Z ERR  BrokerServer] #####################################################
[2026-08-16 21:32:43Z ERR  BrokerServer] System.IO.IOException: Unable to read data from the transport connection: The I/O operation has been aborted because of either a thread exit or an application request..
 ---> System.Net.Sockets.SocketException (995): The I/O operation has been aborted because of either a thread exit or an application request.
   --- End of inner exception stack trace ---
   at System.Net.Sockets.Socket.AwaitableSocketAsyncEventArgs.ThrowException(SocketError error, CancellationToken cancellationToken)
   at System.Net.Sockets.Socket.AwaitableSocketAsyncEventArgs.System.Threading.Tasks.Sources.IValueTaskSource<System.Int32>.GetResult(Int16 token)
   at System.Net.Security.SslStream.EnsureFullTlsFrameAsync[TIOAdapter](CancellationToken cancellationToken, Int32 estimatedSize)
   at System.Runtime.CompilerServices.PoolingAsyncValueTaskMethodBuilder`1.StateMachineBox`1.System.Threading.Tasks.Sources.IValueTaskSource<TResult>.GetResult(Int16 token)
   at System.Net.Security.SslStream.ReadAsyncInternal[TIOAdapter](Memory`1 buffer, CancellationToken cancellationToken)
   at System.Runtime.CompilerServices.PoolingAsyncValueTaskMethodBuilder`1.StateMachineBox`1.System.Threading.Tasks.Sources.IValueTaskSource<TResult>.GetResult(Int16 token)
   at System.Net.Http.HttpConnection.InitialFillAsync(Boolean async)
   at System.Net.Http.HttpConnection.SendAsync(HttpRequestMessage request, Boolean async, CancellationToken cancellationToken)
[2026-08-16 21:32:43Z ERR  BrokerServer] #####################################################
[2026-08-16 21:32:43Z ERR  BrokerServer] System.Net.Sockets.SocketException (995): The I/O operation has been aborted because of either a thread exit or an application request.
[2026-08-16 21:32:43Z WARN BrokerServer] Back off 5.253 seconds before next retry. 4 attempt left.
[2026-08-16 21:32:48Z WARN GitHubActionsService] Attempt 1 of GET request to https://broker.actions.githubusercontent.com/message?sessionId=cfc40dcc-4a56-4fa4-8bc2-767410e8c931&status=Online&runnerVersion=2.336.0&os=Windows&architecture=X64&disableUpdate=false failed (Socket Error: HostNotFound). The operation will be retried in 10.886 seconds.
[2026-08-16 21:32:59Z WARN GitHubActionsService] Attempt 2 of GET request to https://broker.actions.githubusercontent.com/message?sessionId=cfc40dcc-4a56-4fa4-8bc2-767410e8c931&status=Online&runnerVersion=2.336.0&os=Windows&architecture=X64&disableUpdate=false failed (Socket Error: HostNotFound). The operation will be retried in 12.46 seconds.
[2026-08-16 21:33:11Z WARN GitHubActionsService] Attempt 3 of GET request to https://broker.actions.githubusercontent.com/message?sessionId=cfc40dcc-4a56-4fa4-8bc2-767410e8c931&status=Online&runnerVersion=2.336.0&os=Windows&architecture=X64&disableUpdate=false failed (Socket Error: HostNotFound). The operation will be retried in 15.915 seconds.
[2026-08-16 21:33:27Z ERR  GitHubActionsService] Attempt 4 of GET request to https://broker.actions.githubusercontent.com/message?sessionId=cfc40dcc-4a56-4fa4-8bc2-767410e8c931&status=Online&runnerVersion=2.336.0&os=Windows&architecture=X64&disableUpdate=false failed (Socket Error: HostNotFound). The maximum number of attempts has been reached.
[2026-08-16 21:33:27Z ERR  BrokerServer] Catch exception during request
[2026-08-16 21:33:27Z ERR  BrokerServer] System.Net.Http.HttpRequestException: No such host is known. (broker.actions.githubusercontent.com:443)
 ---> System.Net.Sockets.SocketException (11001): No such host is known.
   at System.Net.Sockets.Socket.AwaitableSocketAsyncEventArgs.ThrowException(SocketError error, CancellationToken cancellationToken)
   at System.Net.Sockets.Socket.AwaitableSocketAsyncEventArgs.System.Threading.Tasks.Sources.IValueTaskSource.GetResult(Int16 token)
   at System.Net.Sockets.Socket.<ConnectAsync>g__WaitForConnectWithCancellation|285_0(AwaitableSocketAsyncEventArgs saea, ValueTask connectTask, CancellationToken cancellationToken)
   at System.Net.Http.HttpConnectionPool.ConnectToTcpHostAsync(String host, Int32 port, HttpRequestMessage initialRequest, Boolean async, CancellationToken cancellationToken)
   --- End of inner exception stack trace ---
   at GitHub.Services.Common.VssHttpRetryMessageHandler.SendAsync(HttpRequestMessage request, CancellationToken cancellationToken)
   at System.Net.Http.HttpClient.<SendAsync>g__Core|83_0(HttpRequestMessage request, HttpCompletionOption completionOption, CancellationTokenSource cts, Boolean disposeCts, CancellationTokenSource pendingRequestsCts, CancellationToken originalCancellationToken)
   at Sdk.WebApi.WebApi.RawHttpClientBase.SendAsync(HttpRequestMessage message, HttpCompletionOption completionOption, Object userState, CancellationToken cancellationToken)
   at Sdk.WebApi.WebApi.RawHttpClientBase.SendAsync[T](HttpRequestMessage message, Boolean readErrorBody, Object userState, CancellationToken cancellationToken)
   at Sdk.WebApi.WebApi.RawHttpClientBase.SendAsync[T](HttpMethod method, IEnumerable`1 additionalHeaders, Uri requestUri, HttpContent content, IEnumerable`1 queryParameters, Boolean readErrorBody, Object userState, CancellationToken cancellationToken)
   at GitHub.Actions.RunService.WebApi.BrokerHttpClient.GetRunnerMessageAsync(Nullable`1 sessionId, String runnerVersion, Nullable`1 status, String os, String architecture, Nullable`1 disableUpdate, CancellationToken cancellationToken)
   at GitHub.Runner.Common.BrokerServer.<>c__DisplayClass7_0.<<GetRunnerMessageAsync>b__0>d.MoveNext()
--- End of stack trace from previous location ---
   at GitHub.Runner.Common.RunnerService.RetryRequest[T](Func`1 func, CancellationToken cancellationToken, Int32 maxAttempts, Func`2 shouldRetry)
[2026-08-16 21:33:27Z ERR  BrokerServer] #####################################################
[2026-08-16 21:33:27Z ERR  BrokerServer] System.Net.Sockets.SocketException (11001): No such host is known.
   at System.Net.Sockets.Socket.AwaitableSocketAsyncEventArgs.ThrowException(SocketError error, CancellationToken cancellationToken)
   at System.Net.Sockets.Socket.AwaitableSocketAsyncEventArgs.System.Threading.Tasks.Sources.IValueTaskSource.GetResult(Int16 token)
   at System.Net.Sockets.Socket.<ConnectAsync>g__WaitForConnectWithCancellation|285_0(AwaitableSocketAsyncEventArgs saea, ValueTask connectTask, CancellationToken cancellationToken)
   at System.Net.Http.HttpConnectionPool.ConnectToTcpHostAsync(String host, Int32 port, HttpRequestMessage initialRequest, Boolean async, CancellationToken cancellationToken)
[2026-08-16 21:33:27Z WARN BrokerServer] Back off 6.601 seconds before next retry. 3 attempt left.
[2026-08-16 21:33:34Z WARN GitHubActionsService] Attempt 1 of GET request to https://broker.actions.githubusercontent.com/message?sessionId=cfc40dcc-4a56-4fa4-8bc2-767410e8c931&status=Online&runnerVersion=2.336.0&os=Windows&architecture=X64&disableUpdate=false failed (Socket Error: HostNotFound). The operation will be retried in 11.119 seconds.
[2026-08-16 21:33:45Z WARN GitHubActionsService] Attempt 2 of GET request to https://broker.actions.githubusercontent.com/message?sessionId=cfc40dcc-4a56-4fa4-8bc2-767410e8c931&status=Online&runnerVersion=2.336.0&os=Windows&architecture=X64&disableUpdate=false failed (Socket Error: HostNotFound). The operation will be retried in 12.622 seconds.
[2026-08-16 21:33:58Z WARN GitHubActionsService] Attempt 3 of GET request to https://broker.actions.githubusercontent.com/message?sessionId=cfc40dcc-4a56-4fa4-8bc2-767410e8c931&status=Online&runnerVersion=2.336.0&os=Windows&architecture=X64&disableUpdate=false failed (Socket Error: HostNotFound). The operation will be retried in 16.853 seconds.
[2026-08-16 21:34:14Z ERR  GitHubActionsService] Attempt 4 of GET request to https://broker.actions.githubusercontent.com/message?sessionId=cfc40dcc-4a56-4fa4-8bc2-767410e8c931&status=Online&runnerVersion=2.336.0&os=Windows&architecture=X64&disableUpdate=false failed (Socket Error: HostNotFound). The maximum number of attempts has been reached.
[2026-08-16 21:34:14Z ERR  BrokerServer] Catch exception during request
[2026-08-16 21:34:14Z ERR  BrokerServer] System.Net.Http.HttpRequestException: No such host is known. (broker.actions.githubusercontent.com:443)
 ---> System.Net.Sockets.SocketException (11001): No such host is known.
   at System.Net.Sockets.Socket.AwaitableSocketAsyncEventArgs.ThrowException(SocketError error, CancellationToken cancellationToken)
   at System.Net.Sockets.Socket.AwaitableSocketAsyncEventArgs.System.Threading.Tasks.Sources.IValueTaskSource.GetResult(Int16 token)
   at System.Net.Sockets.Socket.<ConnectAsync>g__WaitForConnectWithCancellation|285_0(AwaitableSocketAsyncEventArgs saea, ValueTask connectTask, CancellationToken cancellationToken)
   at System.Net.Http.HttpConnectionPool.ConnectToTcpHostAsync(String host, Int32 port, HttpRequestMessage initialRequest, Boolean async, CancellationToken cancellationToken)
   --- End of inner exception stack trace ---
   at GitHub.Services.Common.VssHttpRetryMessageHandler.SendAsync(HttpRequestMessage request, CancellationToken cancellationToken)
   at System.Net.Http.HttpClient.<SendAsync>g__Core|83_0(HttpRequestMessage request, HttpCompletionOption completionOption, CancellationTokenSource cts, Boolean disposeCts, CancellationTokenSource pendingRequestsCts, CancellationToken originalCancellationToken)
   at Sdk.WebApi.WebApi.RawHttpClientBase.SendAsync(HttpRequestMessage message, HttpCompletionOption completionOption, Object userState, CancellationToken cancellationToken)
   at Sdk.WebApi.WebApi.RawHttpClientBase.SendAsync[T](HttpRequestMessage message, Boolean readErrorBody, Object userState, CancellationToken cancellationToken)
   at Sdk.WebApi.WebApi.RawHttpClientBase.SendAsync[T](HttpMethod method, IEnumerable`1 additionalHeaders, Uri requestUri, HttpContent content, IEnumerable`1 queryParameters, Boolean readErrorBody, Object userState, CancellationToken cancellationToken)
   at GitHub.Actions.RunService.WebApi.BrokerHttpClient.GetRunnerMessageAsync(Nullable`1 sessionId, String runnerVersion, Nullable`1 status, String os, String architecture, Nullable`1 disableUpdate, CancellationToken cancellationToken)
   at GitHub.Runner.Common.BrokerServer.<>c__DisplayClass7_0.<<GetRunnerMessageAsync>b__0>d.MoveNext()
--- End of stack trace from previous location ---
   at GitHub.Runner.Common.RunnerService.RetryRequest[T](Func`1 func, CancellationToken cancellationToken, Int32 maxAttempts, Func`2 shouldRetry)
[2026-08-16 21:34:14Z ERR  BrokerServer] #####################################################
[2026-08-16 21:34:14Z ERR  BrokerServer] System.Net.Sockets.SocketException (11001): No such host is known.
   at System.Net.Sockets.Socket.AwaitableSocketAsyncEventArgs.ThrowException(SocketError error, CancellationToken cancellationToken)
   at System.Net.Sockets.Socket.AwaitableSocketAsyncEventArgs.System.Threading.Tasks.Sources.IValueTaskSource.GetResult(Int16 token)
   at System.Net.Sockets.Socket.<ConnectAsync>g__WaitForConnectWithCancellation|285_0(AwaitableSocketAsyncEventArgs saea, ValueTask connectTask, CancellationToken cancellationToken)
   at System.Net.Http.HttpConnectionPool.ConnectToTcpHostAsync(String host, Int32 port, HttpRequestMessage initialRequest, Boolean async, CancellationToken cancellationToken)
[2026-08-16 21:34:14Z WARN BrokerServer] Back off 11.074 seconds before next retry. 2 attempt left.
[2026-08-16 21:34:26Z WARN GitHubActionsService] Attempt 1 of GET request to https://broker.actions.githubusercontent.com/message?sessionId=cfc40dcc-4a56-4fa4-8bc2-767410e8c931&status=Online&runnerVersion=2.336.0&os=Windows&architecture=X64&disableUpdate=false failed (Socket Error: HostNotFound). The operation will be retried in 11.095 seconds.
[2026-08-16 21:34:37Z WARN GitHubActionsService] Attempt 2 of GET request to https://broker.actions.githubusercontent.com/message?sessionId=cfc40dcc-4a56-4fa4-8bc2-767410e8c931&status=Online&runnerVersion=2.336.0&os=Windows&architecture=X64&disableUpdate=false failed (Socket Error: HostNotFound). The operation will be retried in 13.273 seconds.
[2026-08-16 21:34:50Z WARN GitHubActionsService] Attempt 3 of GET request to https://broker.actions.githubusercontent.com/message?sessionId=cfc40dcc-4a56-4fa4-8bc2-767410e8c931&status=Online&runnerVersion=2.336.0&os=Windows&architecture=X64&disableUpdate=false failed (Socket Error: HostNotFound). The operation will be retried in 16.454 seconds.
[2026-08-16 21:35:06Z ERR  GitHubActionsService] Attempt 4 of GET request to https://broker.actions.githubusercontent.com/message?sessionId=cfc40dcc-4a56-4fa4-8bc2-767410e8c931&status=Online&runnerVersion=2.336.0&os=Windows&architecture=X64&disableUpdate=false failed (Socket Error: HostNotFound). The maximum number of attempts has been reached.
[2026-08-16 21:35:06Z ERR  BrokerServer] Catch exception during request
[2026-08-16 21:35:06Z ERR  BrokerServer] System.Net.Http.HttpRequestException: No such host is known. (broker.actions.githubusercontent.com:443)
 ---> System.Net.Sockets.SocketException (11001): No such host is known.
   at System.Net.Sockets.Socket.AwaitableSocketAsyncEventArgs.ThrowException(SocketError error, CancellationToken cancellationToken)
   at System.Net.Sockets.Socket.AwaitableSocketAsyncEventArgs.System.Threading.Tasks.Sources.IValueTaskSource.GetResult(Int16 token)
   at System.Net.Sockets.Socket.<ConnectAsync>g__WaitForConnectWithCancellation|285_0(AwaitableSocketAsyncEventArgs saea, ValueTask connectTask, CancellationToken cancellationToken)
   at System.Net.Http.HttpConnectionPool.ConnectToTcpHostAsync(String host, Int32 port, HttpRequestMessage initialRequest, Boolean async, CancellationToken cancellationToken)
   --- End of inner exception stack trace ---
   at GitHub.Services.Common.VssHttpRetryMessageHandler.SendAsync(HttpRequestMessage request, CancellationToken cancellationToken)
   at System.Net.Http.HttpClient.<SendAsync>g__Core|83_0(HttpRequestMessage request, HttpCompletionOption completionOption, CancellationTokenSource cts, Boolean disposeCts, CancellationTokenSource pendingRequestsCts, CancellationToken originalCancellationToken)
   at Sdk.WebApi.WebApi.RawHttpClientBase.SendAsync(HttpRequestMessage message, HttpCompletionOption completionOption, Object userState, CancellationToken cancellationToken)
   at Sdk.WebApi.WebApi.RawHttpClientBase.SendAsync[T](HttpRequestMessage message, Boolean readErrorBody, Object userState, CancellationToken cancellationToken)
   at Sdk.WebApi.WebApi.RawHttpClientBase.SendAsync[T](HttpMethod method, IEnumerable`1 additionalHeaders, Uri requestUri, HttpContent content, IEnumerable`1 queryParameters, Boolean readErrorBody, Object userState, CancellationToken cancellationToken)
   at GitHub.Actions.RunService.WebApi.BrokerHttpClient.GetRunnerMessageAsync(Nullable`1 sessionId, String runnerVersion, Nullable`1 status, String os, String architecture, Nullable`1 disableUpdate, CancellationToken cancellationToken)
   at GitHub.Runner.Common.BrokerServer.<>c__DisplayClass7_0.<<GetRunnerMessageAsync>b__0>d.MoveNext()
--- End of stack trace from previous location ---
   at GitHub.Runner.Common.RunnerService.RetryRequest[T](Func`1 func, CancellationToken cancellationToken, Int32 maxAttempts, Func`2 shouldRetry)
[2026-08-16 21:35:06Z ERR  BrokerServer] #####################################################
[2026-08-16 21:35:06Z ERR  BrokerServer] System.Net.Sockets.SocketException (11001): No such host is known.
   at System.Net.Sockets.Socket.AwaitableSocketAsyncEventArgs.ThrowException(SocketError error, CancellationToken cancellationToken)
   at System.Net.Sockets.Socket.AwaitableSocketAsyncEventArgs.System.Threading.Tasks.Sources.IValueTaskSource.GetResult(Int16 token)
   at System.Net.Sockets.Socket.<ConnectAsync>g__WaitForConnectWithCancellation|285_0(AwaitableSocketAsyncEventArgs saea, ValueTask connectTask, CancellationToken cancellationToken)
   at System.Net.Http.HttpConnectionPool.ConnectToTcpHostAsync(String host, Int32 port, HttpRequestMessage initialRequest, Boolean async, CancellationToken cancellationToken)
[2026-08-16 21:35:06Z WARN BrokerServer] Back off 11.857 seconds before next retry. 1 attempt left.
[2026-08-16 21:35:18Z WARN GitHubActionsService] Attempt 1 of GET request to https://broker.actions.githubusercontent.com/message?sessionId=cfc40dcc-4a56-4fa4-8bc2-767410e8c931&status=Online&runnerVersion=2.336.0&os=Windows&architecture=X64&disableUpdate=false failed (Socket Error: HostNotFound). The operation will be retried in 10.855 seconds.
[2026-08-16 21:35:29Z WARN GitHubActionsService] Attempt 2 of GET request to https://broker.actions.githubusercontent.com/message?sessionId=cfc40dcc-4a56-4fa4-8bc2-767410e8c931&status=Online&runnerVersion=2.336.0&os=Windows&architecture=X64&disableUpdate=false failed (Socket Error: HostNotFound). The operation will be retried in 13.408 seconds.
[2026-08-16 21:35:43Z WARN GitHubActionsService] Attempt 3 of GET request to https://broker.actions.githubusercontent.com/message?sessionId=cfc40dcc-4a56-4fa4-8bc2-767410e8c931&status=Online&runnerVersion=2.336.0&os=Windows&architecture=X64&disableUpdate=false failed (Socket Error: HostNotFound). The operation will be retried in 16.314 seconds.
[2026-08-16 21:35:59Z ERR  GitHubActionsService] Attempt 4 of GET request to https://broker.actions.githubusercontent.com/message?sessionId=cfc40dcc-4a56-4fa4-8bc2-767410e8c931&status=Online&runnerVersion=2.336.0&os=Windows&architecture=X64&disableUpdate=false failed (Socket Error: HostNotFound). The maximum number of attempts has been reached.
[2026-08-16 21:35:59Z ERR  BrokerMessageListener] Catch exception during get next message.
[2026-08-16 21:35:59Z ERR  BrokerMessageListener] System.Net.Http.HttpRequestException: No such host is known. (broker.actions.githubusercontent.com:443)
 ---> System.Net.Sockets.SocketException (11001): No such host is known.
   at System.Net.Sockets.Socket.AwaitableSocketAsyncEventArgs.ThrowException(SocketError error, CancellationToken cancellationToken)
   at System.Net.Sockets.Socket.AwaitableSocketAsyncEventArgs.System.Threading.Tasks.Sources.IValueTaskSource.GetResult(Int16 token)
   at System.Net.Sockets.Socket.<ConnectAsync>g__WaitForConnectWithCancellation|285_0(AwaitableSocketAsyncEventArgs saea, ValueTask connectTask, CancellationToken cancellationToken)
   at System.Net.Http.HttpConnectionPool.ConnectToTcpHostAsync(String host, Int32 port, HttpRequestMessage initialRequest, Boolean async, CancellationToken cancellationToken)
   --- End of inner exception stack trace ---
   at GitHub.Services.Common.VssHttpRetryMessageHandler.SendAsync(HttpRequestMessage request, CancellationToken cancellationToken)
   at System.Net.Http.HttpClient.<SendAsync>g__Core|83_0(HttpRequestMessage request, HttpCompletionOption completionOption, CancellationTokenSource cts, Boolean disposeCts, CancellationTokenSource pendingRequestsCts, CancellationToken originalCancellationToken)
   at Sdk.WebApi.WebApi.RawHttpClientBase.SendAsync(HttpRequestMessage message, HttpCompletionOption completionOption, Object userState, CancellationToken cancellationToken)
   at Sdk.WebApi.WebApi.RawHttpClientBase.SendAsync[T](HttpRequestMessage message, Boolean readErrorBody, Object userState, CancellationToken cancellationToken)
   at Sdk.WebApi.WebApi.RawHttpClientBase.SendAsync[T](HttpMethod method, IEnumerable`1 additionalHeaders, Uri requestUri, HttpContent content, IEnumerable`1 queryParameters, Boolean readErrorBody, Object userState, CancellationToken cancellationToken)
   at GitHub.Actions.RunService.WebApi.BrokerHttpClient.GetRunnerMessageAsync(Nullable`1 sessionId, String runnerVersion, Nullable`1 status, String os, String architecture, Nullable`1 disableUpdate, CancellationToken cancellationToken)
   at GitHub.Runner.Common.BrokerServer.<>c__DisplayClass7_0.<<GetRunnerMessageAsync>b__0>d.MoveNext()
--- End of stack trace from previous location ---
   at GitHub.Runner.Common.RunnerService.RetryRequest[T](Func`1 func, CancellationToken cancellationToken, Int32 maxAttempts, Func`2 shouldRetry)
   at GitHub.Runner.Listener.BrokerMessageListener.GetNextMessageAsync(CancellationToken token)
[2026-08-16 21:35:59Z ERR  BrokerMessageListener] #####################################################
[2026-08-16 21:35:59Z ERR  BrokerMessageListener] System.Net.Sockets.SocketException (11001): No such host is known.
   at System.Net.Sockets.Socket.AwaitableSocketAsyncEventArgs.ThrowException(SocketError error, CancellationToken cancellationToken)
   at System.Net.Sockets.Socket.AwaitableSocketAsyncEventArgs.System.Threading.Tasks.Sources.IValueTaskSource.GetResult(Int16 token)
   at System.Net.Sockets.Socket.<ConnectAsync>g__WaitForConnectWithCancellation|285_0(AwaitableSocketAsyncEventArgs saea, ValueTask connectTask, CancellationToken cancellationToken)
   at System.Net.Http.HttpConnectionPool.ConnectToTcpHostAsync(String host, Int32 port, HttpRequestMessage initialRequest, Boolean async, CancellationToken cancellationToken)
[2026-08-16 21:35:59Z INFO BrokerMessageListener] Retriable exception: No such host is known. (broker.actions.githubusercontent.com:443)
[2026-08-16 21:35:59Z ERR  Terminal] WRITE ERROR: 2026-08-16 21:35:59Z: Runner connect error: No such host is known. (broker.actions.githubusercontent.com:443). Retrying until reconnected.
[2026-08-16 21:35:59Z INFO BrokerMessageListener] Reload credentials.
[2026-08-16 21:35:59Z INFO ConfigurationStore] HasCredentials()
[2026-08-16 21:35:59Z INFO ConfigurationStore] stored True
[2026-08-16 21:35:59Z INFO CredentialManager] GetCredentialProvider
[2026-08-16 21:35:59Z INFO CredentialManager] Creating type OAuth
[2026-08-16 21:35:59Z INFO CredentialManager] Creating credential type: OAuth
[2026-08-16 21:35:59Z INFO RSAEncryptedFileKeyManager] Loading RSA key parameters from file C:\Users\sheet\OneDrive\Desktop\Devops\DEVOPS INSIDER\GIT practice\b18_G79Sheetal\actions-runner\.credentials_rsaparams
[2026-08-16 21:35:59Z INFO BrokerMessageListener] Connection to Broker Server recreated.
[2026-08-16 21:35:59Z INFO BrokerMessageListener] Sleeping for 25.893 seconds before retrying.
[2026-08-16 21:36:25Z INFO BrokerMessageListener] No message retrieved within last 30 minutes.
[2026-08-16 21:36:25Z INFO RSAEncryptedFileKeyManager] Loading RSA key parameters from file C:\Users\sheet\OneDrive\Desktop\Devops\DEVOPS INSIDER\GIT practice\b18_G79Sheetal\actions-runner\.credentials_rsaparams
[2026-08-16 21:36:25Z INFO RSAEncryptedFileKeyManager] Loading RSA key parameters from file C:\Users\sheet\OneDrive\Desktop\Devops\DEVOPS INSIDER\GIT practice\b18_G79Sheetal\actions-runner\.credentials_rsaparams
[2026-08-16 21:36:25Z WARN GitHubActionsService] Attempt 1 of POST request to https://tokenghub.actions.githubusercontent.com/_apis/oauth2/token/5e5ea7c5-1e9e-4f1b-832f-821fc36fd13e failed (Socket Error: HostNotFound). The operation will be retried in 11.128 seconds.
[2026-08-16 21:36:36Z WARN GitHubActionsService] Attempt 2 of POST request to https://tokenghub.actions.githubusercontent.com/_apis/oauth2/token/5e5ea7c5-1e9e-4f1b-832f-821fc36fd13e failed (Socket Error: HostNotFound). The operation will be retried in 13.417 seconds.
[2026-08-16 21:36:49Z WARN GitHubActionsService] Attempt 3 of POST request to https://tokenghub.actions.githubusercontent.com/_apis/oauth2/token/5e5ea7c5-1e9e-4f1b-832f-821fc36fd13e failed (Socket Error: HostNotFound). The operation will be retried in 16.195 seconds.
[2026-08-16 21:37:06Z WARN GitHubActionsService] Attempt 4 of POST request to https://tokenghub.actions.githubusercontent.com/_apis/oauth2/token/5e5ea7c5-1e9e-4f1b-832f-821fc36fd13e failed (Socket Error: HostNotFound). The operation will be retried in 25.18 seconds.
[2026-08-16 21:37:31Z WARN GitHubActionsService] Attempt 5 of POST request to https://tokenghub.actions.githubusercontent.com/_apis/oauth2/token/5e5ea7c5-1e9e-4f1b-832f-821fc36fd13e failed (Socket Error: HostNotFound). The operation will be retried in 35.544 seconds.
[2026-08-16 21:38:05Z WARN GitHubActionsService] Retrieving an AAD auth token took a long time (100.0027065 seconds)
[2026-08-16 21:38:05Z WARN GitHubActionsService] GET request to https://broker.actions.githubusercontent.com/message?sessionId=cfc40dcc-4a56-4fa4-8bc2-767410e8c931&status=Online&runnerVersion=2.336.0&os=Windows&architecture=X64&disableUpdate=false timed out after 100 seconds.
[2026-08-16 21:38:05Z ERR  BrokerServer] Catch exception during request
[2026-08-16 21:38:05Z ERR  BrokerServer] System.TimeoutException: The HTTP request timed out after 00:01:40.
 ---> System.Threading.Tasks.TaskCanceledException: A task was canceled.
 ---> System.Threading.Tasks.TaskCanceledException: A task was canceled.
   at GitHub.Services.Common.VssHttpRetryMessageHandler.SendAsync(HttpRequestMessage request, CancellationToken cancellationToken)
   at System.Net.Http.HttpClient.<SendAsync>g__Core|83_0(HttpRequestMessage request, HttpCompletionOption completionOption, CancellationTokenSource cts, Boolean disposeCts, CancellationTokenSource pendingRequestsCts, CancellationToken originalCancellationToken)
   --- End of inner exception stack trace ---
   at System.Net.Http.HttpClient.HandleFailure(Exception e, Boolean telemetryStarted, HttpResponseMessage response, CancellationTokenSource cts, CancellationToken cancellationToken, CancellationTokenSource pendingRequestsCts)
   at System.Net.Http.HttpClient.<SendAsync>g__Core|83_0(HttpRequestMessage request, HttpCompletionOption completionOption, CancellationTokenSource cts, Boolean disposeCts, CancellationTokenSource pendingRequestsCts, CancellationToken originalCancellationToken)
   at GitHub.Services.OAuth.VssOAuthTokenHttpClient.GetTokenAsync(VssOAuthGrant grant, VssOAuthClientCredential credential, VssOAuthTokenParameters tokenParameters, CancellationToken cancellationToken)
   at GitHub.Services.OAuth.VssOAuthTokenProvider.OnGetTokenAsync(IssuedToken failedToken, CancellationToken cancellationToken)
   at GitHub.Services.Common.IssuedTokenProvider.GetTokenOperation.GetTokenAsync(VssTraceActivity traceActivity)
   at GitHub.Services.Common.IssuedTokenProvider.GetTokenAsync(IssuedToken failedToken, CancellationToken cancellationToken)
   at GitHub.Services.Common.RawHttpMessageHandler.SendAsync(HttpRequestMessage request, CancellationToken cancellationToken)
   --- End of inner exception stack trace ---
   at GitHub.Services.Common.RawHttpMessageHandler.SendAsync(HttpRequestMessage request, CancellationToken cancellationToken)
   at GitHub.Services.Common.VssHttpRetryMessageHandler.SendAsync(HttpRequestMessage request, CancellationToken cancellationToken)
   at System.Net.Http.HttpClient.<SendAsync>g__Core|83_0(HttpRequestMessage request, HttpCompletionOption completionOption, CancellationTokenSource cts, Boolean disposeCts, CancellationTokenSource pendingRequestsCts, CancellationToken originalCancellationToken)
   at Sdk.WebApi.WebApi.RawHttpClientBase.SendAsync(HttpRequestMessage message, HttpCompletionOption completionOption, Object userState, CancellationToken cancellationToken)
   at Sdk.WebApi.WebApi.RawHttpClientBase.SendAsync[T](HttpRequestMessage message, Boolean readErrorBody, Object userState, CancellationToken cancellationToken)
   at Sdk.WebApi.WebApi.RawHttpClientBase.SendAsync[T](HttpMethod method, IEnumerable`1 additionalHeaders, Uri requestUri, HttpContent content, IEnumerable`1 queryParameters, Boolean readErrorBody, Object userState, CancellationToken cancellationToken)
   at GitHub.Actions.RunService.WebApi.BrokerHttpClient.GetRunnerMessageAsync(Nullable`1 sessionId, String runnerVersion, Nullable`1 status, String os, String architecture, Nullable`1 disableUpdate, CancellationToken cancellationToken)
   at GitHub.Runner.Common.BrokerServer.<>c__DisplayClass7_0.<<GetRunnerMessageAsync>b__0>d.MoveNext()
--- End of stack trace from previous location ---
   at GitHub.Runner.Common.RunnerService.RetryRequest[T](Func`1 func, CancellationToken cancellationToken, Int32 maxAttempts, Func`2 shouldRetry)
[2026-08-16 21:38:05Z ERR  BrokerServer] #####################################################
[2026-08-16 21:38:05Z ERR  BrokerServer] System.Threading.Tasks.TaskCanceledException: A task was canceled.
 ---> System.Threading.Tasks.TaskCanceledException: A task was canceled.
   at GitHub.Services.Common.VssHttpRetryMessageHandler.SendAsync(HttpRequestMessage request, CancellationToken cancellationToken)
   at System.Net.Http.HttpClient.<SendAsync>g__Core|83_0(HttpRequestMessage request, HttpCompletionOption completionOption, CancellationTokenSource cts, Boolean disposeCts, CancellationTokenSource pendingRequestsCts, CancellationToken originalCancellationToken)
   --- End of inner exception stack trace ---
   at System.Net.Http.HttpClient.HandleFailure(Exception e, Boolean telemetryStarted, HttpResponseMessage response, CancellationTokenSource cts, CancellationToken cancellationToken, CancellationTokenSource pendingRequestsCts)
   at System.Net.Http.HttpClient.<SendAsync>g__Core|83_0(HttpRequestMessage request, HttpCompletionOption completionOption, CancellationTokenSource cts, Boolean disposeCts, CancellationTokenSource pendingRequestsCts, CancellationToken originalCancellationToken)
   at GitHub.Services.OAuth.VssOAuthTokenHttpClient.GetTokenAsync(VssOAuthGrant grant, VssOAuthClientCredential credential, VssOAuthTokenParameters tokenParameters, CancellationToken cancellationToken)
   at GitHub.Services.OAuth.VssOAuthTokenProvider.OnGetTokenAsync(IssuedToken failedToken, CancellationToken cancellationToken)
   at GitHub.Services.Common.IssuedTokenProvider.GetTokenOperation.GetTokenAsync(VssTraceActivity traceActivity)
   at GitHub.Services.Common.IssuedTokenProvider.GetTokenAsync(IssuedToken failedToken, CancellationToken cancellationToken)
   at GitHub.Services.Common.RawHttpMessageHandler.SendAsync(HttpRequestMessage request, CancellationToken cancellationToken)
[2026-08-16 21:38:05Z ERR  BrokerServer] #####################################################
[2026-08-16 21:38:05Z ERR  BrokerServer] System.Threading.Tasks.TaskCanceledException: A task was canceled.
   at GitHub.Services.Common.VssHttpRetryMessageHandler.SendAsync(HttpRequestMessage request, CancellationToken cancellationToken)
   at System.Net.Http.HttpClient.<SendAsync>g__Core|83_0(HttpRequestMessage request, HttpCompletionOption completionOption, CancellationTokenSource cts, Boolean disposeCts, CancellationTokenSource pendingRequestsCts, CancellationToken originalCancellationToken)
[2026-08-16 21:38:05Z WARN BrokerServer] Back off 6.263 seconds before next retry. 4 attempt left.
[2026-08-16 21:38:11Z INFO RSAEncryptedFileKeyManager] Loading RSA key parameters from file C:\Users\sheet\OneDrive\Desktop\Devops\DEVOPS INSIDER\GIT practice\b18_G79Sheetal\actions-runner\.credentials_rsaparams
[2026-08-16 21:38:11Z WARN GitHubActionsService] Attempt 1 of POST request to https://tokenghub.actions.githubusercontent.com/_apis/oauth2/token/5e5ea7c5-1e9e-4f1b-832f-821fc36fd13e failed (Socket Error: HostNotFound). The operation will be retried in 10.846 seconds.
[2026-08-16 21:38:22Z WARN GitHubActionsService] Attempt 2 of POST request to https://tokenghub.actions.githubusercontent.com/_apis/oauth2/token/5e5ea7c5-1e9e-4f1b-832f-821fc36fd13e failed (Socket Error: HostNotFound). The operation will be retried in 12.973 seconds.
[2026-08-16 21:38:35Z WARN GitHubActionsService] Attempt 3 of POST request to https://tokenghub.actions.githubusercontent.com/_apis/oauth2/token/5e5ea7c5-1e9e-4f1b-832f-821fc36fd13e failed (Socket Error: HostNotFound). The operation will be retried in 16.447 seconds.
[2026-08-16 21:38:51Z WARN GitHubActionsService] Attempt 4 of POST request to https://tokenghub.actions.githubusercontent.com/_apis/oauth2/token/5e5ea7c5-1e9e-4f1b-832f-821fc36fd13e failed (Socket Error: HostNotFound). The operation will be retried in 25.12 seconds.
[2026-08-16 21:39:17Z WARN GitHubActionsService] Attempt 5 of POST request to https://tokenghub.actions.githubusercontent.com/_apis/oauth2/token/5e5ea7c5-1e9e-4f1b-832f-821fc36fd13e failed (Socket Error: HostNotFound). The operation will be retried in 46.053 seconds.
[2026-08-16 21:39:51Z WARN GitHubActionsService] Retrieving an AAD auth token took a long time (100.0142016 seconds)
[2026-08-16 21:39:51Z WARN GitHubActionsService] GET request to https://broker.actions.githubusercontent.com/message?sessionId=cfc40dcc-4a56-4fa4-8bc2-767410e8c931&status=Online&runnerVersion=2.336.0&os=Windows&architecture=X64&disableUpdate=false timed out after 100 seconds.
[2026-08-16 21:39:51Z ERR  BrokerServer] Catch exception during request
[2026-08-16 21:39:51Z ERR  BrokerServer] System.TimeoutException: The HTTP request timed out after 00:01:40.
 ---> System.Threading.Tasks.TaskCanceledException: The request was canceled due to the configured HttpClient.Timeout of 100 seconds elapsing.
 ---> System.TimeoutException: A task was canceled.
 ---> System.Threading.Tasks.TaskCanceledException: A task was canceled.
   at GitHub.Services.Common.VssHttpRetryMessageHandler.SendAsync(HttpRequestMessage request, CancellationToken cancellationToken)
   at System.Net.Http.HttpClient.<SendAsync>g__Core|83_0(HttpRequestMessage request, HttpCompletionOption completionOption, CancellationTokenSource cts, Boolean disposeCts, CancellationTokenSource pendingRequestsCts, CancellationToken originalCancellationToken)
   --- End of inner exception stack trace ---
   --- End of inner exception stack trace ---
   at System.Net.Http.HttpClient.HandleFailure(Exception e, Boolean telemetryStarted, HttpResponseMessage response, CancellationTokenSource cts, CancellationToken cancellationToken, CancellationTokenSource pendingRequestsCts)
   at System.Net.Http.HttpClient.<SendAsync>g__Core|83_0(HttpRequestMessage request, HttpCompletionOption completionOption, CancellationTokenSource cts, Boolean disposeCts, CancellationTokenSource pendingRequestsCts, CancellationToken originalCancellationToken)
   at GitHub.Services.OAuth.VssOAuthTokenHttpClient.GetTokenAsync(VssOAuthGrant grant, VssOAuthClientCredential credential, VssOAuthTokenParameters tokenParameters, CancellationToken cancellationToken)
   at GitHub.Services.OAuth.VssOAuthTokenProvider.OnGetTokenAsync(IssuedToken failedToken, CancellationToken cancellationToken)
   at GitHub.Services.Common.IssuedTokenProvider.GetTokenOperation.GetTokenAsync(VssTraceActivity traceActivity)
   at GitHub.Services.Common.IssuedTokenProvider.GetTokenAsync(IssuedToken failedToken, CancellationToken cancellationToken)
   at GitHub.Services.Common.RawHttpMessageHandler.SendAsync(HttpRequestMessage request, CancellationToken cancellationToken)
   --- End of inner exception stack trace ---
   at GitHub.Services.Common.RawHttpMessageHandler.SendAsync(HttpRequestMessage request, CancellationToken cancellationToken)
   at GitHub.Services.Common.VssHttpRetryMessageHandler.SendAsync(HttpRequestMessage request, CancellationToken cancellationToken)
   at System.Net.Http.HttpClient.<SendAsync>g__Core|83_0(HttpRequestMessage request, HttpCompletionOption completionOption, CancellationTokenSource cts, Boolean disposeCts, CancellationTokenSource pendingRequestsCts, CancellationToken originalCancellationToken)
   at Sdk.WebApi.WebApi.RawHttpClientBase.SendAsync(HttpRequestMessage message, HttpCompletionOption completionOption, Object userState, CancellationToken cancellationToken)
   at Sdk.WebApi.WebApi.RawHttpClientBase.SendAsync[T](HttpRequestMessage message, Boolean readErrorBody, Object userState, CancellationToken cancellationToken)
   at Sdk.WebApi.WebApi.RawHttpClientBase.SendAsync[T](HttpMethod method, IEnumerable`1 additionalHeaders, Uri requestUri, HttpContent content, IEnumerable`1 queryParameters, Boolean readErrorBody, Object userState, CancellationToken cancellationToken)
   at GitHub.Actions.RunService.WebApi.BrokerHttpClient.GetRunnerMessageAsync(Nullable`1 sessionId, String runnerVersion, Nullable`1 status, String os, String architecture, Nullable`1 disableUpdate, CancellationToken cancellationToken)
   at GitHub.Runner.Common.BrokerServer.<>c__DisplayClass7_0.<<GetRunnerMessageAsync>b__0>d.MoveNext()
--- End of stack trace from previous location ---
   at GitHub.Runner.Common.RunnerService.RetryRequest[T](Func`1 func, CancellationToken cancellationToken, Int32 maxAttempts, Func`2 shouldRetry)
[2026-08-16 21:39:51Z ERR  BrokerServer] #####################################################
[2026-08-16 21:39:51Z ERR  BrokerServer] System.Threading.Tasks.TaskCanceledException: The request was canceled due to the configured HttpClient.Timeout of 100 seconds elapsing.
 ---> System.TimeoutException: A task was canceled.
 ---> System.Threading.Tasks.TaskCanceledException: A task was canceled.
   at GitHub.Services.Common.VssHttpRetryMessageHandler.SendAsync(HttpRequestMessage request, CancellationToken cancellationToken)
   at System.Net.Http.HttpClient.<SendAsync>g__Core|83_0(HttpRequestMessage request, HttpCompletionOption completionOption, CancellationTokenSource cts, Boolean disposeCts, CancellationTokenSource pendingRequestsCts, CancellationToken originalCancellationToken)
   --- End of inner exception stack trace ---
   --- End of inner exception stack trace ---
   at System.Net.Http.HttpClient.HandleFailure(Exception e, Boolean telemetryStarted, HttpResponseMessage response, CancellationTokenSource cts, CancellationToken cancellationToken, CancellationTokenSource pendingRequestsCts)
   at System.Net.Http.HttpClient.<SendAsync>g__Core|83_0(HttpRequestMessage request, HttpCompletionOption completionOption, CancellationTokenSource cts, Boolean disposeCts, CancellationTokenSource pendingRequestsCts, CancellationToken originalCancellationToken)
   at GitHub.Services.OAuth.VssOAuthTokenHttpClient.GetTokenAsync(VssOAuthGrant grant, VssOAuthClientCredential credential, VssOAuthTokenParameters tokenParameters, CancellationToken cancellationToken)
   at GitHub.Services.OAuth.VssOAuthTokenProvider.OnGetTokenAsync(IssuedToken failedToken, CancellationToken cancellationToken)
   at GitHub.Services.Common.IssuedTokenProvider.GetTokenOperation.GetTokenAsync(VssTraceActivity traceActivity)
   at GitHub.Services.Common.IssuedTokenProvider.GetTokenAsync(IssuedToken failedToken, CancellationToken cancellationToken)
   at GitHub.Services.Common.RawHttpMessageHandler.SendAsync(HttpRequestMessage request, CancellationToken cancellationToken)
[2026-08-16 21:39:51Z ERR  BrokerServer] #####################################################
[2026-08-16 21:39:51Z ERR  BrokerServer] System.TimeoutException: A task was canceled.
 ---> System.Threading.Tasks.TaskCanceledException: A task was canceled.
   at GitHub.Services.Common.VssHttpRetryMessageHandler.SendAsync(HttpRequestMessage request, CancellationToken cancellationToken)
   at System.Net.Http.HttpClient.<SendAsync>g__Core|83_0(HttpRequestMessage request, HttpCompletionOption completionOption, CancellationTokenSource cts, Boolean disposeCts, CancellationTokenSource pendingRequestsCts, CancellationToken originalCancellationToken)
   --- End of inner exception stack trace ---
[2026-08-16 21:39:51Z ERR  BrokerServer] #####################################################
[2026-08-16 21:39:51Z ERR  BrokerServer] System.Threading.Tasks.TaskCanceledException: A task was canceled.
   at GitHub.Services.Common.VssHttpRetryMessageHandler.SendAsync(HttpRequestMessage request, CancellationToken cancellationToken)
   at System.Net.Http.HttpClient.<SendAsync>g__Core|83_0(HttpRequestMessage request, HttpCompletionOption completionOption, CancellationTokenSource cts, Boolean disposeCts, CancellationTokenSource pendingRequestsCts, CancellationToken originalCancellationToken)
[2026-08-16 21:39:51Z WARN BrokerServer] Back off 13.026 seconds before next retry. 3 attempt left.
[2026-08-16 21:40:04Z INFO RSAEncryptedFileKeyManager] Loading RSA key parameters from file C:\Users\sheet\OneDrive\Desktop\Devops\DEVOPS INSIDER\GIT practice\b18_G79Sheetal\actions-runner\.credentials_rsaparams
[2026-08-16 21:40:04Z WARN GitHubActionsService] Attempt 1 of POST request to https://tokenghub.actions.githubusercontent.com/_apis/oauth2/token/5e5ea7c5-1e9e-4f1b-832f-821fc36fd13e failed (Socket Error: HostNotFound). The operation will be retried in 11.071 seconds.
[2026-08-16 21:40:15Z WARN GitHubActionsService] Attempt 2 of POST request to https://tokenghub.actions.githubusercontent.com/_apis/oauth2/token/5e5ea7c5-1e9e-4f1b-832f-821fc36fd13e failed (Socket Error: HostNotFound). The operation will be retried in 12.412 seconds.
[2026-08-16 21:40:28Z WARN GitHubActionsService] Attempt 3 of POST request to https://tokenghub.actions.githubusercontent.com/_apis/oauth2/token/5e5ea7c5-1e9e-4f1b-832f-821fc36fd13e failed (Socket Error: HostNotFound). The operation will be retried in 17.749 seconds.
[2026-08-16 21:40:45Z WARN GitHubActionsService] Attempt 4 of POST request to https://tokenghub.actions.githubusercontent.com/_apis/oauth2/token/5e5ea7c5-1e9e-4f1b-832f-821fc36fd13e failed (Socket Error: HostNotFound). The operation will be retried in 23.155 seconds.
[2026-08-16 21:41:09Z WARN GitHubActionsService] Attempt 5 of POST request to https://tokenghub.actions.githubusercontent.com/_apis/oauth2/token/5e5ea7c5-1e9e-4f1b-832f-821fc36fd13e failed (Socket Error: HostNotFound). The operation will be retried in 39.667 seconds.
[2026-08-16 21:41:44Z WARN GitHubActionsService] Retrieving an AAD auth token took a long time (100.001419 seconds)
[2026-08-16 21:41:44Z WARN GitHubActionsService] GET request to https://broker.actions.githubusercontent.com/message?sessionId=cfc40dcc-4a56-4fa4-8bc2-767410e8c931&status=Online&runnerVersion=2.336.0&os=Windows&architecture=X64&disableUpdate=false timed out after 100 seconds.
[2026-08-16 21:41:44Z ERR  BrokerServer] Catch exception during request
[2026-08-16 21:41:44Z ERR  BrokerServer] System.TimeoutException: The HTTP request timed out after 00:01:40.
 ---> System.Threading.Tasks.TaskCanceledException: A task was canceled.
 ---> System.Threading.Tasks.TaskCanceledException: A task was canceled.
   at GitHub.Services.Common.VssHttpRetryMessageHandler.SendAsync(HttpRequestMessage request, CancellationToken cancellationToken)
   at System.Net.Http.HttpClient.<SendAsync>g__Core|83_0(HttpRequestMessage request, HttpCompletionOption completionOption, CancellationTokenSource cts, Boolean disposeCts, CancellationTokenSource pendingRequestsCts, CancellationToken originalCancellationToken)
   --- End of inner exception stack trace ---
   at System.Net.Http.HttpClient.HandleFailure(Exception e, Boolean telemetryStarted, HttpResponseMessage response, CancellationTokenSource cts, CancellationToken cancellationToken, CancellationTokenSource pendingRequestsCts)
   at System.Net.Http.HttpClient.<SendAsync>g__Core|83_0(HttpRequestMessage request, HttpCompletionOption completionOption, CancellationTokenSource cts, Boolean disposeCts, CancellationTokenSource pendingRequestsCts, CancellationToken originalCancellationToken)
   at GitHub.Services.OAuth.VssOAuthTokenHttpClient.GetTokenAsync(VssOAuthGrant grant, VssOAuthClientCredential credential, VssOAuthTokenParameters tokenParameters, CancellationToken cancellationToken)
   at GitHub.Services.OAuth.VssOAuthTokenProvider.OnGetTokenAsync(IssuedToken failedToken, CancellationToken cancellationToken)
   at GitHub.Services.Common.IssuedTokenProvider.GetTokenOperation.GetTokenAsync(VssTraceActivity traceActivity)
   at GitHub.Services.Common.IssuedTokenProvider.GetTokenAsync(IssuedToken failedToken, CancellationToken cancellationToken)
   at GitHub.Services.Common.RawHttpMessageHandler.SendAsync(HttpRequestMessage request, CancellationToken cancellationToken)
   --- End of inner exception stack trace ---
   at GitHub.Services.Common.RawHttpMessageHandler.SendAsync(HttpRequestMessage request, CancellationToken cancellationToken)
   at GitHub.Services.Common.VssHttpRetryMessageHandler.SendAsync(HttpRequestMessage request, CancellationToken cancellationToken)
   at System.Net.Http.HttpClient.<SendAsync>g__Core|83_0(HttpRequestMessage request, HttpCompletionOption completionOption, CancellationTokenSource cts, Boolean disposeCts, CancellationTokenSource pendingRequestsCts, CancellationToken originalCancellationToken)
   at Sdk.WebApi.WebApi.RawHttpClientBase.SendAsync(HttpRequestMessage message, HttpCompletionOption completionOption, Object userState, CancellationToken cancellationToken)
   at Sdk.WebApi.WebApi.RawHttpClientBase.SendAsync[T](HttpRequestMessage message, Boolean readErrorBody, Object userState, CancellationToken cancellationToken)
   at Sdk.WebApi.WebApi.RawHttpClientBase.SendAsync[T](HttpMethod method, IEnumerable`1 additionalHeaders, Uri requestUri, HttpContent content, IEnumerable`1 queryParameters, Boolean readErrorBody, Object userState, CancellationToken cancellationToken)
   at GitHub.Actions.RunService.WebApi.BrokerHttpClient.GetRunnerMessageAsync(Nullable`1 sessionId, String runnerVersion, Nullable`1 status, String os, String architecture, Nullable`1 disableUpdate, CancellationToken cancellationToken)
   at GitHub.Runner.Common.BrokerServer.<>c__DisplayClass7_0.<<GetRunnerMessageAsync>b__0>d.MoveNext()
--- End of stack trace from previous location ---
   at GitHub.Runner.Common.RunnerService.RetryRequest[T](Func`1 func, CancellationToken cancellationToken, Int32 maxAttempts, Func`2 shouldRetry)
[2026-08-16 21:41:44Z ERR  BrokerServer] #####################################################
[2026-08-16 21:41:44Z ERR  BrokerServer] System.Threading.Tasks.TaskCanceledException: A task was canceled.
 ---> System.Threading.Tasks.TaskCanceledException: A task was canceled.
   at GitHub.Services.Common.VssHttpRetryMessageHandler.SendAsync(HttpRequestMessage request, CancellationToken cancellationToken)
   at System.Net.Http.HttpClient.<SendAsync>g__Core|83_0(HttpRequestMessage request, HttpCompletionOption completionOption, CancellationTokenSource cts, Boolean disposeCts, CancellationTokenSource pendingRequestsCts, CancellationToken originalCancellationToken)
   --- End of inner exception stack trace ---
   at System.Net.Http.HttpClient.HandleFailure(Exception e, Boolean telemetryStarted, HttpResponseMessage response, CancellationTokenSource cts, CancellationToken cancellationToken, CancellationTokenSource pendingRequestsCts)
   at System.Net.Http.HttpClient.<SendAsync>g__Core|83_0(HttpRequestMessage request, HttpCompletionOption completionOption, CancellationTokenSource cts, Boolean disposeCts, CancellationTokenSource pendingRequestsCts, CancellationToken originalCancellationToken)
   at GitHub.Services.OAuth.VssOAuthTokenHttpClient.GetTokenAsync(VssOAuthGrant grant, VssOAuthClientCredential credential, VssOAuthTokenParameters tokenParameters, CancellationToken cancellationToken)
   at GitHub.Services.OAuth.VssOAuthTokenProvider.OnGetTokenAsync(IssuedToken failedToken, CancellationToken cancellationToken)
   at GitHub.Services.Common.IssuedTokenProvider.GetTokenOperation.GetTokenAsync(VssTraceActivity traceActivity)
   at GitHub.Services.Common.IssuedTokenProvider.GetTokenAsync(IssuedToken failedToken, CancellationToken cancellationToken)
   at GitHub.Services.Common.RawHttpMessageHandler.SendAsync(HttpRequestMessage request, CancellationToken cancellationToken)
[2026-08-16 21:41:44Z ERR  BrokerServer] #####################################################
[2026-08-16 21:41:44Z ERR  BrokerServer] System.Threading.Tasks.TaskCanceledException: A task was canceled.
   at GitHub.Services.Common.VssHttpRetryMessageHandler.SendAsync(HttpRequestMessage request, CancellationToken cancellationToken)
   at System.Net.Http.HttpClient.<SendAsync>g__Core|83_0(HttpRequestMessage request, HttpCompletionOption completionOption, CancellationTokenSource cts, Boolean disposeCts, CancellationTokenSource pendingRequestsCts, CancellationToken originalCancellationToken)
[2026-08-16 21:41:44Z WARN BrokerServer] Back off 9.274 seconds before next retry. 2 attempt left.
[2026-08-16 21:41:53Z INFO RSAEncryptedFileKeyManager] Loading RSA key parameters from file C:\Users\sheet\OneDrive\Desktop\Devops\DEVOPS INSIDER\GIT practice\b18_G79Sheetal\actions-runner\.credentials_rsaparams
[2026-08-16 21:41:53Z WARN GitHubActionsService] Attempt 1 of POST request to https://tokenghub.actions.githubusercontent.com/_apis/oauth2/token/5e5ea7c5-1e9e-4f1b-832f-821fc36fd13e failed (Socket Error: HostNotFound). The operation will be retried in 11.132 seconds.
[2026-08-16 21:42:05Z WARN GitHubActionsService] Attempt 2 of POST request to https://tokenghub.actions.githubusercontent.com/_apis/oauth2/token/5e5ea7c5-1e9e-4f1b-832f-821fc36fd13e failed (Socket Error: HostNotFound). The operation will be retried in 13.306 seconds.
[2026-08-16 21:42:18Z WARN GitHubActionsService] Attempt 3 of POST request to https://tokenghub.actions.githubusercontent.com/_apis/oauth2/token/5e5ea7c5-1e9e-4f1b-832f-821fc36fd13e failed (Socket Error: HostNotFound). The operation will be retried in 16.013 seconds.
[2026-08-16 21:42:34Z WARN GitHubActionsService] Attempt 4 of POST request to https://tokenghub.actions.githubusercontent.com/_apis/oauth2/token/5e5ea7c5-1e9e-4f1b-832f-821fc36fd13e failed (Socket Error: HostNotFound). The operation will be retried in 25.45 seconds.
[2026-08-16 21:42:59Z WARN GitHubActionsService] Attempt 5 of POST request to https://tokenghub.actions.githubusercontent.com/_apis/oauth2/token/5e5ea7c5-1e9e-4f1b-832f-821fc36fd13e failed (Socket Error: HostNotFound). The operation will be retried in 46.456 seconds.
[2026-08-16 21:43:33Z WARN GitHubActionsService] Retrieving an AAD auth token took a long time (100.0015856 seconds)
[2026-08-16 21:43:33Z WARN GitHubActionsService] GET request to https://broker.actions.githubusercontent.com/message?sessionId=cfc40dcc-4a56-4fa4-8bc2-767410e8c931&status=Online&runnerVersion=2.336.0&os=Windows&architecture=X64&disableUpdate=false timed out after 100 seconds.
[2026-08-16 21:43:33Z ERR  BrokerServer] Catch exception during request
[2026-08-16 21:43:33Z ERR  BrokerServer] System.TimeoutException: The HTTP request timed out after 00:01:40.
 ---> System.Threading.Tasks.TaskCanceledException: A task was canceled.
 ---> System.Threading.Tasks.TaskCanceledException: A task was canceled.
   at GitHub.Services.Common.VssHttpRetryMessageHandler.SendAsync(HttpRequestMessage request, CancellationToken cancellationToken)
   at System.Net.Http.HttpClient.<SendAsync>g__Core|83_0(HttpRequestMessage request, HttpCompletionOption completionOption, CancellationTokenSource cts, Boolean disposeCts, CancellationTokenSource pendingRequestsCts, CancellationToken originalCancellationToken)
   --- End of inner exception stack trace ---
   at System.Net.Http.HttpClient.HandleFailure(Exception e, Boolean telemetryStarted, HttpResponseMessage response, CancellationTokenSource cts, CancellationToken cancellationToken, CancellationTokenSource pendingRequestsCts)
   at System.Net.Http.HttpClient.<SendAsync>g__Core|83_0(HttpRequestMessage request, HttpCompletionOption completionOption, CancellationTokenSource cts, Boolean disposeCts, CancellationTokenSource pendingRequestsCts, CancellationToken originalCancellationToken)
   at GitHub.Services.OAuth.VssOAuthTokenHttpClient.GetTokenAsync(VssOAuthGrant grant, VssOAuthClientCredential credential, VssOAuthTokenParameters tokenParameters, CancellationToken cancellationToken)
   at GitHub.Services.OAuth.VssOAuthTokenProvider.OnGetTokenAsync(IssuedToken failedToken, CancellationToken cancellationToken)
   at GitHub.Services.Common.IssuedTokenProvider.GetTokenOperation.GetTokenAsync(VssTraceActivity traceActivity)
   at GitHub.Services.Common.IssuedTokenProvider.GetTokenAsync(IssuedToken failedToken, CancellationToken cancellationToken)
   at GitHub.Services.Common.RawHttpMessageHandler.SendAsync(HttpRequestMessage request, CancellationToken cancellationToken)
   --- End of inner exception stack trace ---
   at GitHub.Services.Common.RawHttpMessageHandler.SendAsync(HttpRequestMessage request, CancellationToken cancellationToken)
   at GitHub.Services.Common.VssHttpRetryMessageHandler.SendAsync(HttpRequestMessage request, CancellationToken cancellationToken)
   at System.Net.Http.HttpClient.<SendAsync>g__Core|83_0(HttpRequestMessage request, HttpCompletionOption completionOption, CancellationTokenSource cts, Boolean disposeCts, CancellationTokenSource pendingRequestsCts, CancellationToken originalCancellationToken)
   at Sdk.WebApi.WebApi.RawHttpClientBase.SendAsync(HttpRequestMessage message, HttpCompletionOption completionOption, Object userState, CancellationToken cancellationToken)
   at Sdk.WebApi.WebApi.RawHttpClientBase.SendAsync[T](HttpRequestMessage message, Boolean readErrorBody, Object userState, CancellationToken cancellationToken)
   at Sdk.WebApi.WebApi.RawHttpClientBase.SendAsync[T](HttpMethod method, IEnumerable`1 additionalHeaders, Uri requestUri, HttpContent content, IEnumerable`1 queryParameters, Boolean readErrorBody, Object userState, CancellationToken cancellationToken)
   at GitHub.Actions.RunService.WebApi.BrokerHttpClient.GetRunnerMessageAsync(Nullable`1 sessionId, String runnerVersion, Nullable`1 status, String os, String architecture, Nullable`1 disableUpdate, CancellationToken cancellationToken)
   at GitHub.Runner.Common.BrokerServer.<>c__DisplayClass7_0.<<GetRunnerMessageAsync>b__0>d.MoveNext()
--- End of stack trace from previous location ---
   at GitHub.Runner.Common.RunnerService.RetryRequest[T](Func`1 func, CancellationToken cancellationToken, Int32 maxAttempts, Func`2 shouldRetry)
[2026-08-16 21:43:33Z ERR  BrokerServer] #####################################################
[2026-08-16 21:43:33Z ERR  BrokerServer] System.Threading.Tasks.TaskCanceledException: A task was canceled.
 ---> System.Threading.Tasks.TaskCanceledException: A task was canceled.
   at GitHub.Services.Common.VssHttpRetryMessageHandler.SendAsync(HttpRequestMessage request, CancellationToken cancellationToken)
   at System.Net.Http.HttpClient.<SendAsync>g__Core|83_0(HttpRequestMessage request, HttpCompletionOption completionOption, CancellationTokenSource cts, Boolean disposeCts, CancellationTokenSource pendingRequestsCts, CancellationToken originalCancellationToken)
   --- End of inner exception stack trace ---
   at System.Net.Http.HttpClient.HandleFailure(Exception e, Boolean telemetryStarted, HttpResponseMessage response, CancellationTokenSource cts, CancellationToken cancellationToken, CancellationTokenSource pendingRequestsCts)
   at System.Net.Http.HttpClient.<SendAsync>g__Core|83_0(HttpRequestMessage request, HttpCompletionOption completionOption, CancellationTokenSource cts, Boolean disposeCts, CancellationTokenSource pendingRequestsCts, CancellationToken originalCancellationToken)
   at GitHub.Services.OAuth.VssOAuthTokenHttpClient.GetTokenAsync(VssOAuthGrant grant, VssOAuthClientCredential credential, VssOAuthTokenParameters tokenParameters, CancellationToken cancellationToken)
   at GitHub.Services.OAuth.VssOAuthTokenProvider.OnGetTokenAsync(IssuedToken failedToken, CancellationToken cancellationToken)
   at GitHub.Services.Common.IssuedTokenProvider.GetTokenOperation.GetTokenAsync(VssTraceActivity traceActivity)
   at GitHub.Services.Common.IssuedTokenProvider.GetTokenAsync(IssuedToken failedToken, CancellationToken cancellationToken)
   at GitHub.Services.Common.RawHttpMessageHandler.SendAsync(HttpRequestMessage request, CancellationToken cancellationToken)
[2026-08-16 21:43:33Z ERR  BrokerServer] #####################################################
[2026-08-16 21:43:33Z ERR  BrokerServer] System.Threading.Tasks.TaskCanceledException: A task was canceled.
   at GitHub.Services.Common.VssHttpRetryMessageHandler.SendAsync(HttpRequestMessage request, CancellationToken cancellationToken)
   at System.Net.Http.HttpClient.<SendAsync>g__Core|83_0(HttpRequestMessage request, HttpCompletionOption completionOption, CancellationTokenSource cts, Boolean disposeCts, CancellationTokenSource pendingRequestsCts, CancellationToken originalCancellationToken)
[2026-08-16 21:43:33Z WARN BrokerServer] Back off 6.813 seconds before next retry. 1 attempt left.
[2026-08-16 21:43:40Z INFO RSAEncryptedFileKeyManager] Loading RSA key parameters from file C:\Users\sheet\OneDrive\Desktop\Devops\DEVOPS INSIDER\GIT practice\b18_G79Sheetal\actions-runner\.credentials_rsaparams
[2026-08-16 21:43:40Z WARN GitHubActionsService] Attempt 1 of POST request to https://tokenghub.actions.githubusercontent.com/_apis/oauth2/token/5e5ea7c5-1e9e-4f1b-832f-821fc36fd13e failed (Socket Error: HostNotFound). The operation will be retried in 11.025 seconds.
[2026-08-16 21:43:51Z WARN GitHubActionsService] Attempt 2 of POST request to https://tokenghub.actions.githubusercontent.com/_apis/oauth2/token/5e5ea7c5-1e9e-4f1b-832f-821fc36fd13e failed (Socket Error: HostNotFound). The operation will be retried in 12.58 seconds.
[2026-08-16 21:44:04Z WARN GitHubActionsService] Attempt 3 of POST request to https://tokenghub.actions.githubusercontent.com/_apis/oauth2/token/5e5ea7c5-1e9e-4f1b-832f-821fc36fd13e failed (Socket Error: HostNotFound). The operation will be retried in 16.867 seconds.
[2026-08-16 21:44:21Z WARN GitHubActionsService] Attempt 4 of POST request to https://tokenghub.actions.githubusercontent.com/_apis/oauth2/token/5e5ea7c5-1e9e-4f1b-832f-821fc36fd13e failed (Socket Error: HostNotFound). The operation will be retried in 22.015 seconds.
[2026-08-16 21:44:43Z WARN GitHubActionsService] Attempt 5 of POST request to https://tokenghub.actions.githubusercontent.com/_apis/oauth2/token/5e5ea7c5-1e9e-4f1b-832f-821fc36fd13e failed (Socket Error: HostNotFound). The operation will be retried in 35.544 seconds.
[2026-08-16 21:45:18Z ERR  GitHubActionsService] Attempt 6 of POST request to https://tokenghub.actions.githubusercontent.com/_apis/oauth2/token/5e5ea7c5-1e9e-4f1b-832f-821fc36fd13e failed (Socket Error: HostNotFound). The maximum number of attempts has been reached.
[2026-08-16 21:45:18Z WARN GitHubActionsService] Retrieving an AAD auth token took a long time (98.0793215 seconds)
[2026-08-16 21:45:18Z WARN GitHubActionsService] Attempt 1 of GET request to https://broker.actions.githubusercontent.com/message?sessionId=cfc40dcc-4a56-4fa4-8bc2-767410e8c931&status=Online&runnerVersion=2.336.0&os=Windows&architecture=X64&disableUpdate=false failed (Socket Error: HostNotFound). The operation will be retried in 10.849 seconds.
[2026-08-16 21:45:29Z INFO RSAEncryptedFileKeyManager] Loading RSA key parameters from file C:\Users\sheet\OneDrive\Desktop\Devops\DEVOPS INSIDER\GIT practice\b18_G79Sheetal\actions-runner\.credentials_rsaparams
[2026-08-16 21:45:29Z WARN GitHubActionsService] Attempt 1 of POST request to https://tokenghub.actions.githubusercontent.com/_apis/oauth2/token/5e5ea7c5-1e9e-4f1b-832f-821fc36fd13e failed (Socket Error: HostNotFound). The operation will be retried in 11.025 seconds.
[2026-08-16 21:45:40Z WARN GitHubActionsService] Attempt 2 of POST request to https://tokenghub.actions.githubusercontent.com/_apis/oauth2/token/5e5ea7c5-1e9e-4f1b-832f-821fc36fd13e failed (Socket Error: HostNotFound). The operation will be retried in 12.982 seconds.
[2026-08-16 21:45:53Z WARN GitHubActionsService] Attempt 3 of POST request to https://tokenghub.actions.githubusercontent.com/_apis/oauth2/token/5e5ea7c5-1e9e-4f1b-832f-821fc36fd13e failed (Socket Error: HostNotFound). The operation will be retried in 16.468 seconds.
[2026-08-16 21:46:10Z WARN GitHubActionsService] Attempt 4 of POST request to https://tokenghub.actions.githubusercontent.com/_apis/oauth2/token/5e5ea7c5-1e9e-4f1b-832f-821fc36fd13e failed (Socket Error: HostNotFound). The operation will be retried in 23.29 seconds.
[2026-08-16 21:46:33Z WARN GitHubActionsService] Attempt 5 of POST request to https://tokenghub.actions.githubusercontent.com/_apis/oauth2/token/5e5ea7c5-1e9e-4f1b-832f-821fc36fd13e failed (Socket Error: HostNotFound). The operation will be retried in 35.761 seconds.
[2026-08-16 21:47:09Z ERR  GitHubActionsService] Attempt 6 of POST request to https://tokenghub.actions.githubusercontent.com/_apis/oauth2/token/5e5ea7c5-1e9e-4f1b-832f-821fc36fd13e failed (Socket Error: HostNotFound). The maximum number of attempts has been reached.
[2026-08-16 21:47:09Z WARN GitHubActionsService] Retrieving an AAD auth token took a long time (99.578517 seconds)
[2026-08-16 21:47:09Z WARN GitHubActionsService] Attempt 2 of GET request to https://broker.actions.githubusercontent.com/message?sessionId=cfc40dcc-4a56-4fa4-8bc2-767410e8c931&status=Online&runnerVersion=2.336.0&os=Windows&architecture=X64&disableUpdate=false failed (Socket Error: HostNotFound). The operation will be retried in 13.399 seconds.
[2026-08-16 21:47:22Z INFO RSAEncryptedFileKeyManager] Loading RSA key parameters from file C:\Users\sheet\OneDrive\Desktop\Devops\DEVOPS INSIDER\GIT practice\b18_G79Sheetal\actions-runner\.credentials_rsaparams
[2026-08-16 21:47:22Z WARN GitHubActionsService] Attempt 1 of POST request to https://tokenghub.actions.githubusercontent.com/_apis/oauth2/token/5e5ea7c5-1e9e-4f1b-832f-821fc36fd13e failed (Socket Error: HostNotFound). The operation will be retried in 10.894 seconds.
[2026-08-16 21:47:33Z WARN GitHubActionsService] Attempt 2 of POST request to https://tokenghub.actions.githubusercontent.com/_apis/oauth2/token/5e5ea7c5-1e9e-4f1b-832f-821fc36fd13e failed (Socket Error: HostNotFound). The operation will be retried in 12.988 seconds.
[2026-08-16 21:47:46Z WARN GitHubActionsService] Attempt 3 of POST request to https://tokenghub.actions.githubusercontent.com/_apis/oauth2/token/5e5ea7c5-1e9e-4f1b-832f-821fc36fd13e failed (Socket Error: HostNotFound). The operation will be retried in 17.91 seconds.
[2026-08-16 21:48:04Z WARN GitHubActionsService] Attempt 4 of POST request to https://tokenghub.actions.githubusercontent.com/_apis/oauth2/token/5e5ea7c5-1e9e-4f1b-832f-821fc36fd13e failed (Socket Error: HostNotFound). The operation will be retried in 25.9 seconds.
[2026-08-16 21:48:30Z WARN GitHubActionsService] Attempt 5 of POST request to https://tokenghub.actions.githubusercontent.com/_apis/oauth2/token/5e5ea7c5-1e9e-4f1b-832f-821fc36fd13e failed (Socket Error: HostNotFound). The operation will be retried in 43.573 seconds.
[2026-08-16 21:49:02Z WARN GitHubActionsService] Retrieving an AAD auth token took a long time (100.0080374 seconds)
[2026-08-16 21:49:02Z WARN GitHubActionsService] GET request to https://broker.actions.githubusercontent.com/message?sessionId=cfc40dcc-4a56-4fa4-8bc2-767410e8c931&status=Online&runnerVersion=2.336.0&os=Windows&architecture=X64&disableUpdate=false timed out after 100 seconds.
[2026-08-16 21:49:02Z ERR  BrokerMessageListener] Catch exception during get next message.
[2026-08-16 21:49:02Z ERR  BrokerMessageListener] System.TimeoutException: The HTTP request timed out after 00:01:40.
 ---> System.Threading.Tasks.TaskCanceledException: A task was canceled.
 ---> System.Threading.Tasks.TaskCanceledException: A task was canceled.
   at GitHub.Services.Common.VssHttpRetryMessageHandler.SendAsync(HttpRequestMessage request, CancellationToken cancellationToken)
   at System.Net.Http.HttpClient.<SendAsync>g__Core|83_0(HttpRequestMessage request, HttpCompletionOption completionOption, CancellationTokenSource cts, Boolean disposeCts, CancellationTokenSource pendingRequestsCts, CancellationToken originalCancellationToken)
   --- End of inner exception stack trace ---
   at System.Net.Http.HttpClient.HandleFailure(Exception e, Boolean telemetryStarted, HttpResponseMessage response, CancellationTokenSource cts, CancellationToken cancellationToken, CancellationTokenSource pendingRequestsCts)
   at System.Net.Http.HttpClient.<SendAsync>g__Core|83_0(HttpRequestMessage request, HttpCompletionOption completionOption, CancellationTokenSource cts, Boolean disposeCts, CancellationTokenSource pendingRequestsCts, CancellationToken originalCancellationToken)
   at GitHub.Services.OAuth.VssOAuthTokenHttpClient.GetTokenAsync(VssOAuthGrant grant, VssOAuthClientCredential credential, VssOAuthTokenParameters tokenParameters, CancellationToken cancellationToken)
   at GitHub.Services.OAuth.VssOAuthTokenProvider.OnGetTokenAsync(IssuedToken failedToken, CancellationToken cancellationToken)
   at GitHub.Services.Common.IssuedTokenProvider.GetTokenOperation.GetTokenAsync(VssTraceActivity traceActivity)
   at GitHub.Services.Common.IssuedTokenProvider.GetTokenAsync(IssuedToken failedToken, CancellationToken cancellationToken)
   at GitHub.Services.Common.RawHttpMessageHandler.SendAsync(HttpRequestMessage request, CancellationToken cancellationToken)
   --- End of inner exception stack trace ---
   at GitHub.Services.Common.RawHttpMessageHandler.SendAsync(HttpRequestMessage request, CancellationToken cancellationToken)
   at GitHub.Services.Common.VssHttpRetryMessageHandler.SendAsync(HttpRequestMessage request, CancellationToken cancellationToken)
   at System.Net.Http.HttpClient.<SendAsync>g__Core|83_0(HttpRequestMessage request, HttpCompletionOption completionOption, CancellationTokenSource cts, Boolean disposeCts, CancellationTokenSource pendingRequestsCts, CancellationToken originalCancellationToken)
   at Sdk.WebApi.WebApi.RawHttpClientBase.SendAsync(HttpRequestMessage message, HttpCompletionOption completionOption, Object userState, CancellationToken cancellationToken)
   at Sdk.WebApi.WebApi.RawHttpClientBase.SendAsync[T](HttpRequestMessage message, Boolean readErrorBody, Object userState, CancellationToken cancellationToken)
   at Sdk.WebApi.WebApi.RawHttpClientBase.SendAsync[T](HttpMethod method, IEnumerable`1 additionalHeaders, Uri requestUri, HttpContent content, IEnumerable`1 queryParameters, Boolean readErrorBody, Object userState, CancellationToken cancellationToken)
   at GitHub.Actions.RunService.WebApi.BrokerHttpClient.GetRunnerMessageAsync(Nullable`1 sessionId, String runnerVersion, Nullable`1 status, String os, String architecture, Nullable`1 disableUpdate, CancellationToken cancellationToken)
   at GitHub.Runner.Common.BrokerServer.<>c__DisplayClass7_0.<<GetRunnerMessageAsync>b__0>d.MoveNext()
--- End of stack trace from previous location ---
   at GitHub.Runner.Common.RunnerService.RetryRequest[T](Func`1 func, CancellationToken cancellationToken, Int32 maxAttempts, Func`2 shouldRetry)
   at GitHub.Runner.Listener.BrokerMessageListener.GetNextMessageAsync(CancellationToken token)
[2026-08-16 21:49:02Z ERR  BrokerMessageListener] #####################################################
[2026-08-16 21:49:02Z ERR  BrokerMessageListener] System.Threading.Tasks.TaskCanceledException: A task was canceled.
 ---> System.Threading.Tasks.TaskCanceledException: A task was canceled.
   at GitHub.Services.Common.VssHttpRetryMessageHandler.SendAsync(HttpRequestMessage request, CancellationToken cancellationToken)
   at System.Net.Http.HttpClient.<SendAsync>g__Core|83_0(HttpRequestMessage request, HttpCompletionOption completionOption, CancellationTokenSource cts, Boolean disposeCts, CancellationTokenSource pendingRequestsCts, CancellationToken originalCancellationToken)
   --- End of inner exception stack trace ---
   at System.Net.Http.HttpClient.HandleFailure(Exception e, Boolean telemetryStarted, HttpResponseMessage response, CancellationTokenSource cts, CancellationToken cancellationToken, CancellationTokenSource pendingRequestsCts)
   at System.Net.Http.HttpClient.<SendAsync>g__Core|83_0(HttpRequestMessage request, HttpCompletionOption completionOption, CancellationTokenSource cts, Boolean disposeCts, CancellationTokenSource pendingRequestsCts, CancellationToken originalCancellationToken)
   at GitHub.Services.OAuth.VssOAuthTokenHttpClient.GetTokenAsync(VssOAuthGrant grant, VssOAuthClientCredential credential, VssOAuthTokenParameters tokenParameters, CancellationToken cancellationToken)
   at GitHub.Services.OAuth.VssOAuthTokenProvider.OnGetTokenAsync(IssuedToken failedToken, CancellationToken cancellationToken)
   at GitHub.Services.Common.IssuedTokenProvider.GetTokenOperation.GetTokenAsync(VssTraceActivity traceActivity)
   at GitHub.Services.Common.IssuedTokenProvider.GetTokenAsync(IssuedToken failedToken, CancellationToken cancellationToken)
   at GitHub.Services.Common.RawHttpMessageHandler.SendAsync(HttpRequestMessage request, CancellationToken cancellationToken)
[2026-08-16 21:49:02Z ERR  BrokerMessageListener] #####################################################
[2026-08-16 21:49:02Z ERR  BrokerMessageListener] System.Threading.Tasks.TaskCanceledException: A task was canceled.
   at GitHub.Services.Common.VssHttpRetryMessageHandler.SendAsync(HttpRequestMessage request, CancellationToken cancellationToken)
   at System.Net.Http.HttpClient.<SendAsync>g__Core|83_0(HttpRequestMessage request, HttpCompletionOption completionOption, CancellationTokenSource cts, Boolean disposeCts, CancellationTokenSource pendingRequestsCts, CancellationToken originalCancellationToken)
[2026-08-16 21:49:02Z INFO BrokerMessageListener] Retriable exception: The HTTP request timed out after 00:01:40.
[2026-08-16 21:49:02Z INFO BrokerMessageListener] Reload credentials.
[2026-08-16 21:49:02Z INFO ConfigurationStore] HasCredentials()
[2026-08-16 21:49:02Z INFO ConfigurationStore] stored True
[2026-08-16 21:49:02Z INFO CredentialManager] GetCredentialProvider
[2026-08-16 21:49:02Z INFO CredentialManager] Creating type OAuth
[2026-08-16 21:49:02Z INFO CredentialManager] Creating credential type: OAuth
[2026-08-16 21:49:02Z INFO RSAEncryptedFileKeyManager] Loading RSA key parameters from file C:\Users\sheet\OneDrive\Desktop\Devops\DEVOPS INSIDER\GIT practice\b18_G79Sheetal\actions-runner\.credentials_rsaparams
[2026-08-16 21:49:02Z INFO BrokerMessageListener] Connection to Broker Server recreated.
[2026-08-16 21:49:02Z INFO BrokerMessageListener] Sleeping for 28.273 seconds before retrying.
[2026-08-16 21:49:30Z INFO RSAEncryptedFileKeyManager] Loading RSA key parameters from file C:\Users\sheet\OneDrive\Desktop\Devops\DEVOPS INSIDER\GIT practice\b18_G79Sheetal\actions-runner\.credentials_rsaparams
[2026-08-16 21:49:30Z INFO RSAEncryptedFileKeyManager] Loading RSA key parameters from file C:\Users\sheet\OneDrive\Desktop\Devops\DEVOPS INSIDER\GIT practice\b18_G79Sheetal\actions-runner\.credentials_rsaparams
[2026-08-16 21:49:30Z WARN GitHubActionsService] Attempt 1 of POST request to https://tokenghub.actions.githubusercontent.com/_apis/oauth2/token/5e5ea7c5-1e9e-4f1b-832f-821fc36fd13e failed (Socket Error: HostNotFound). The operation will be retried in 11.101 seconds.
[2026-08-16 21:49:42Z WARN GitHubActionsService] Attempt 2 of POST request to https://tokenghub.actions.githubusercontent.com/_apis/oauth2/token/5e5ea7c5-1e9e-4f1b-832f-821fc36fd13e failed (Socket Error: HostNotFound). The operation will be retried in 13.174 seconds.
[2026-08-16 21:49:55Z WARN GitHubActionsService] Attempt 3 of POST request to https://tokenghub.actions.githubusercontent.com/_apis/oauth2/token/5e5ea7c5-1e9e-4f1b-832f-821fc36fd13e failed (Socket Error: HostNotFound). The operation will be retried in 17.028 seconds.
[2026-08-16 21:50:12Z WARN GitHubActionsService] Attempt 4 of POST request to https://tokenghub.actions.githubusercontent.com/_apis/oauth2/token/5e5ea7c5-1e9e-4f1b-832f-821fc36fd13e failed (Socket Error: HostNotFound). The operation will be retried in 24.685 seconds.
[2026-08-16 21:50:37Z WARN GitHubActionsService] Attempt 5 of POST request to https://tokenghub.actions.githubusercontent.com/_apis/oauth2/token/5e5ea7c5-1e9e-4f1b-832f-821fc36fd13e failed (Socket Error: HostNotFound). The operation will be retried in 37.9 seconds.
[2026-08-16 21:51:10Z WARN GitHubActionsService] Retrieving an AAD auth token took a long time (100.0019649 seconds)
[2026-08-16 21:51:10Z WARN GitHubActionsService] GET request to https://broker.actions.githubusercontent.com/message?sessionId=cfc40dcc-4a56-4fa4-8bc2-767410e8c931&status=Online&runnerVersion=2.336.0&os=Windows&architecture=X64&disableUpdate=false timed out after 100 seconds.
[2026-08-16 21:51:10Z ERR  BrokerServer] Catch exception during request
[2026-08-16 21:51:10Z ERR  BrokerServer] System.TimeoutException: The HTTP request timed out after 00:01:40.
 ---> System.Threading.Tasks.TaskCanceledException: A task was canceled.
 ---> System.Threading.Tasks.TaskCanceledException: A task was canceled.
   at GitHub.Services.Common.VssHttpRetryMessageHandler.SendAsync(HttpRequestMessage request, CancellationToken cancellationToken)
   at System.Net.Http.HttpClient.<SendAsync>g__Core|83_0(HttpRequestMessage request, HttpCompletionOption completionOption, CancellationTokenSource cts, Boolean disposeCts, CancellationTokenSource pendingRequestsCts, CancellationToken originalCancellationToken)
   --- End of inner exception stack trace ---
   at System.Net.Http.HttpClient.HandleFailure(Exception e, Boolean telemetryStarted, HttpResponseMessage response, CancellationTokenSource cts, CancellationToken cancellationToken, CancellationTokenSource pendingRequestsCts)
   at System.Net.Http.HttpClient.<SendAsync>g__Core|83_0(HttpRequestMessage request, HttpCompletionOption completionOption, CancellationTokenSource cts, Boolean disposeCts, CancellationTokenSource pendingRequestsCts, CancellationToken originalCancellationToken)
   at GitHub.Services.OAuth.VssOAuthTokenHttpClient.GetTokenAsync(VssOAuthGrant grant, VssOAuthClientCredential credential, VssOAuthTokenParameters tokenParameters, CancellationToken cancellationToken)
   at GitHub.Services.OAuth.VssOAuthTokenProvider.OnGetTokenAsync(IssuedToken failedToken, CancellationToken cancellationToken)
   at GitHub.Services.Common.IssuedTokenProvider.GetTokenOperation.GetTokenAsync(VssTraceActivity traceActivity)
   at GitHub.Services.Common.IssuedTokenProvider.GetTokenAsync(IssuedToken failedToken, CancellationToken cancellationToken)
   at GitHub.Services.Common.RawHttpMessageHandler.SendAsync(HttpRequestMessage request, CancellationToken cancellationToken)
   --- End of inner exception stack trace ---
   at GitHub.Services.Common.RawHttpMessageHandler.SendAsync(HttpRequestMessage request, CancellationToken cancellationToken)
   at GitHub.Services.Common.VssHttpRetryMessageHandler.SendAsync(HttpRequestMessage request, CancellationToken cancellationToken)
   at System.Net.Http.HttpClient.<SendAsync>g__Core|83_0(HttpRequestMessage request, HttpCompletionOption completionOption, CancellationTokenSource cts, Boolean disposeCts, CancellationTokenSource pendingRequestsCts, CancellationToken originalCancellationToken)
   at Sdk.WebApi.WebApi.RawHttpClientBase.SendAsync(HttpRequestMessage message, HttpCompletionOption completionOption, Object userState, CancellationToken cancellationToken)
   at Sdk.WebApi.WebApi.RawHttpClientBase.SendAsync[T](HttpRequestMessage message, Boolean readErrorBody, Object userState, CancellationToken cancellationToken)
   at Sdk.WebApi.WebApi.RawHttpClientBase.SendAsync[T](HttpMethod method, IEnumerable`1 additionalHeaders, Uri requestUri, HttpContent content, IEnumerable`1 queryParameters, Boolean readErrorBody, Object userState, CancellationToken cancellationToken)
   at GitHub.Actions.RunService.WebApi.BrokerHttpClient.GetRunnerMessageAsync(Nullable`1 sessionId, String runnerVersion, Nullable`1 status, String os, String architecture, Nullable`1 disableUpdate, CancellationToken cancellationToken)
   at GitHub.Runner.Common.BrokerServer.<>c__DisplayClass7_0.<<GetRunnerMessageAsync>b__0>d.MoveNext()
--- End of stack trace from previous location ---
   at GitHub.Runner.Common.RunnerService.RetryRequest[T](Func`1 func, CancellationToken cancellationToken, Int32 maxAttempts, Func`2 shouldRetry)
[2026-08-16 21:51:10Z ERR  BrokerServer] #####################################################
[2026-08-16 21:51:10Z ERR  BrokerServer] System.Threading.Tasks.TaskCanceledException: A task was canceled.
 ---> System.Threading.Tasks.TaskCanceledException: A task was canceled.
   at GitHub.Services.Common.VssHttpRetryMessageHandler.SendAsync(HttpRequestMessage request, CancellationToken cancellationToken)
   at System.Net.Http.HttpClient.<SendAsync>g__Core|83_0(HttpRequestMessage request, HttpCompletionOption completionOption, CancellationTokenSource cts, Boolean disposeCts, CancellationTokenSource pendingRequestsCts, CancellationToken originalCancellationToken)
   --- End of inner exception stack trace ---
   at System.Net.Http.HttpClient.HandleFailure(Exception e, Boolean telemetryStarted, HttpResponseMessage response, CancellationTokenSource cts, CancellationToken cancellationToken, CancellationTokenSource pendingRequestsCts)
   at System.Net.Http.HttpClient.<SendAsync>g__Core|83_0(HttpRequestMessage request, HttpCompletionOption completionOption, CancellationTokenSource cts, Boolean disposeCts, CancellationTokenSource pendingRequestsCts, CancellationToken originalCancellationToken)
   at GitHub.Services.OAuth.VssOAuthTokenHttpClient.GetTokenAsync(VssOAuthGrant grant, VssOAuthClientCredential credential, VssOAuthTokenParameters tokenParameters, CancellationToken cancellationToken)
   at GitHub.Services.OAuth.VssOAuthTokenProvider.OnGetTokenAsync(IssuedToken failedToken, CancellationToken cancellationToken)
   at GitHub.Services.Common.IssuedTokenProvider.GetTokenOperation.GetTokenAsync(VssTraceActivity traceActivity)
   at GitHub.Services.Common.IssuedTokenProvider.GetTokenAsync(IssuedToken failedToken, CancellationToken cancellationToken)
   at GitHub.Services.Common.RawHttpMessageHandler.SendAsync(HttpRequestMessage request, CancellationToken cancellationToken)
[2026-08-16 21:51:10Z ERR  BrokerServer] #####################################################
[2026-08-16 21:51:10Z ERR  BrokerServer] System.Threading.Tasks.TaskCanceledException: A task was canceled.
   at GitHub.Services.Common.VssHttpRetryMessageHandler.SendAsync(HttpRequestMessage request, CancellationToken cancellationToken)
   at System.Net.Http.HttpClient.<SendAsync>g__Core|83_0(HttpRequestMessage request, HttpCompletionOption completionOption, CancellationTokenSource cts, Boolean disposeCts, CancellationTokenSource pendingRequestsCts, CancellationToken originalCancellationToken)
[2026-08-16 21:51:10Z WARN BrokerServer] Back off 8.905 seconds before next retry. 4 attempt left.
[2026-08-16 21:51:19Z INFO RSAEncryptedFileKeyManager] Loading RSA key parameters from file C:\Users\sheet\OneDrive\Desktop\Devops\DEVOPS INSIDER\GIT practice\b18_G79Sheetal\actions-runner\.credentials_rsaparams
[2026-08-16 21:51:19Z WARN GitHubActionsService] Attempt 1 of POST request to https://tokenghub.actions.githubusercontent.com/_apis/oauth2/token/5e5ea7c5-1e9e-4f1b-832f-821fc36fd13e failed (Socket Error: HostNotFound). The operation will be retried in 10.835 seconds.
[2026-08-16 21:51:30Z WARN GitHubActionsService] Attempt 2 of POST request to https://tokenghub.actions.githubusercontent.com/_apis/oauth2/token/5e5ea7c5-1e9e-4f1b-832f-821fc36fd13e failed (Socket Error: HostNotFound). The operation will be retried in 13.228 seconds.
[2026-08-16 21:51:43Z WARN GitHubActionsService] Attempt 3 of POST request to https://tokenghub.actions.githubusercontent.com/_apis/oauth2/token/5e5ea7c5-1e9e-4f1b-832f-821fc36fd13e failed (Socket Error: HostNotFound). The operation will be retried in 16.202 seconds.
[2026-08-16 21:52:00Z WARN GitHubActionsService] Attempt 4 of POST request to https://tokenghub.actions.githubusercontent.com/_apis/oauth2/token/5e5ea7c5-1e9e-4f1b-832f-821fc36fd13e failed (Socket Error: HostNotFound). The operation will be retried in 25.375 seconds.
[2026-08-16 21:52:25Z WARN GitHubActionsService] Attempt 5 of POST request to https://tokenghub.actions.githubusercontent.com/_apis/oauth2/token/5e5ea7c5-1e9e-4f1b-832f-821fc36fd13e failed (Socket Error: HostNotFound). The operation will be retried in 41.837 seconds.
[2026-08-16 21:52:59Z WARN GitHubActionsService] Retrieving an AAD auth token took a long time (100.0038765 seconds)
[2026-08-16 21:52:59Z WARN GitHubActionsService] GET request to https://broker.actions.githubusercontent.com/message?sessionId=cfc40dcc-4a56-4fa4-8bc2-767410e8c931&status=Online&runnerVersion=2.336.0&os=Windows&architecture=X64&disableUpdate=false timed out after 100 seconds.
[2026-08-16 21:52:59Z ERR  BrokerServer] Catch exception during request
[2026-08-16 21:52:59Z ERR  BrokerServer] System.TimeoutException: The HTTP request timed out after 00:01:40.
 ---> System.Threading.Tasks.TaskCanceledException: The request was canceled due to the configured HttpClient.Timeout of 100 seconds elapsing.
 ---> System.TimeoutException: A task was canceled.
 ---> System.Threading.Tasks.TaskCanceledException: A task was canceled.
   at GitHub.Services.Common.VssHttpRetryMessageHandler.SendAsync(HttpRequestMessage request, CancellationToken cancellationToken)
   at System.Net.Http.HttpClient.<SendAsync>g__Core|83_0(HttpRequestMessage request, HttpCompletionOption completionOption, CancellationTokenSource cts, Boolean disposeCts, CancellationTokenSource pendingRequestsCts, CancellationToken originalCancellationToken)
   --- End of inner exception stack trace ---
   --- End of inner exception stack trace ---
   at System.Net.Http.HttpClient.HandleFailure(Exception e, Boolean telemetryStarted, HttpResponseMessage response, CancellationTokenSource cts, CancellationToken cancellationToken, CancellationTokenSource pendingRequestsCts)
   at System.Net.Http.HttpClient.<SendAsync>g__Core|83_0(HttpRequestMessage request, HttpCompletionOption completionOption, CancellationTokenSource cts, Boolean disposeCts, CancellationTokenSource pendingRequestsCts, CancellationToken originalCancellationToken)
   at GitHub.Services.OAuth.VssOAuthTokenHttpClient.GetTokenAsync(VssOAuthGrant grant, VssOAuthClientCredential credential, VssOAuthTokenParameters tokenParameters, CancellationToken cancellationToken)
   at GitHub.Services.OAuth.VssOAuthTokenProvider.OnGetTokenAsync(IssuedToken failedToken, CancellationToken cancellationToken)
   at GitHub.Services.Common.IssuedTokenProvider.GetTokenOperation.GetTokenAsync(VssTraceActivity traceActivity)
   at GitHub.Services.Common.IssuedTokenProvider.GetTokenAsync(IssuedToken failedToken, CancellationToken cancellationToken)
   at GitHub.Services.Common.RawHttpMessageHandler.SendAsync(HttpRequestMessage request, CancellationToken cancellationToken)
   --- End of inner exception stack trace ---
   at GitHub.Services.Common.RawHttpMessageHandler.SendAsync(HttpRequestMessage request, CancellationToken cancellationToken)
   at GitHub.Services.Common.VssHttpRetryMessageHandler.SendAsync(HttpRequestMessage request, CancellationToken cancellationToken)
   at System.Net.Http.HttpClient.<SendAsync>g__Core|83_0(HttpRequestMessage request, HttpCompletionOption completionOption, CancellationTokenSource cts, Boolean disposeCts, CancellationTokenSource pendingRequestsCts, CancellationToken originalCancellationToken)
   at Sdk.WebApi.WebApi.RawHttpClientBase.SendAsync(HttpRequestMessage message, HttpCompletionOption completionOption, Object userState, CancellationToken cancellationToken)
   at Sdk.WebApi.WebApi.RawHttpClientBase.SendAsync[T](HttpRequestMessage message, Boolean readErrorBody, Object userState, CancellationToken cancellationToken)
   at Sdk.WebApi.WebApi.RawHttpClientBase.SendAsync[T](HttpMethod method, IEnumerable`1 additionalHeaders, Uri requestUri, HttpContent content, IEnumerable`1 queryParameters, Boolean readErrorBody, Object userState, CancellationToken cancellationToken)
   at GitHub.Actions.RunService.WebApi.BrokerHttpClient.GetRunnerMessageAsync(Nullable`1 sessionId, String runnerVersion, Nullable`1 status, String os, String architecture, Nullable`1 disableUpdate, CancellationToken cancellationToken)
   at GitHub.Runner.Common.BrokerServer.<>c__DisplayClass7_0.<<GetRunnerMessageAsync>b__0>d.MoveNext()
--- End of stack trace from previous location ---
   at GitHub.Runner.Common.RunnerService.RetryRequest[T](Func`1 func, CancellationToken cancellationToken, Int32 maxAttempts, Func`2 shouldRetry)
[2026-08-16 21:52:59Z ERR  BrokerServer] #####################################################
[2026-08-16 21:52:59Z ERR  BrokerServer] System.Threading.Tasks.TaskCanceledException: The request was canceled due to the configured HttpClient.Timeout of 100 seconds elapsing.
 ---> System.TimeoutException: A task was canceled.
 ---> System.Threading.Tasks.TaskCanceledException: A task was canceled.
   at GitHub.Services.Common.VssHttpRetryMessageHandler.SendAsync(HttpRequestMessage request, CancellationToken cancellationToken)
   at System.Net.Http.HttpClient.<SendAsync>g__Core|83_0(HttpRequestMessage request, HttpCompletionOption completionOption, CancellationTokenSource cts, Boolean disposeCts, CancellationTokenSource pendingRequestsCts, CancellationToken originalCancellationToken)
   --- End of inner exception stack trace ---
   --- End of inner exception stack trace ---
   at System.Net.Http.HttpClient.HandleFailure(Exception e, Boolean telemetryStarted, HttpResponseMessage response, CancellationTokenSource cts, CancellationToken cancellationToken, CancellationTokenSource pendingRequestsCts)
   at System.Net.Http.HttpClient.<SendAsync>g__Core|83_0(HttpRequestMessage request, HttpCompletionOption completionOption, CancellationTokenSource cts, Boolean disposeCts, CancellationTokenSource pendingRequestsCts, CancellationToken originalCancellationToken)
   at GitHub.Services.OAuth.VssOAuthTokenHttpClient.GetTokenAsync(VssOAuthGrant grant, VssOAuthClientCredential credential, VssOAuthTokenParameters tokenParameters, CancellationToken cancellationToken)
   at GitHub.Services.OAuth.VssOAuthTokenProvider.OnGetTokenAsync(IssuedToken failedToken, CancellationToken cancellationToken)
   at GitHub.Services.Common.IssuedTokenProvider.GetTokenOperation.GetTokenAsync(VssTraceActivity traceActivity)
   at GitHub.Services.Common.IssuedTokenProvider.GetTokenAsync(IssuedToken failedToken, CancellationToken cancellationToken)
   at GitHub.Services.Common.RawHttpMessageHandler.SendAsync(HttpRequestMessage request, CancellationToken cancellationToken)
[2026-08-16 21:52:59Z ERR  BrokerServer] #####################################################
[2026-08-16 21:52:59Z ERR  BrokerServer] System.TimeoutException: A task was canceled.
 ---> System.Threading.Tasks.TaskCanceledException: A task was canceled.
   at GitHub.Services.Common.VssHttpRetryMessageHandler.SendAsync(HttpRequestMessage request, CancellationToken cancellationToken)
   at System.Net.Http.HttpClient.<SendAsync>g__Core|83_0(HttpRequestMessage request, HttpCompletionOption completionOption, CancellationTokenSource cts, Boolean disposeCts, CancellationTokenSource pendingRequestsCts, CancellationToken originalCancellationToken)
   --- End of inner exception stack trace ---
[2026-08-16 21:52:59Z ERR  BrokerServer] #####################################################
[2026-08-16 21:52:59Z ERR  BrokerServer] System.Threading.Tasks.TaskCanceledException: A task was canceled.
   at GitHub.Services.Common.VssHttpRetryMessageHandler.SendAsync(HttpRequestMessage request, CancellationToken cancellationToken)
   at System.Net.Http.HttpClient.<SendAsync>g__Core|83_0(HttpRequestMessage request, HttpCompletionOption completionOption, CancellationTokenSource cts, Boolean disposeCts, CancellationTokenSource pendingRequestsCts, CancellationToken originalCancellationToken)
[2026-08-16 21:52:59Z WARN BrokerServer] Back off 8.199 seconds before next retry. 3 attempt left.
[2026-08-16 21:53:08Z INFO RSAEncryptedFileKeyManager] Loading RSA key parameters from file C:\Users\sheet\OneDrive\Desktop\Devops\DEVOPS INSIDER\GIT practice\b18_G79Sheetal\actions-runner\.credentials_rsaparams
[2026-08-16 21:53:08Z WARN GitHubActionsService] Attempt 1 of POST request to https://tokenghub.actions.githubusercontent.com/_apis/oauth2/token/5e5ea7c5-1e9e-4f1b-832f-821fc36fd13e failed (Socket Error: HostNotFound). The operation will be retried in 10.811 seconds.
[2026-08-16 21:53:18Z WARN GitHubActionsService] Attempt 2 of POST request to https://tokenghub.actions.githubusercontent.com/_apis/oauth2/token/5e5ea7c5-1e9e-4f1b-832f-821fc36fd13e failed (Socket Error: HostNotFound). The operation will be retried in 12.868 seconds.
[2026-08-16 21:53:31Z WARN GitHubActionsService] Attempt 3 of POST request to https://tokenghub.actions.githubusercontent.com/_apis/oauth2/token/5e5ea7c5-1e9e-4f1b-832f-821fc36fd13e failed (Socket Error: HostNotFound). The operation will be retried in 17.532 seconds.
[2026-08-16 21:53:49Z WARN GitHubActionsService] Attempt 4 of POST request to https://tokenghub.actions.githubusercontent.com/_apis/oauth2/token/5e5ea7c5-1e9e-4f1b-832f-821fc36fd13e failed (Socket Error: HostNotFound). The operation will be retried in 26.05 seconds.
[2026-08-16 21:54:15Z WARN GitHubActionsService] Attempt 5 of POST request to https://tokenghub.actions.githubusercontent.com/_apis/oauth2/token/5e5ea7c5-1e9e-4f1b-832f-821fc36fd13e failed (Socket Error: HostNotFound). The operation will be retried in 42.612 seconds.
[2026-08-16 21:54:48Z WARN GitHubActionsService] Retrieving an AAD auth token took a long time (100.0011218 seconds)
[2026-08-16 21:54:48Z WARN GitHubActionsService] GET request to https://broker.actions.githubusercontent.com/message?sessionId=cfc40dcc-4a56-4fa4-8bc2-767410e8c931&status=Online&runnerVersion=2.336.0&os=Windows&architecture=X64&disableUpdate=false timed out after 100 seconds.
[2026-08-16 21:54:48Z ERR  BrokerServer] Catch exception during request
[2026-08-16 21:54:48Z ERR  BrokerServer] System.TimeoutException: The HTTP request timed out after 00:01:40.
 ---> System.Threading.Tasks.TaskCanceledException: A task was canceled.
 ---> System.Threading.Tasks.TaskCanceledException: A task was canceled.
   at GitHub.Services.Common.VssHttpRetryMessageHandler.SendAsync(HttpRequestMessage request, CancellationToken cancellationToken)
   at System.Net.Http.HttpClient.<SendAsync>g__Core|83_0(HttpRequestMessage request, HttpCompletionOption completionOption, CancellationTokenSource cts, Boolean disposeCts, CancellationTokenSource pendingRequestsCts, CancellationToken originalCancellationToken)
   --- End of inner exception stack trace ---
   at System.Net.Http.HttpClient.HandleFailure(Exception e, Boolean telemetryStarted, HttpResponseMessage response, CancellationTokenSource cts, CancellationToken cancellationToken, CancellationTokenSource pendingRequestsCts)
   at System.Net.Http.HttpClient.<SendAsync>g__Core|83_0(HttpRequestMessage request, HttpCompletionOption completionOption, CancellationTokenSource cts, Boolean disposeCts, CancellationTokenSource pendingRequestsCts, CancellationToken originalCancellationToken)
   at GitHub.Services.OAuth.VssOAuthTokenHttpClient.GetTokenAsync(VssOAuthGrant grant, VssOAuthClientCredential credential, VssOAuthTokenParameters tokenParameters, CancellationToken cancellationToken)
   at GitHub.Services.OAuth.VssOAuthTokenProvider.OnGetTokenAsync(IssuedToken failedToken, CancellationToken cancellationToken)
   at GitHub.Services.Common.IssuedTokenProvider.GetTokenOperation.GetTokenAsync(VssTraceActivity traceActivity)
   at GitHub.Services.Common.IssuedTokenProvider.GetTokenAsync(IssuedToken failedToken, CancellationToken cancellationToken)
   at GitHub.Services.Common.RawHttpMessageHandler.SendAsync(HttpRequestMessage request, CancellationToken cancellationToken)
   --- End of inner exception stack trace ---
   at GitHub.Services.Common.RawHttpMessageHandler.SendAsync(HttpRequestMessage request, CancellationToken cancellationToken)
   at GitHub.Services.Common.VssHttpRetryMessageHandler.SendAsync(HttpRequestMessage request, CancellationToken cancellationToken)
   at System.Net.Http.HttpClient.<SendAsync>g__Core|83_0(HttpRequestMessage request, HttpCompletionOption completionOption, CancellationTokenSource cts, Boolean disposeCts, CancellationTokenSource pendingRequestsCts, CancellationToken originalCancellationToken)
   at Sdk.WebApi.WebApi.RawHttpClientBase.SendAsync(HttpRequestMessage message, HttpCompletionOption completionOption, Object userState, CancellationToken cancellationToken)
   at Sdk.WebApi.WebApi.RawHttpClientBase.SendAsync[T](HttpRequestMessage message, Boolean readErrorBody, Object userState, CancellationToken cancellationToken)
   at Sdk.WebApi.WebApi.RawHttpClientBase.SendAsync[T](HttpMethod method, IEnumerable`1 additionalHeaders, Uri requestUri, HttpContent content, IEnumerable`1 queryParameters, Boolean readErrorBody, Object userState, CancellationToken cancellationToken)
   at GitHub.Actions.RunService.WebApi.BrokerHttpClient.GetRunnerMessageAsync(Nullable`1 sessionId, String runnerVersion, Nullable`1 status, String os, String architecture, Nullable`1 disableUpdate, CancellationToken cancellationToken)
   at GitHub.Runner.Common.BrokerServer.<>c__DisplayClass7_0.<<GetRunnerMessageAsync>b__0>d.MoveNext()
--- End of stack trace from previous location ---
   at GitHub.Runner.Common.RunnerService.RetryRequest[T](Func`1 func, CancellationToken cancellationToken, Int32 maxAttempts, Func`2 shouldRetry)
[2026-08-16 21:54:48Z ERR  BrokerServer] #####################################################
[2026-08-16 21:54:48Z ERR  BrokerServer] System.Threading.Tasks.TaskCanceledException: A task was canceled.
 ---> System.Threading.Tasks.TaskCanceledException: A task was canceled.
   at GitHub.Services.Common.VssHttpRetryMessageHandler.SendAsync(HttpRequestMessage request, CancellationToken cancellationToken)
   at System.Net.Http.HttpClient.<SendAsync>g__Core|83_0(HttpRequestMessage request, HttpCompletionOption completionOption, CancellationTokenSource cts, Boolean disposeCts, CancellationTokenSource pendingRequestsCts, CancellationToken originalCancellationToken)
   --- End of inner exception stack trace ---
   at System.Net.Http.HttpClient.HandleFailure(Exception e, Boolean telemetryStarted, HttpResponseMessage response, CancellationTokenSource cts, CancellationToken cancellationToken, CancellationTokenSource pendingRequestsCts)
   at System.Net.Http.HttpClient.<SendAsync>g__Core|83_0(HttpRequestMessage request, HttpCompletionOption completionOption, CancellationTokenSource cts, Boolean disposeCts, CancellationTokenSource pendingRequestsCts, CancellationToken originalCancellationToken)
   at GitHub.Services.OAuth.VssOAuthTokenHttpClient.GetTokenAsync(VssOAuthGrant grant, VssOAuthClientCredential credential, VssOAuthTokenParameters tokenParameters, CancellationToken cancellationToken)
   at GitHub.Services.OAuth.VssOAuthTokenProvider.OnGetTokenAsync(IssuedToken failedToken, CancellationToken cancellationToken)
   at GitHub.Services.Common.IssuedTokenProvider.GetTokenOperation.GetTokenAsync(VssTraceActivity traceActivity)
   at GitHub.Services.Common.IssuedTokenProvider.GetTokenAsync(IssuedToken failedToken, CancellationToken cancellationToken)
   at GitHub.Services.Common.RawHttpMessageHandler.SendAsync(HttpRequestMessage request, CancellationToken cancellationToken)
[2026-08-16 21:54:48Z ERR  BrokerServer] #####################################################
[2026-08-16 21:54:48Z ERR  BrokerServer] System.Threading.Tasks.TaskCanceledException: A task was canceled.
   at GitHub.Services.Common.VssHttpRetryMessageHandler.SendAsync(HttpRequestMessage request, CancellationToken cancellationToken)
   at System.Net.Http.HttpClient.<SendAsync>g__Core|83_0(HttpRequestMessage request, HttpCompletionOption completionOption, CancellationTokenSource cts, Boolean disposeCts, CancellationTokenSource pendingRequestsCts, CancellationToken originalCancellationToken)
[2026-08-16 21:54:48Z WARN BrokerServer] Back off 5.45 seconds before next retry. 2 attempt left.
[2026-08-16 21:54:53Z INFO RSAEncryptedFileKeyManager] Loading RSA key parameters from file C:\Users\sheet\OneDrive\Desktop\Devops\DEVOPS INSIDER\GIT practice\b18_G79Sheetal\actions-runner\.credentials_rsaparams
[2026-08-16 21:54:53Z WARN GitHubActionsService] Attempt 1 of POST request to https://tokenghub.actions.githubusercontent.com/_apis/oauth2/token/5e5ea7c5-1e9e-4f1b-832f-821fc36fd13e failed (Socket Error: HostNotFound). The operation will be retried in 11.18 seconds.
[2026-08-16 21:55:04Z WARN GitHubActionsService] Attempt 2 of POST request to https://tokenghub.actions.githubusercontent.com/_apis/oauth2/token/5e5ea7c5-1e9e-4f1b-832f-821fc36fd13e failed (Socket Error: HostNotFound). The operation will be retried in 13.561 seconds.
[2026-08-16 21:55:18Z WARN GitHubActionsService] Attempt 3 of POST request to https://tokenghub.actions.githubusercontent.com/_apis/oauth2/token/5e5ea7c5-1e9e-4f1b-832f-821fc36fd13e failed (Socket Error: HostNotFound). The operation will be retried in 17.231 seconds.
[2026-08-16 21:55:35Z WARN GitHubActionsService] Attempt 4 of POST request to https://tokenghub.actions.githubusercontent.com/_apis/oauth2/token/5e5ea7c5-1e9e-4f1b-832f-821fc36fd13e failed (Socket Error: HostNotFound). The operation will be retried in 24.655 seconds.
[2026-08-16 21:56:00Z WARN GitHubActionsService] Attempt 5 of POST request to https://tokenghub.actions.githubusercontent.com/_apis/oauth2/token/5e5ea7c5-1e9e-4f1b-832f-821fc36fd13e failed (Socket Error: HostNotFound). The operation will be retried in 38.179 seconds.
[2026-08-16 21:56:33Z WARN GitHubActionsService] Retrieving an AAD auth token took a long time (100.0066375 seconds)
[2026-08-16 21:56:33Z WARN GitHubActionsService] GET request to https://broker.actions.githubusercontent.com/message?sessionId=cfc40dcc-4a56-4fa4-8bc2-767410e8c931&status=Online&runnerVersion=2.336.0&os=Windows&architecture=X64&disableUpdate=false timed out after 100 seconds.
[2026-08-16 21:56:33Z ERR  BrokerServer] Catch exception during request
[2026-08-16 21:56:33Z ERR  BrokerServer] System.TimeoutException: The HTTP request timed out after 00:01:40.
 ---> System.Threading.Tasks.TaskCanceledException: The request was canceled due to the configured HttpClient.Timeout of 100 seconds elapsing.
 ---> System.TimeoutException: A task was canceled.
 ---> System.Threading.Tasks.TaskCanceledException: A task was canceled.
   at GitHub.Services.Common.VssHttpRetryMessageHandler.SendAsync(HttpRequestMessage request, CancellationToken cancellationToken)
   at System.Net.Http.HttpClient.<SendAsync>g__Core|83_0(HttpRequestMessage request, HttpCompletionOption completionOption, CancellationTokenSource cts, Boolean disposeCts, CancellationTokenSource pendingRequestsCts, CancellationToken originalCancellationToken)
   --- End of inner exception stack trace ---
   --- End of inner exception stack trace ---
   at System.Net.Http.HttpClient.HandleFailure(Exception e, Boolean telemetryStarted, HttpResponseMessage response, CancellationTokenSource cts, CancellationToken cancellationToken, CancellationTokenSource pendingRequestsCts)
   at System.Net.Http.HttpClient.<SendAsync>g__Core|83_0(HttpRequestMessage request, HttpCompletionOption completionOption, CancellationTokenSource cts, Boolean disposeCts, CancellationTokenSource pendingRequestsCts, CancellationToken originalCancellationToken)
   at GitHub.Services.OAuth.VssOAuthTokenHttpClient.GetTokenAsync(VssOAuthGrant grant, VssOAuthClientCredential credential, VssOAuthTokenParameters tokenParameters, CancellationToken cancellationToken)
   at GitHub.Services.OAuth.VssOAuthTokenProvider.OnGetTokenAsync(IssuedToken failedToken, CancellationToken cancellationToken)
   at GitHub.Services.Common.IssuedTokenProvider.GetTokenOperation.GetTokenAsync(VssTraceActivity traceActivity)
   at GitHub.Services.Common.IssuedTokenProvider.GetTokenAsync(IssuedToken failedToken, CancellationToken cancellationToken)
   at GitHub.Services.Common.RawHttpMessageHandler.SendAsync(HttpRequestMessage request, CancellationToken cancellationToken)
   --- End of inner exception stack trace ---
   at GitHub.Services.Common.RawHttpMessageHandler.SendAsync(HttpRequestMessage request, CancellationToken cancellationToken)
   at GitHub.Services.Common.VssHttpRetryMessageHandler.SendAsync(HttpRequestMessage request, CancellationToken cancellationToken)
   at System.Net.Http.HttpClient.<SendAsync>g__Core|83_0(HttpRequestMessage request, HttpCompletionOption completionOption, CancellationTokenSource cts, Boolean disposeCts, CancellationTokenSource pendingRequestsCts, CancellationToken originalCancellationToken)
   at Sdk.WebApi.WebApi.RawHttpClientBase.SendAsync(HttpRequestMessage message, HttpCompletionOption completionOption, Object userState, CancellationToken cancellationToken)
   at Sdk.WebApi.WebApi.RawHttpClientBase.SendAsync[T](HttpRequestMessage message, Boolean readErrorBody, Object userState, CancellationToken cancellationToken)
   at Sdk.WebApi.WebApi.RawHttpClientBase.SendAsync[T](HttpMethod method, IEnumerable`1 additionalHeaders, Uri requestUri, HttpContent content, IEnumerable`1 queryParameters, Boolean readErrorBody, Object userState, CancellationToken cancellationToken)
   at GitHub.Actions.RunService.WebApi.BrokerHttpClient.GetRunnerMessageAsync(Nullable`1 sessionId, String runnerVersion, Nullable`1 status, String os, String architecture, Nullable`1 disableUpdate, CancellationToken cancellationToken)
   at GitHub.Runner.Common.BrokerServer.<>c__DisplayClass7_0.<<GetRunnerMessageAsync>b__0>d.MoveNext()
--- End of stack trace from previous location ---
   at GitHub.Runner.Common.RunnerService.RetryRequest[T](Func`1 func, CancellationToken cancellationToken, Int32 maxAttempts, Func`2 shouldRetry)
[2026-08-16 21:56:33Z ERR  BrokerServer] #####################################################
[2026-08-16 21:56:33Z ERR  BrokerServer] System.Threading.Tasks.TaskCanceledException: The request was canceled due to the configured HttpClient.Timeout of 100 seconds elapsing.
 ---> System.TimeoutException: A task was canceled.
 ---> System.Threading.Tasks.TaskCanceledException: A task was canceled.
   at GitHub.Services.Common.VssHttpRetryMessageHandler.SendAsync(HttpRequestMessage request, CancellationToken cancellationToken)
   at System.Net.Http.HttpClient.<SendAsync>g__Core|83_0(HttpRequestMessage request, HttpCompletionOption completionOption, CancellationTokenSource cts, Boolean disposeCts, CancellationTokenSource pendingRequestsCts, CancellationToken originalCancellationToken)
   --- End of inner exception stack trace ---
   --- End of inner exception stack trace ---
   at System.Net.Http.HttpClient.HandleFailure(Exception e, Boolean telemetryStarted, HttpResponseMessage response, CancellationTokenSource cts, CancellationToken cancellationToken, CancellationTokenSource pendingRequestsCts)
   at System.Net.Http.HttpClient.<SendAsync>g__Core|83_0(HttpRequestMessage request, HttpCompletionOption completionOption, CancellationTokenSource cts, Boolean disposeCts, CancellationTokenSource pendingRequestsCts, CancellationToken originalCancellationToken)
   at GitHub.Services.OAuth.VssOAuthTokenHttpClient.GetTokenAsync(VssOAuthGrant grant, VssOAuthClientCredential credential, VssOAuthTokenParameters tokenParameters, CancellationToken cancellationToken)
   at GitHub.Services.OAuth.VssOAuthTokenProvider.OnGetTokenAsync(IssuedToken failedToken, CancellationToken cancellationToken)
   at GitHub.Services.Common.IssuedTokenProvider.GetTokenOperation.GetTokenAsync(VssTraceActivity traceActivity)
   at GitHub.Services.Common.IssuedTokenProvider.GetTokenAsync(IssuedToken failedToken, CancellationToken cancellationToken)
   at GitHub.Services.Common.RawHttpMessageHandler.SendAsync(HttpRequestMessage request, CancellationToken cancellationToken)
[2026-08-16 21:56:33Z ERR  BrokerServer] #####################################################
[2026-08-16 21:56:33Z ERR  BrokerServer] System.TimeoutException: A task was canceled.
 ---> System.Threading.Tasks.TaskCanceledException: A task was canceled.
   at GitHub.Services.Common.VssHttpRetryMessageHandler.SendAsync(HttpRequestMessage request, CancellationToken cancellationToken)
   at System.Net.Http.HttpClient.<SendAsync>g__Core|83_0(HttpRequestMessage request, HttpCompletionOption completionOption, CancellationTokenSource cts, Boolean disposeCts, CancellationTokenSource pendingRequestsCts, CancellationToken originalCancellationToken)
   --- End of inner exception stack trace ---
[2026-08-16 21:56:33Z ERR  BrokerServer] #####################################################
[2026-08-16 21:56:33Z ERR  BrokerServer] System.Threading.Tasks.TaskCanceledException: A task was canceled.
   at GitHub.Services.Common.VssHttpRetryMessageHandler.SendAsync(HttpRequestMessage request, CancellationToken cancellationToken)
   at System.Net.Http.HttpClient.<SendAsync>g__Core|83_0(HttpRequestMessage request, HttpCompletionOption completionOption, CancellationTokenSource cts, Boolean disposeCts, CancellationTokenSource pendingRequestsCts, CancellationToken originalCancellationToken)
[2026-08-16 21:56:33Z WARN BrokerServer] Back off 6.825 seconds before next retry. 1 attempt left.
[2026-08-16 21:56:40Z INFO RSAEncryptedFileKeyManager] Loading RSA key parameters from file C:\Users\sheet\OneDrive\Desktop\Devops\DEVOPS INSIDER\GIT practice\b18_G79Sheetal\actions-runner\.credentials_rsaparams
[2026-08-16 21:56:40Z WARN GitHubActionsService] Attempt 1 of POST request to https://tokenghub.actions.githubusercontent.com/_apis/oauth2/token/5e5ea7c5-1e9e-4f1b-832f-821fc36fd13e failed (Socket Error: HostNotFound). The operation will be retried in 11.024 seconds.
[2026-08-16 21:56:51Z WARN GitHubActionsService] Attempt 2 of POST request to https://tokenghub.actions.githubusercontent.com/_apis/oauth2/token/5e5ea7c5-1e9e-4f1b-832f-821fc36fd13e failed (Socket Error: HostNotFound). The operation will be retried in 13.576 seconds.
[2026-08-16 21:57:05Z WARN GitHubActionsService] Attempt 3 of POST request to https://tokenghub.actions.githubusercontent.com/_apis/oauth2/token/5e5ea7c5-1e9e-4f1b-832f-821fc36fd13e failed (Socket Error: HostNotFound). The operation will be retried in 15.754 seconds.
[2026-08-16 21:57:20Z WARN GitHubActionsService] Attempt 4 of POST request to https://tokenghub.actions.githubusercontent.com/_apis/oauth2/token/5e5ea7c5-1e9e-4f1b-832f-821fc36fd13e failed (Socket Error: HostNotFound). The operation will be retried in 27.46 seconds.
[2026-08-16 21:57:48Z WARN GitHubActionsService] Attempt 5 of POST request to https://tokenghub.actions.githubusercontent.com/_apis/oauth2/token/5e5ea7c5-1e9e-4f1b-832f-821fc36fd13e failed (Socket Error: HostNotFound). The operation will be retried in 45.96 seconds.
[2026-08-16 21:58:20Z WARN GitHubActionsService] Retrieving an AAD auth token took a long time (100.0045689 seconds)
[2026-08-16 21:58:20Z WARN GitHubActionsService] GET request to https://broker.actions.githubusercontent.com/message?sessionId=cfc40dcc-4a56-4fa4-8bc2-767410e8c931&status=Online&runnerVersion=2.336.0&os=Windows&architecture=X64&disableUpdate=false timed out after 100 seconds.
[2026-08-16 21:58:20Z ERR  BrokerMessageListener] Catch exception during get next message.
[2026-08-16 21:58:20Z ERR  BrokerMessageListener] System.TimeoutException: The HTTP request timed out after 00:01:40.
 ---> System.Threading.Tasks.TaskCanceledException: The request was canceled due to the configured HttpClient.Timeout of 100 seconds elapsing.
 ---> System.TimeoutException: A task was canceled.
 ---> System.Threading.Tasks.TaskCanceledException: A task was canceled.
   at GitHub.Services.Common.VssHttpRetryMessageHandler.SendAsync(HttpRequestMessage request, CancellationToken cancellationToken)
   at System.Net.Http.HttpClient.<SendAsync>g__Core|83_0(HttpRequestMessage request, HttpCompletionOption completionOption, CancellationTokenSource cts, Boolean disposeCts, CancellationTokenSource pendingRequestsCts, CancellationToken originalCancellationToken)
   --- End of inner exception stack trace ---
   --- End of inner exception stack trace ---
   at System.Net.Http.HttpClient.HandleFailure(Exception e, Boolean telemetryStarted, HttpResponseMessage response, CancellationTokenSource cts, CancellationToken cancellationToken, CancellationTokenSource pendingRequestsCts)
   at System.Net.Http.HttpClient.<SendAsync>g__Core|83_0(HttpRequestMessage request, HttpCompletionOption completionOption, CancellationTokenSource cts, Boolean disposeCts, CancellationTokenSource pendingRequestsCts, CancellationToken originalCancellationToken)
   at GitHub.Services.OAuth.VssOAuthTokenHttpClient.GetTokenAsync(VssOAuthGrant grant, VssOAuthClientCredential credential, VssOAuthTokenParameters tokenParameters, CancellationToken cancellationToken)
   at GitHub.Services.OAuth.VssOAuthTokenProvider.OnGetTokenAsync(IssuedToken failedToken, CancellationToken cancellationToken)
   at GitHub.Services.Common.IssuedTokenProvider.GetTokenOperation.GetTokenAsync(VssTraceActivity traceActivity)
   at GitHub.Services.Common.IssuedTokenProvider.GetTokenAsync(IssuedToken failedToken, CancellationToken cancellationToken)
   at GitHub.Services.Common.RawHttpMessageHandler.SendAsync(HttpRequestMessage request, CancellationToken cancellationToken)
   --- End of inner exception stack trace ---
   at GitHub.Services.Common.RawHttpMessageHandler.SendAsync(HttpRequestMessage request, CancellationToken cancellationToken)
   at GitHub.Services.Common.VssHttpRetryMessageHandler.SendAsync(HttpRequestMessage request, CancellationToken cancellationToken)
   at System.Net.Http.HttpClient.<SendAsync>g__Core|83_0(HttpRequestMessage request, HttpCompletionOption completionOption, CancellationTokenSource cts, Boolean disposeCts, CancellationTokenSource pendingRequestsCts, CancellationToken originalCancellationToken)
   at Sdk.WebApi.WebApi.RawHttpClientBase.SendAsync(HttpRequestMessage message, HttpCompletionOption completionOption, Object userState, CancellationToken cancellationToken)
   at Sdk.WebApi.WebApi.RawHttpClientBase.SendAsync[T](HttpRequestMessage message, Boolean readErrorBody, Object userState, CancellationToken cancellationToken)
   at Sdk.WebApi.WebApi.RawHttpClientBase.SendAsync[T](HttpMethod method, IEnumerable`1 additionalHeaders, Uri requestUri, HttpContent content, IEnumerable`1 queryParameters, Boolean readErrorBody, Object userState, CancellationToken cancellationToken)
   at GitHub.Actions.RunService.WebApi.BrokerHttpClient.GetRunnerMessageAsync(Nullable`1 sessionId, String runnerVersion, Nullable`1 status, String os, String architecture, Nullable`1 disableUpdate, CancellationToken cancellationToken)
   at GitHub.Runner.Common.BrokerServer.<>c__DisplayClass7_0.<<GetRunnerMessageAsync>b__0>d.MoveNext()
--- End of stack trace from previous location ---
   at GitHub.Runner.Common.RunnerService.RetryRequest[T](Func`1 func, CancellationToken cancellationToken, Int32 maxAttempts, Func`2 shouldRetry)
   at GitHub.Runner.Listener.BrokerMessageListener.GetNextMessageAsync(CancellationToken token)
[2026-08-16 21:58:20Z ERR  BrokerMessageListener] #####################################################
[2026-08-16 21:58:20Z ERR  BrokerMessageListener] System.Threading.Tasks.TaskCanceledException: The request was canceled due to the configured HttpClient.Timeout of 100 seconds elapsing.
 ---> System.TimeoutException: A task was canceled.
 ---> System.Threading.Tasks.TaskCanceledException: A task was canceled.
   at GitHub.Services.Common.VssHttpRetryMessageHandler.SendAsync(HttpRequestMessage request, CancellationToken cancellationToken)
   at System.Net.Http.HttpClient.<SendAsync>g__Core|83_0(HttpRequestMessage request, HttpCompletionOption completionOption, CancellationTokenSource cts, Boolean disposeCts, CancellationTokenSource pendingRequestsCts, CancellationToken originalCancellationToken)
   --- End of inner exception stack trace ---
   --- End of inner exception stack trace ---
   at System.Net.Http.HttpClient.HandleFailure(Exception e, Boolean telemetryStarted, HttpResponseMessage response, CancellationTokenSource cts, CancellationToken cancellationToken, CancellationTokenSource pendingRequestsCts)
   at System.Net.Http.HttpClient.<SendAsync>g__Core|83_0(HttpRequestMessage request, HttpCompletionOption completionOption, CancellationTokenSource cts, Boolean disposeCts, CancellationTokenSource pendingRequestsCts, CancellationToken originalCancellationToken)
   at GitHub.Services.OAuth.VssOAuthTokenHttpClient.GetTokenAsync(VssOAuthGrant grant, VssOAuthClientCredential credential, VssOAuthTokenParameters tokenParameters, CancellationToken cancellationToken)
   at GitHub.Services.OAuth.VssOAuthTokenProvider.OnGetTokenAsync(IssuedToken failedToken, CancellationToken cancellationToken)
   at GitHub.Services.Common.IssuedTokenProvider.GetTokenOperation.GetTokenAsync(VssTraceActivity traceActivity)
   at GitHub.Services.Common.IssuedTokenProvider.GetTokenAsync(IssuedToken failedToken, CancellationToken cancellationToken)
   at GitHub.Services.Common.RawHttpMessageHandler.SendAsync(HttpRequestMessage request, CancellationToken cancellationToken)
[2026-08-16 21:58:20Z ERR  BrokerMessageListener] #####################################################
[2026-08-16 21:58:20Z ERR  BrokerMessageListener] System.TimeoutException: A task was canceled.
 ---> System.Threading.Tasks.TaskCanceledException: A task was canceled.
   at GitHub.Services.Common.VssHttpRetryMessageHandler.SendAsync(HttpRequestMessage request, CancellationToken cancellationToken)
   at System.Net.Http.HttpClient.<SendAsync>g__Core|83_0(HttpRequestMessage request, HttpCompletionOption completionOption, CancellationTokenSource cts, Boolean disposeCts, CancellationTokenSource pendingRequestsCts, CancellationToken originalCancellationToken)
   --- End of inner exception stack trace ---
[2026-08-16 21:58:20Z ERR  BrokerMessageListener] #####################################################
[2026-08-16 21:58:20Z ERR  BrokerMessageListener] System.Threading.Tasks.TaskCanceledException: A task was canceled.
   at GitHub.Services.Common.VssHttpRetryMessageHandler.SendAsync(HttpRequestMessage request, CancellationToken cancellationToken)
   at System.Net.Http.HttpClient.<SendAsync>g__Core|83_0(HttpRequestMessage request, HttpCompletionOption completionOption, CancellationTokenSource cts, Boolean disposeCts, CancellationTokenSource pendingRequestsCts, CancellationToken originalCancellationToken)
[2026-08-16 21:58:20Z INFO BrokerMessageListener] Retriable exception: The HTTP request timed out after 00:01:40.
[2026-08-16 21:58:20Z INFO BrokerMessageListener] Reload credentials.
[2026-08-16 21:58:20Z INFO ConfigurationStore] HasCredentials()
[2026-08-16 21:58:20Z INFO ConfigurationStore] stored True
[2026-08-16 21:58:20Z INFO CredentialManager] GetCredentialProvider
[2026-08-16 21:58:20Z INFO CredentialManager] Creating type OAuth
[2026-08-16 21:58:20Z INFO CredentialManager] Creating credential type: OAuth
[2026-08-16 21:58:20Z INFO RSAEncryptedFileKeyManager] Loading RSA key parameters from file C:\Users\sheet\OneDrive\Desktop\Devops\DEVOPS INSIDER\GIT practice\b18_G79Sheetal\actions-runner\.credentials_rsaparams
[2026-08-16 21:58:20Z INFO BrokerMessageListener] Connection to Broker Server recreated.
[2026-08-16 21:58:20Z INFO BrokerMessageListener] Sleeping for 18.857 seconds before retrying.
[2026-08-16 21:58:39Z INFO RSAEncryptedFileKeyManager] Loading RSA key parameters from file C:\Users\sheet\OneDrive\Desktop\Devops\DEVOPS INSIDER\GIT practice\b18_G79Sheetal\actions-runner\.credentials_rsaparams
[2026-08-16 21:58:39Z INFO RSAEncryptedFileKeyManager] Loading RSA key parameters from file C:\Users\sheet\OneDrive\Desktop\Devops\DEVOPS INSIDER\GIT practice\b18_G79Sheetal\actions-runner\.credentials_rsaparams
[2026-08-16 21:58:39Z WARN GitHubActionsService] Attempt 1 of POST request to https://tokenghub.actions.githubusercontent.com/_apis/oauth2/token/5e5ea7c5-1e9e-4f1b-832f-821fc36fd13e failed (Socket Error: HostNotFound). The operation will be retried in 10.866 seconds.
[2026-08-16 21:58:50Z WARN GitHubActionsService] Attempt 2 of POST request to https://tokenghub.actions.githubusercontent.com/_apis/oauth2/token/5e5ea7c5-1e9e-4f1b-832f-821fc36fd13e failed (Socket Error: HostNotFound). The operation will be retried in 12.535 seconds.
[2026-08-16 21:59:02Z WARN GitHubActionsService] Attempt 3 of POST request to https://tokenghub.actions.githubusercontent.com/_apis/oauth2/token/5e5ea7c5-1e9e-4f1b-832f-821fc36fd13e failed (Socket Error: HostNotFound). The operation will be retried in 16.09 seconds.
[2026-08-16 21:59:18Z WARN GitHubActionsService] Attempt 4 of POST request to https://tokenghub.actions.githubusercontent.com/_apis/oauth2/token/5e5ea7c5-1e9e-4f1b-832f-821fc36fd13e failed (Socket Error: HostNotFound). The operation will be retried in 22.81 seconds.
[2026-08-16 21:59:41Z WARN GitHubActionsService] Attempt 5 of POST request to https://tokenghub.actions.githubusercontent.com/_apis/oauth2/token/5e5ea7c5-1e9e-4f1b-832f-821fc36fd13e failed (Socket Error: HostNotFound). The operation will be retried in 44.503 seconds.
[2026-08-16 22:00:19Z WARN GitHubActionsService] Retrieving an AAD auth token took a long time (100.004371 seconds)
[2026-08-16 22:00:19Z WARN GitHubActionsService] GET request to https://broker.actions.githubusercontent.com/message?sessionId=cfc40dcc-4a56-4fa4-8bc2-767410e8c931&status=Online&runnerVersion=2.336.0&os=Windows&architecture=X64&disableUpdate=false timed out after 100 seconds.
[2026-08-16 22:00:19Z ERR  BrokerServer] Catch exception during request
[2026-08-16 22:00:19Z ERR  BrokerServer] System.TimeoutException: The HTTP request timed out after 00:01:40.
 ---> System.Threading.Tasks.TaskCanceledException: A task was canceled.
 ---> System.Threading.Tasks.TaskCanceledException: A task was canceled.
   at GitHub.Services.Common.VssHttpRetryMessageHandler.SendAsync(HttpRequestMessage request, CancellationToken cancellationToken)
   at System.Net.Http.HttpClient.<SendAsync>g__Core|83_0(HttpRequestMessage request, HttpCompletionOption completionOption, CancellationTokenSource cts, Boolean disposeCts, CancellationTokenSource pendingRequestsCts, CancellationToken originalCancellationToken)
   --- End of inner exception stack trace ---
   at System.Net.Http.HttpClient.HandleFailure(Exception e, Boolean telemetryStarted, HttpResponseMessage response, CancellationTokenSource cts, CancellationToken cancellationToken, CancellationTokenSource pendingRequestsCts)
   at System.Net.Http.HttpClient.<SendAsync>g__Core|83_0(HttpRequestMessage request, HttpCompletionOption completionOption, CancellationTokenSource cts, Boolean disposeCts, CancellationTokenSource pendingRequestsCts, CancellationToken originalCancellationToken)
   at GitHub.Services.OAuth.VssOAuthTokenHttpClient.GetTokenAsync(VssOAuthGrant grant, VssOAuthClientCredential credential, VssOAuthTokenParameters tokenParameters, CancellationToken cancellationToken)
   at GitHub.Services.OAuth.VssOAuthTokenProvider.OnGetTokenAsync(IssuedToken failedToken, CancellationToken cancellationToken)
   at GitHub.Services.Common.IssuedTokenProvider.GetTokenOperation.GetTokenAsync(VssTraceActivity traceActivity)
   at GitHub.Services.Common.IssuedTokenProvider.GetTokenAsync(IssuedToken failedToken, CancellationToken cancellationToken)
   at GitHub.Services.Common.RawHttpMessageHandler.SendAsync(HttpRequestMessage request, CancellationToken cancellationToken)
   --- End of inner exception stack trace ---
   at GitHub.Services.Common.RawHttpMessageHandler.SendAsync(HttpRequestMessage request, CancellationToken cancellationToken)
   at GitHub.Services.Common.VssHttpRetryMessageHandler.SendAsync(HttpRequestMessage request, CancellationToken cancellationToken)
   at System.Net.Http.HttpClient.<SendAsync>g__Core|83_0(HttpRequestMessage request, HttpCompletionOption completionOption, CancellationTokenSource cts, Boolean disposeCts, CancellationTokenSource pendingRequestsCts, CancellationToken originalCancellationToken)
   at Sdk.WebApi.WebApi.RawHttpClientBase.SendAsync(HttpRequestMessage message, HttpCompletionOption completionOption, Object userState, CancellationToken cancellationToken)
   at Sdk.WebApi.WebApi.RawHttpClientBase.SendAsync[T](HttpRequestMessage message, Boolean readErrorBody, Object userState, CancellationToken cancellationToken)
   at Sdk.WebApi.WebApi.RawHttpClientBase.SendAsync[T](HttpMethod method, IEnumerable`1 additionalHeaders, Uri requestUri, HttpContent content, IEnumerable`1 queryParameters, Boolean readErrorBody, Object userState, CancellationToken cancellationToken)
   at GitHub.Actions.RunService.WebApi.BrokerHttpClient.GetRunnerMessageAsync(Nullable`1 sessionId, String runnerVersion, Nullable`1 status, String os, String architecture, Nullable`1 disableUpdate, CancellationToken cancellationToken)
   at GitHub.Runner.Common.BrokerServer.<>c__DisplayClass7_0.<<GetRunnerMessageAsync>b__0>d.MoveNext()
--- End of stack trace from previous location ---
   at GitHub.Runner.Common.RunnerService.RetryRequest[T](Func`1 func, CancellationToken cancellationToken, Int32 maxAttempts, Func`2 shouldRetry)
[2026-08-16 22:00:19Z ERR  BrokerServer] #####################################################
[2026-08-16 22:00:19Z ERR  BrokerServer] System.Threading.Tasks.TaskCanceledException: A task was canceled.
 ---> System.Threading.Tasks.TaskCanceledException: A task was canceled.
   at GitHub.Services.Common.VssHttpRetryMessageHandler.SendAsync(HttpRequestMessage request, CancellationToken cancellationToken)
   at System.Net.Http.HttpClient.<SendAsync>g__Core|83_0(HttpRequestMessage request, HttpCompletionOption completionOption, CancellationTokenSource cts, Boolean disposeCts, CancellationTokenSource pendingRequestsCts, CancellationToken originalCancellationToken)
   --- End of inner exception stack trace ---
   at System.Net.Http.HttpClient.HandleFailure(Exception e, Boolean telemetryStarted, HttpResponseMessage response, CancellationTokenSource cts, CancellationToken cancellationToken, CancellationTokenSource pendingRequestsCts)
   at System.Net.Http.HttpClient.<SendAsync>g__Core|83_0(HttpRequestMessage request, HttpCompletionOption completionOption, CancellationTokenSource cts, Boolean disposeCts, CancellationTokenSource pendingRequestsCts, CancellationToken originalCancellationToken)
   at GitHub.Services.OAuth.VssOAuthTokenHttpClient.GetTokenAsync(VssOAuthGrant grant, VssOAuthClientCredential credential, VssOAuthTokenParameters tokenParameters, CancellationToken cancellationToken)
   at GitHub.Services.OAuth.VssOAuthTokenProvider.OnGetTokenAsync(IssuedToken failedToken, CancellationToken cancellationToken)
   at GitHub.Services.Common.IssuedTokenProvider.GetTokenOperation.GetTokenAsync(VssTraceActivity traceActivity)
   at GitHub.Services.Common.IssuedTokenProvider.GetTokenAsync(IssuedToken failedToken, CancellationToken cancellationToken)
   at GitHub.Services.Common.RawHttpMessageHandler.SendAsync(HttpRequestMessage request, CancellationToken cancellationToken)
[2026-08-16 22:00:19Z ERR  BrokerServer] #####################################################
[2026-08-16 22:00:19Z ERR  BrokerServer] System.Threading.Tasks.TaskCanceledException: A task was canceled.
   at GitHub.Services.Common.VssHttpRetryMessageHandler.SendAsync(HttpRequestMessage request, CancellationToken cancellationToken)
   at System.Net.Http.HttpClient.<SendAsync>g__Core|83_0(HttpRequestMessage request, HttpCompletionOption completionOption, CancellationTokenSource cts, Boolean disposeCts, CancellationTokenSource pendingRequestsCts, CancellationToken originalCancellationToken)
[2026-08-16 22:00:19Z WARN BrokerServer] Back off 12.61 seconds before next retry. 4 attempt left.
[2026-08-16 22:00:31Z INFO RSAEncryptedFileKeyManager] Loading RSA key parameters from file C:\Users\sheet\OneDrive\Desktop\Devops\DEVOPS INSIDER\GIT practice\b18_G79Sheetal\actions-runner\.credentials_rsaparams
[2026-08-16 22:00:31Z WARN GitHubActionsService] Attempt 1 of POST request to https://tokenghub.actions.githubusercontent.com/_apis/oauth2/token/5e5ea7c5-1e9e-4f1b-832f-821fc36fd13e failed (Socket Error: HostNotFound). The operation will be retried in 10.913 seconds.
[2026-08-16 22:00:42Z WARN GitHubActionsService] Attempt 2 of POST request to https://tokenghub.actions.githubusercontent.com/_apis/oauth2/token/5e5ea7c5-1e9e-4f1b-832f-821fc36fd13e failed (Socket Error: HostNotFound). The operation will be retried in 13.162 seconds.
[2026-08-16 22:00:56Z WARN GitHubActionsService] Attempt 3 of POST request to https://tokenghub.actions.githubusercontent.com/_apis/oauth2/token/5e5ea7c5-1e9e-4f1b-832f-821fc36fd13e failed (Socket Error: HostNotFound). The operation will be retried in 17.084 seconds.
[2026-08-16 22:01:13Z WARN GitHubActionsService] Attempt 4 of POST request to https://tokenghub.actions.githubusercontent.com/_apis/oauth2/token/5e5ea7c5-1e9e-4f1b-832f-821fc36fd13e failed (Socket Error: HostNotFound). The operation will be retried in 25.6 seconds.
[2026-08-16 22:01:38Z WARN GitHubActionsService] Attempt 5 of POST request to https://tokenghub.actions.githubusercontent.com/_apis/oauth2/token/5e5ea7c5-1e9e-4f1b-832f-821fc36fd13e failed (Socket Error: HostNotFound). The operation will be retried in 44.038 seconds.
[2026-08-16 22:02:11Z WARN GitHubActionsService] Retrieving an AAD auth token took a long time (100.0125863 seconds)
[2026-08-16 22:02:11Z WARN GitHubActionsService] GET request to https://broker.actions.githubusercontent.com/message?sessionId=cfc40dcc-4a56-4fa4-8bc2-767410e8c931&status=Online&runnerVersion=2.336.0&os=Windows&architecture=X64&disableUpdate=false timed out after 100 seconds.
[2026-08-16 22:02:11Z ERR  BrokerServer] Catch exception during request
[2026-08-16 22:02:11Z ERR  BrokerServer] System.TimeoutException: The HTTP request timed out after 00:01:40.
 ---> System.Threading.Tasks.TaskCanceledException: The request was canceled due to the configured HttpClient.Timeout of 100 seconds elapsing.
 ---> System.TimeoutException: A task was canceled.
 ---> System.Threading.Tasks.TaskCanceledException: A task was canceled.
   at GitHub.Services.Common.VssHttpRetryMessageHandler.SendAsync(HttpRequestMessage request, CancellationToken cancellationToken)
   at System.Net.Http.HttpClient.<SendAsync>g__Core|83_0(HttpRequestMessage request, HttpCompletionOption completionOption, CancellationTokenSource cts, Boolean disposeCts, CancellationTokenSource pendingRequestsCts, CancellationToken originalCancellationToken)
   --- End of inner exception stack trace ---
   --- End of inner exception stack trace ---
   at System.Net.Http.HttpClient.HandleFailure(Exception e, Boolean telemetryStarted, HttpResponseMessage response, CancellationTokenSource cts, CancellationToken cancellationToken, CancellationTokenSource pendingRequestsCts)
   at System.Net.Http.HttpClient.<SendAsync>g__Core|83_0(HttpRequestMessage request, HttpCompletionOption completionOption, CancellationTokenSource cts, Boolean disposeCts, CancellationTokenSource pendingRequestsCts, CancellationToken originalCancellationToken)
   at GitHub.Services.OAuth.VssOAuthTokenHttpClient.GetTokenAsync(VssOAuthGrant grant, VssOAuthClientCredential credential, VssOAuthTokenParameters tokenParameters, CancellationToken cancellationToken)
   at GitHub.Services.OAuth.VssOAuthTokenProvider.OnGetTokenAsync(IssuedToken failedToken, CancellationToken cancellationToken)
   at GitHub.Services.Common.IssuedTokenProvider.GetTokenOperation.GetTokenAsync(VssTraceActivity traceActivity)
   at GitHub.Services.Common.IssuedTokenProvider.GetTokenAsync(IssuedToken failedToken, CancellationToken cancellationToken)
   at GitHub.Services.Common.RawHttpMessageHandler.SendAsync(HttpRequestMessage request, CancellationToken cancellationToken)
   --- End of inner exception stack trace ---
   at GitHub.Services.Common.RawHttpMessageHandler.SendAsync(HttpRequestMessage request, CancellationToken cancellationToken)
   at GitHub.Services.Common.VssHttpRetryMessageHandler.SendAsync(HttpRequestMessage request, CancellationToken cancellationToken)
   at System.Net.Http.HttpClient.<SendAsync>g__Core|83_0(HttpRequestMessage request, HttpCompletionOption completionOption, CancellationTokenSource cts, Boolean disposeCts, CancellationTokenSource pendingRequestsCts, CancellationToken originalCancellationToken)
   at Sdk.WebApi.WebApi.RawHttpClientBase.SendAsync(HttpRequestMessage message, HttpCompletionOption completionOption, Object userState, CancellationToken cancellationToken)
   at Sdk.WebApi.WebApi.RawHttpClientBase.SendAsync[T](HttpRequestMessage message, Boolean readErrorBody, Object userState, CancellationToken cancellationToken)
   at Sdk.WebApi.WebApi.RawHttpClientBase.SendAsync[T](HttpMethod method, IEnumerable`1 additionalHeaders, Uri requestUri, HttpContent content, IEnumerable`1 queryParameters, Boolean readErrorBody, Object userState, CancellationToken cancellationToken)
   at GitHub.Actions.RunService.WebApi.BrokerHttpClient.GetRunnerMessageAsync(Nullable`1 sessionId, String runnerVersion, Nullable`1 status, String os, String architecture, Nullable`1 disableUpdate, CancellationToken cancellationToken)
   at GitHub.Runner.Common.BrokerServer.<>c__DisplayClass7_0.<<GetRunnerMessageAsync>b__0>d.MoveNext()
--- End of stack trace from previous location ---
   at GitHub.Runner.Common.RunnerService.RetryRequest[T](Func`1 func, CancellationToken cancellationToken, Int32 maxAttempts, Func`2 shouldRetry)
[2026-08-16 22:02:11Z ERR  BrokerServer] #####################################################
[2026-08-16 22:02:11Z ERR  BrokerServer] System.Threading.Tasks.TaskCanceledException: The request was canceled due to the configured HttpClient.Timeout of 100 seconds elapsing.
 ---> System.TimeoutException: A task was canceled.
 ---> System.Threading.Tasks.TaskCanceledException: A task was canceled.
   at GitHub.Services.Common.VssHttpRetryMessageHandler.SendAsync(HttpRequestMessage request, CancellationToken cancellationToken)
   at System.Net.Http.HttpClient.<SendAsync>g__Core|83_0(HttpRequestMessage request, HttpCompletionOption completionOption, CancellationTokenSource cts, Boolean disposeCts, CancellationTokenSource pendingRequestsCts, CancellationToken originalCancellationToken)
   --- End of inner exception stack trace ---
   --- End of inner exception stack trace ---
   at System.Net.Http.HttpClient.HandleFailure(Exception e, Boolean telemetryStarted, HttpResponseMessage response, CancellationTokenSource cts, CancellationToken cancellationToken, CancellationTokenSource pendingRequestsCts)
   at System.Net.Http.HttpClient.<SendAsync>g__Core|83_0(HttpRequestMessage request, HttpCompletionOption completionOption, CancellationTokenSource cts, Boolean disposeCts, CancellationTokenSource pendingRequestsCts, CancellationToken originalCancellationToken)
   at GitHub.Services.OAuth.VssOAuthTokenHttpClient.GetTokenAsync(VssOAuthGrant grant, VssOAuthClientCredential credential, VssOAuthTokenParameters tokenParameters, CancellationToken cancellationToken)
   at GitHub.Services.OAuth.VssOAuthTokenProvider.OnGetTokenAsync(IssuedToken failedToken, CancellationToken cancellationToken)
   at GitHub.Services.Common.IssuedTokenProvider.GetTokenOperation.GetTokenAsync(VssTraceActivity traceActivity)
   at GitHub.Services.Common.IssuedTokenProvider.GetTokenAsync(IssuedToken failedToken, CancellationToken cancellationToken)
   at GitHub.Services.Common.RawHttpMessageHandler.SendAsync(HttpRequestMessage request, CancellationToken cancellationToken)
[2026-08-16 22:02:11Z ERR  BrokerServer] #####################################################
[2026-08-16 22:02:11Z ERR  BrokerServer] System.TimeoutException: A task was canceled.
 ---> System.Threading.Tasks.TaskCanceledException: A task was canceled.
   at GitHub.Services.Common.VssHttpRetryMessageHandler.SendAsync(HttpRequestMessage request, CancellationToken cancellationToken)
   at System.Net.Http.HttpClient.<SendAsync>g__Core|83_0(HttpRequestMessage request, HttpCompletionOption completionOption, CancellationTokenSource cts, Boolean disposeCts, CancellationTokenSource pendingRequestsCts, CancellationToken originalCancellationToken)
   --- End of inner exception stack trace ---
[2026-08-16 22:02:11Z ERR  BrokerServer] #####################################################
[2026-08-16 22:02:11Z ERR  BrokerServer] System.Threading.Tasks.TaskCanceledException: A task was canceled.
   at GitHub.Services.Common.VssHttpRetryMessageHandler.SendAsync(HttpRequestMessage request, CancellationToken cancellationToken)
   at System.Net.Http.HttpClient.<SendAsync>g__Core|83_0(HttpRequestMessage request, HttpCompletionOption completionOption, CancellationTokenSource cts, Boolean disposeCts, CancellationTokenSource pendingRequestsCts, CancellationToken originalCancellationToken)
[2026-08-16 22:02:11Z WARN BrokerServer] Back off 10.275 seconds before next retry. 3 attempt left.
[2026-08-16 22:02:22Z INFO RSAEncryptedFileKeyManager] Loading RSA key parameters from file C:\Users\sheet\OneDrive\Desktop\Devops\DEVOPS INSIDER\GIT practice\b18_G79Sheetal\actions-runner\.credentials_rsaparams
[2026-08-16 22:02:22Z WARN GitHubActionsService] Attempt 1 of POST request to https://tokenghub.actions.githubusercontent.com/_apis/oauth2/token/5e5ea7c5-1e9e-4f1b-832f-821fc36fd13e failed (Socket Error: HostNotFound). The operation will be retried in 11.096 seconds.
[2026-08-16 22:02:33Z WARN GitHubActionsService] Attempt 2 of POST request to https://tokenghub.actions.githubusercontent.com/_apis/oauth2/token/5e5ea7c5-1e9e-4f1b-832f-821fc36fd13e failed (Socket Error: HostNotFound). The operation will be retried in 12.436 seconds.
[2026-08-16 22:02:45Z WARN GitHubActionsService] Attempt 3 of POST request to https://tokenghub.actions.githubusercontent.com/_apis/oauth2/token/5e5ea7c5-1e9e-4f1b-832f-821fc36fd13e failed (Socket Error: HostNotFound). The operation will be retried in 16.419 seconds.
[2026-08-16 22:03:02Z WARN GitHubActionsService] Attempt 4 of POST request to https://tokenghub.actions.githubusercontent.com/_apis/oauth2/token/5e5ea7c5-1e9e-4f1b-832f-821fc36fd13e failed (Socket Error: HostNotFound). The operation will be retried in 23.395 seconds.
[2026-08-16 22:03:25Z WARN GitHubActionsService] Attempt 5 of POST request to https://tokenghub.actions.githubusercontent.com/_apis/oauth2/token/5e5ea7c5-1e9e-4f1b-832f-821fc36fd13e failed (Socket Error: HostNotFound). The operation will be retried in 39.481 seconds.
[2026-08-16 22:04:02Z WARN GitHubActionsService] Retrieving an AAD auth token took a long time (100.0134334 seconds)
[2026-08-16 22:04:02Z WARN GitHubActionsService] GET request to https://broker.actions.githubusercontent.com/message?sessionId=cfc40dcc-4a56-4fa4-8bc2-767410e8c931&status=Online&runnerVersion=2.336.0&os=Windows&architecture=X64&disableUpdate=false timed out after 100 seconds.
[2026-08-16 22:04:02Z ERR  BrokerServer] Catch exception during request
[2026-08-16 22:04:02Z ERR  BrokerServer] System.TimeoutException: The HTTP request timed out after 00:01:40.
 ---> System.Threading.Tasks.TaskCanceledException: The request was canceled due to the configured HttpClient.Timeout of 100 seconds elapsing.
 ---> System.TimeoutException: A task was canceled.
 ---> System.Threading.Tasks.TaskCanceledException: A task was canceled.
   at GitHub.Services.Common.VssHttpRetryMessageHandler.SendAsync(HttpRequestMessage request, CancellationToken cancellationToken)
   at System.Net.Http.HttpClient.<SendAsync>g__Core|83_0(HttpRequestMessage request, HttpCompletionOption completionOption, CancellationTokenSource cts, Boolean disposeCts, CancellationTokenSource pendingRequestsCts, CancellationToken originalCancellationToken)
   --- End of inner exception stack trace ---
   --- End of inner exception stack trace ---
   at System.Net.Http.HttpClient.HandleFailure(Exception e, Boolean telemetryStarted, HttpResponseMessage response, CancellationTokenSource cts, CancellationToken cancellationToken, CancellationTokenSource pendingRequestsCts)
   at System.Net.Http.HttpClient.<SendAsync>g__Core|83_0(HttpRequestMessage request, HttpCompletionOption completionOption, CancellationTokenSource cts, Boolean disposeCts, CancellationTokenSource pendingRequestsCts, CancellationToken originalCancellationToken)
   at GitHub.Services.OAuth.VssOAuthTokenHttpClient.GetTokenAsync(VssOAuthGrant grant, VssOAuthClientCredential credential, VssOAuthTokenParameters tokenParameters, CancellationToken cancellationToken)
   at GitHub.Services.OAuth.VssOAuthTokenProvider.OnGetTokenAsync(IssuedToken failedToken, CancellationToken cancellationToken)
   at GitHub.Services.Common.IssuedTokenProvider.GetTokenOperation.GetTokenAsync(VssTraceActivity traceActivity)
   at GitHub.Services.Common.IssuedTokenProvider.GetTokenAsync(IssuedToken failedToken, CancellationToken cancellationToken)
   at GitHub.Services.Common.RawHttpMessageHandler.SendAsync(HttpRequestMessage request, CancellationToken cancellationToken)
   --- End of inner exception stack trace ---
   at GitHub.Services.Common.RawHttpMessageHandler.SendAsync(HttpRequestMessage request, CancellationToken cancellationToken)
   at GitHub.Services.Common.VssHttpRetryMessageHandler.SendAsync(HttpRequestMessage request, CancellationToken cancellationToken)
   at System.Net.Http.HttpClient.<SendAsync>g__Core|83_0(HttpRequestMessage request, HttpCompletionOption completionOption, CancellationTokenSource cts, Boolean disposeCts, CancellationTokenSource pendingRequestsCts, CancellationToken originalCancellationToken)
   at Sdk.WebApi.WebApi.RawHttpClientBase.SendAsync(HttpRequestMessage message, HttpCompletionOption completionOption, Object userState, CancellationToken cancellationToken)
   at Sdk.WebApi.WebApi.RawHttpClientBase.SendAsync[T](HttpRequestMessage message, Boolean readErrorBody, Object userState, CancellationToken cancellationToken)
   at Sdk.WebApi.WebApi.RawHttpClientBase.SendAsync[T](HttpMethod method, IEnumerable`1 additionalHeaders, Uri requestUri, HttpContent content, IEnumerable`1 queryParameters, Boolean readErrorBody, Object userState, CancellationToken cancellationToken)
   at GitHub.Actions.RunService.WebApi.BrokerHttpClient.GetRunnerMessageAsync(Nullable`1 sessionId, String runnerVersion, Nullable`1 status, String os, String architecture, Nullable`1 disableUpdate, CancellationToken cancellationToken)
   at GitHub.Runner.Common.BrokerServer.<>c__DisplayClass7_0.<<GetRunnerMessageAsync>b__0>d.MoveNext()
--- End of stack trace from previous location ---
   at GitHub.Runner.Common.RunnerService.RetryRequest[T](Func`1 func, CancellationToken cancellationToken, Int32 maxAttempts, Func`2 shouldRetry)
[2026-08-16 22:04:02Z ERR  BrokerServer] #####################################################
[2026-08-16 22:04:02Z ERR  BrokerServer] System.Threading.Tasks.TaskCanceledException: The request was canceled due to the configured HttpClient.Timeout of 100 seconds elapsing.
 ---> System.TimeoutException: A task was canceled.
 ---> System.Threading.Tasks.TaskCanceledException: A task was canceled.
   at GitHub.Services.Common.VssHttpRetryMessageHandler.SendAsync(HttpRequestMessage request, CancellationToken cancellationToken)
   at System.Net.Http.HttpClient.<SendAsync>g__Core|83_0(HttpRequestMessage request, HttpCompletionOption completionOption, CancellationTokenSource cts, Boolean disposeCts, CancellationTokenSource pendingRequestsCts, CancellationToken originalCancellationToken)
   --- End of inner exception stack trace ---
   --- End of inner exception stack trace ---
   at System.Net.Http.HttpClient.HandleFailure(Exception e, Boolean telemetryStarted, HttpResponseMessage response, CancellationTokenSource cts, CancellationToken cancellationToken, CancellationTokenSource pendingRequestsCts)
   at System.Net.Http.HttpClient.<SendAsync>g__Core|83_0(HttpRequestMessage request, HttpCompletionOption completionOption, CancellationTokenSource cts, Boolean disposeCts, CancellationTokenSource pendingRequestsCts, CancellationToken originalCancellationToken)
   at GitHub.Services.OAuth.VssOAuthTokenHttpClient.GetTokenAsync(VssOAuthGrant grant, VssOAuthClientCredential credential, VssOAuthTokenParameters tokenParameters, CancellationToken cancellationToken)
   at GitHub.Services.OAuth.VssOAuthTokenProvider.OnGetTokenAsync(IssuedToken failedToken, CancellationToken cancellationToken)
   at GitHub.Services.Common.IssuedTokenProvider.GetTokenOperation.GetTokenAsync(VssTraceActivity traceActivity)
   at GitHub.Services.Common.IssuedTokenProvider.GetTokenAsync(IssuedToken failedToken, CancellationToken cancellationToken)
   at GitHub.Services.Common.RawHttpMessageHandler.SendAsync(HttpRequestMessage request, CancellationToken cancellationToken)
[2026-08-16 22:04:02Z ERR  BrokerServer] #####################################################
[2026-08-16 22:04:02Z ERR  BrokerServer] System.TimeoutException: A task was canceled.
 ---> System.Threading.Tasks.TaskCanceledException: A task was canceled.
   at GitHub.Services.Common.VssHttpRetryMessageHandler.SendAsync(HttpRequestMessage request, CancellationToken cancellationToken)
   at System.Net.Http.HttpClient.<SendAsync>g__Core|83_0(HttpRequestMessage request, HttpCompletionOption completionOption, CancellationTokenSource cts, Boolean disposeCts, CancellationTokenSource pendingRequestsCts, CancellationToken originalCancellationToken)
   --- End of inner exception stack trace ---
[2026-08-16 22:04:02Z ERR  BrokerServer] #####################################################
[2026-08-16 22:04:02Z ERR  BrokerServer] System.Threading.Tasks.TaskCanceledException: A task was canceled.
   at GitHub.Services.Common.VssHttpRetryMessageHandler.SendAsync(HttpRequestMessage request, CancellationToken cancellationToken)
   at System.Net.Http.HttpClient.<SendAsync>g__Core|83_0(HttpRequestMessage request, HttpCompletionOption completionOption, CancellationTokenSource cts, Boolean disposeCts, CancellationTokenSource pendingRequestsCts, CancellationToken originalCancellationToken)
[2026-08-16 22:04:02Z WARN BrokerServer] Back off 6.605 seconds before next retry. 2 attempt left.
[2026-08-16 22:04:08Z INFO RSAEncryptedFileKeyManager] Loading RSA key parameters from file C:\Users\sheet\OneDrive\Desktop\Devops\DEVOPS INSIDER\GIT practice\b18_G79Sheetal\actions-runner\.credentials_rsaparams
[2026-08-16 22:04:08Z WARN GitHubActionsService] Attempt 1 of POST request to https://tokenghub.actions.githubusercontent.com/_apis/oauth2/token/5e5ea7c5-1e9e-4f1b-832f-821fc36fd13e failed (Socket Error: HostNotFound). The operation will be retried in 11.175 seconds.
[2026-08-16 22:04:20Z WARN GitHubActionsService] Attempt 2 of POST request to https://tokenghub.actions.githubusercontent.com/_apis/oauth2/token/5e5ea7c5-1e9e-4f1b-832f-821fc36fd13e failed (Socket Error: HostNotFound). The operation will be retried in 12.688 seconds.
[2026-08-16 22:04:32Z WARN GitHubActionsService] Attempt 3 of POST request to https://tokenghub.actions.githubusercontent.com/_apis/oauth2/token/5e5ea7c5-1e9e-4f1b-832f-821fc36fd13e failed (Socket Error: HostNotFound). The operation will be retried in 17.308 seconds.
[2026-08-16 22:04:50Z WARN GitHubActionsService] Attempt 4 of POST request to https://tokenghub.actions.githubusercontent.com/_apis/oauth2/token/5e5ea7c5-1e9e-4f1b-832f-821fc36fd13e failed (Socket Error: HostNotFound). The operation will be retried in 24.385 seconds.
[2026-08-16 22:05:14Z WARN GitHubActionsService] Attempt 5 of POST request to https://tokenghub.actions.githubusercontent.com/_apis/oauth2/token/5e5ea7c5-1e9e-4f1b-832f-821fc36fd13e failed (Socket Error: HostNotFound). The operation will be retried in 38.334 seconds.
[2026-08-16 22:05:48Z WARN GitHubActionsService] Retrieving an AAD auth token took a long time (100.0113279 seconds)
[2026-08-16 22:05:48Z WARN GitHubActionsService] GET request to https://broker.actions.githubusercontent.com/message?sessionId=cfc40dcc-4a56-4fa4-8bc2-767410e8c931&status=Online&runnerVersion=2.336.0&os=Windows&architecture=X64&disableUpdate=false timed out after 100 seconds.
[2026-08-16 22:05:48Z ERR  BrokerServer] Catch exception during request
[2026-08-16 22:05:48Z ERR  BrokerServer] System.TimeoutException: The HTTP request timed out after 00:01:40.
 ---> System.Threading.Tasks.TaskCanceledException: The request was canceled due to the configured HttpClient.Timeout of 100 seconds elapsing.
 ---> System.TimeoutException: A task was canceled.
 ---> System.Threading.Tasks.TaskCanceledException: A task was canceled.
   at GitHub.Services.Common.VssHttpRetryMessageHandler.SendAsync(HttpRequestMessage request, CancellationToken cancellationToken)
   at System.Net.Http.HttpClient.<SendAsync>g__Core|83_0(HttpRequestMessage request, HttpCompletionOption completionOption, CancellationTokenSource cts, Boolean disposeCts, CancellationTokenSource pendingRequestsCts, CancellationToken originalCancellationToken)
   --- End of inner exception stack trace ---
   --- End of inner exception stack trace ---
   at System.Net.Http.HttpClient.HandleFailure(Exception e, Boolean telemetryStarted, HttpResponseMessage response, CancellationTokenSource cts, CancellationToken cancellationToken, CancellationTokenSource pendingRequestsCts)
   at System.Net.Http.HttpClient.<SendAsync>g__Core|83_0(HttpRequestMessage request, HttpCompletionOption completionOption, CancellationTokenSource cts, Boolean disposeCts, CancellationTokenSource pendingRequestsCts, CancellationToken originalCancellationToken)
   at GitHub.Services.OAuth.VssOAuthTokenHttpClient.GetTokenAsync(VssOAuthGrant grant, VssOAuthClientCredential credential, VssOAuthTokenParameters tokenParameters, CancellationToken cancellationToken)
   at GitHub.Services.OAuth.VssOAuthTokenProvider.OnGetTokenAsync(IssuedToken failedToken, CancellationToken cancellationToken)
   at GitHub.Services.Common.IssuedTokenProvider.GetTokenOperation.GetTokenAsync(VssTraceActivity traceActivity)
   at GitHub.Services.Common.IssuedTokenProvider.GetTokenAsync(IssuedToken failedToken, CancellationToken cancellationToken)
   at GitHub.Services.Common.RawHttpMessageHandler.SendAsync(HttpRequestMessage request, CancellationToken cancellationToken)
   --- End of inner exception stack trace ---
   at GitHub.Services.Common.RawHttpMessageHandler.SendAsync(HttpRequestMessage request, CancellationToken cancellationToken)
   at GitHub.Services.Common.VssHttpRetryMessageHandler.SendAsync(HttpRequestMessage request, CancellationToken cancellationToken)
   at System.Net.Http.HttpClient.<SendAsync>g__Core|83_0(HttpRequestMessage request, HttpCompletionOption completionOption, CancellationTokenSource cts, Boolean disposeCts, CancellationTokenSource pendingRequestsCts, CancellationToken originalCancellationToken)
   at Sdk.WebApi.WebApi.RawHttpClientBase.SendAsync(HttpRequestMessage message, HttpCompletionOption completionOption, Object userState, CancellationToken cancellationToken)
   at Sdk.WebApi.WebApi.RawHttpClientBase.SendAsync[T](HttpRequestMessage message, Boolean readErrorBody, Object userState, CancellationToken cancellationToken)
   at Sdk.WebApi.WebApi.RawHttpClientBase.SendAsync[T](HttpMethod method, IEnumerable`1 additionalHeaders, Uri requestUri, HttpContent content, IEnumerable`1 queryParameters, Boolean readErrorBody, Object userState, CancellationToken cancellationToken)
   at GitHub.Actions.RunService.WebApi.BrokerHttpClient.GetRunnerMessageAsync(Nullable`1 sessionId, String runnerVersion, Nullable`1 status, String os, String architecture, Nullable`1 disableUpdate, CancellationToken cancellationToken)
   at GitHub.Runner.Common.BrokerServer.<>c__DisplayClass7_0.<<GetRunnerMessageAsync>b__0>d.MoveNext()
--- End of stack trace from previous location ---
   at GitHub.Runner.Common.RunnerService.RetryRequest[T](Func`1 func, CancellationToken cancellationToken, Int32 maxAttempts, Func`2 shouldRetry)
[2026-08-16 22:05:48Z ERR  BrokerServer] #####################################################
[2026-08-16 22:05:48Z ERR  BrokerServer] System.Threading.Tasks.TaskCanceledException: The request was canceled due to the configured HttpClient.Timeout of 100 seconds elapsing.
 ---> System.TimeoutException: A task was canceled.
 ---> System.Threading.Tasks.TaskCanceledException: A task was canceled.
   at GitHub.Services.Common.VssHttpRetryMessageHandler.SendAsync(HttpRequestMessage request, CancellationToken cancellationToken)
   at System.Net.Http.HttpClient.<SendAsync>g__Core|83_0(HttpRequestMessage request, HttpCompletionOption completionOption, CancellationTokenSource cts, Boolean disposeCts, CancellationTokenSource pendingRequestsCts, CancellationToken originalCancellationToken)
   --- End of inner exception stack trace ---
   --- End of inner exception stack trace ---
   at System.Net.Http.HttpClient.HandleFailure(Exception e, Boolean telemetryStarted, HttpResponseMessage response, CancellationTokenSource cts, CancellationToken cancellationToken, CancellationTokenSource pendingRequestsCts)
   at System.Net.Http.HttpClient.<SendAsync>g__Core|83_0(HttpRequestMessage request, HttpCompletionOption completionOption, CancellationTokenSource cts, Boolean disposeCts, CancellationTokenSource pendingRequestsCts, CancellationToken originalCancellationToken)
   at GitHub.Services.OAuth.VssOAuthTokenHttpClient.GetTokenAsync(VssOAuthGrant grant, VssOAuthClientCredential credential, VssOAuthTokenParameters tokenParameters, CancellationToken cancellationToken)
   at GitHub.Services.OAuth.VssOAuthTokenProvider.OnGetTokenAsync(IssuedToken failedToken, CancellationToken cancellationToken)
   at GitHub.Services.Common.IssuedTokenProvider.GetTokenOperation.GetTokenAsync(VssTraceActivity traceActivity)
   at GitHub.Services.Common.IssuedTokenProvider.GetTokenAsync(IssuedToken failedToken, CancellationToken cancellationToken)
   at GitHub.Services.Common.RawHttpMessageHandler.SendAsync(HttpRequestMessage request, CancellationToken cancellationToken)
[2026-08-16 22:05:48Z ERR  BrokerServer] #####################################################
[2026-08-16 22:05:48Z ERR  BrokerServer] System.TimeoutException: A task was canceled.
 ---> System.Threading.Tasks.TaskCanceledException: A task was canceled.
   at GitHub.Services.Common.VssHttpRetryMessageHandler.SendAsync(HttpRequestMessage request, CancellationToken cancellationToken)
   at System.Net.Http.HttpClient.<SendAsync>g__Core|83_0(HttpRequestMessage request, HttpCompletionOption completionOption, CancellationTokenSource cts, Boolean disposeCts, CancellationTokenSource pendingRequestsCts, CancellationToken originalCancellationToken)
   --- End of inner exception stack trace ---
[2026-08-16 22:05:48Z ERR  BrokerServer] #####################################################
[2026-08-16 22:05:48Z ERR  BrokerServer] System.Threading.Tasks.TaskCanceledException: A task was canceled.
   at GitHub.Services.Common.VssHttpRetryMessageHandler.SendAsync(HttpRequestMessage request, CancellationToken cancellationToken)
   at System.Net.Http.HttpClient.<SendAsync>g__Core|83_0(HttpRequestMessage request, HttpCompletionOption completionOption, CancellationTokenSource cts, Boolean disposeCts, CancellationTokenSource pendingRequestsCts, CancellationToken originalCancellationToken)
[2026-08-16 22:05:48Z WARN BrokerServer] Back off 6.73 seconds before next retry. 1 attempt left.
[2026-08-16 22:05:55Z INFO RSAEncryptedFileKeyManager] Loading RSA key parameters from file C:\Users\sheet\OneDrive\Desktop\Devops\DEVOPS INSIDER\GIT practice\b18_G79Sheetal\actions-runner\.credentials_rsaparams
[2026-08-16 22:05:55Z WARN GitHubActionsService] Attempt 1 of POST request to https://tokenghub.actions.githubusercontent.com/_apis/oauth2/token/5e5ea7c5-1e9e-4f1b-832f-821fc36fd13e failed (Socket Error: HostNotFound). The operation will be retried in 11.031 seconds.
[2026-08-16 22:06:06Z WARN GitHubActionsService] Attempt 2 of POST request to https://tokenghub.actions.githubusercontent.com/_apis/oauth2/token/5e5ea7c5-1e9e-4f1b-832f-821fc36fd13e failed (Socket Error: HostNotFound). The operation will be retried in 12.952 seconds.
[2026-08-16 22:06:19Z WARN GitHubActionsService] Attempt 3 of POST request to https://tokenghub.actions.githubusercontent.com/_apis/oauth2/token/5e5ea7c5-1e9e-4f1b-832f-821fc36fd13e failed (Socket Error: HostNotFound). The operation will be retried in 15.747 seconds.
[2026-08-16 22:06:35Z WARN GitHubActionsService] Attempt 4 of POST request to https://tokenghub.actions.githubusercontent.com/_apis/oauth2/token/5e5ea7c5-1e9e-4f1b-832f-821fc36fd13e failed (Socket Error: HostNotFound). The operation will be retried in 27.7 seconds.
[2026-08-16 22:07:03Z WARN GitHubActionsService] Attempt 5 of POST request to https://tokenghub.actions.githubusercontent.com/_apis/oauth2/token/5e5ea7c5-1e9e-4f1b-832f-821fc36fd13e failed (Socket Error: HostNotFound). The operation will be retried in 41.62 seconds.
[2026-08-16 22:07:35Z WARN GitHubActionsService] Retrieving an AAD auth token took a long time (100.0109298 seconds)
[2026-08-16 22:07:35Z WARN GitHubActionsService] GET request to https://broker.actions.githubusercontent.com/message?sessionId=cfc40dcc-4a56-4fa4-8bc2-767410e8c931&status=Online&runnerVersion=2.336.0&os=Windows&architecture=X64&disableUpdate=false timed out after 100 seconds.
[2026-08-16 22:07:35Z ERR  BrokerMessageListener] Catch exception during get next message.
[2026-08-16 22:07:35Z ERR  BrokerMessageListener] System.TimeoutException: The HTTP request timed out after 00:01:40.
 ---> System.Threading.Tasks.TaskCanceledException: The request was canceled due to the configured HttpClient.Timeout of 100 seconds elapsing.
 ---> System.TimeoutException: A task was canceled.
 ---> System.Threading.Tasks.TaskCanceledException: A task was canceled.
   at GitHub.Services.Common.VssHttpRetryMessageHandler.SendAsync(HttpRequestMessage request, CancellationToken cancellationToken)
   at System.Net.Http.HttpClient.<SendAsync>g__Core|83_0(HttpRequestMessage request, HttpCompletionOption completionOption, CancellationTokenSource cts, Boolean disposeCts, CancellationTokenSource pendingRequestsCts, CancellationToken originalCancellationToken)
   --- End of inner exception stack trace ---
   --- End of inner exception stack trace ---
   at System.Net.Http.HttpClient.HandleFailure(Exception e, Boolean telemetryStarted, HttpResponseMessage response, CancellationTokenSource cts, CancellationToken cancellationToken, CancellationTokenSource pendingRequestsCts)
   at System.Net.Http.HttpClient.<SendAsync>g__Core|83_0(HttpRequestMessage request, HttpCompletionOption completionOption, CancellationTokenSource cts, Boolean disposeCts, CancellationTokenSource pendingRequestsCts, CancellationToken originalCancellationToken)
   at GitHub.Services.OAuth.VssOAuthTokenHttpClient.GetTokenAsync(VssOAuthGrant grant, VssOAuthClientCredential credential, VssOAuthTokenParameters tokenParameters, CancellationToken cancellationToken)
   at GitHub.Services.OAuth.VssOAuthTokenProvider.OnGetTokenAsync(IssuedToken failedToken, CancellationToken cancellationToken)
   at GitHub.Services.Common.IssuedTokenProvider.GetTokenOperation.GetTokenAsync(VssTraceActivity traceActivity)
   at GitHub.Services.Common.IssuedTokenProvider.GetTokenAsync(IssuedToken failedToken, CancellationToken cancellationToken)
   at GitHub.Services.Common.RawHttpMessageHandler.SendAsync(HttpRequestMessage request, CancellationToken cancellationToken)
   --- End of inner exception stack trace ---
   at GitHub.Services.Common.RawHttpMessageHandler.SendAsync(HttpRequestMessage request, CancellationToken cancellationToken)
   at GitHub.Services.Common.VssHttpRetryMessageHandler.SendAsync(HttpRequestMessage request, CancellationToken cancellationToken)
   at System.Net.Http.HttpClient.<SendAsync>g__Core|83_0(HttpRequestMessage request, HttpCompletionOption completionOption, CancellationTokenSource cts, Boolean disposeCts, CancellationTokenSource pendingRequestsCts, CancellationToken originalCancellationToken)
   at Sdk.WebApi.WebApi.RawHttpClientBase.SendAsync(HttpRequestMessage message, HttpCompletionOption completionOption, Object userState, CancellationToken cancellationToken)
   at Sdk.WebApi.WebApi.RawHttpClientBase.SendAsync[T](HttpRequestMessage message, Boolean readErrorBody, Object userState, CancellationToken cancellationToken)
   at Sdk.WebApi.WebApi.RawHttpClientBase.SendAsync[T](HttpMethod method, IEnumerable`1 additionalHeaders, Uri requestUri, HttpContent content, IEnumerable`1 queryParameters, Boolean readErrorBody, Object userState, CancellationToken cancellationToken)
   at GitHub.Actions.RunService.WebApi.BrokerHttpClient.GetRunnerMessageAsync(Nullable`1 sessionId, String runnerVersion, Nullable`1 status, String os, String architecture, Nullable`1 disableUpdate, CancellationToken cancellationToken)
   at GitHub.Runner.Common.BrokerServer.<>c__DisplayClass7_0.<<GetRunnerMessageAsync>b__0>d.MoveNext()
--- End of stack trace from previous location ---
   at GitHub.Runner.Common.RunnerService.RetryRequest[T](Func`1 func, CancellationToken cancellationToken, Int32 maxAttempts, Func`2 shouldRetry)
   at GitHub.Runner.Listener.BrokerMessageListener.GetNextMessageAsync(CancellationToken token)
[2026-08-16 22:07:35Z ERR  BrokerMessageListener] #####################################################
[2026-08-16 22:07:35Z ERR  BrokerMessageListener] System.Threading.Tasks.TaskCanceledException: The request was canceled due to the configured HttpClient.Timeout of 100 seconds elapsing.
 ---> System.TimeoutException: A task was canceled.
 ---> System.Threading.Tasks.TaskCanceledException: A task was canceled.
   at GitHub.Services.Common.VssHttpRetryMessageHandler.SendAsync(HttpRequestMessage request, CancellationToken cancellationToken)
   at System.Net.Http.HttpClient.<SendAsync>g__Core|83_0(HttpRequestMessage request, HttpCompletionOption completionOption, CancellationTokenSource cts, Boolean disposeCts, CancellationTokenSource pendingRequestsCts, CancellationToken originalCancellationToken)
   --- End of inner exception stack trace ---
   --- End of inner exception stack trace ---
   at System.Net.Http.HttpClient.HandleFailure(Exception e, Boolean telemetryStarted, HttpResponseMessage response, CancellationTokenSource cts, CancellationToken cancellationToken, CancellationTokenSource pendingRequestsCts)
   at System.Net.Http.HttpClient.<SendAsync>g__Core|83_0(HttpRequestMessage request, HttpCompletionOption completionOption, CancellationTokenSource cts, Boolean disposeCts, CancellationTokenSource pendingRequestsCts, CancellationToken originalCancellationToken)
   at GitHub.Services.OAuth.VssOAuthTokenHttpClient.GetTokenAsync(VssOAuthGrant grant, VssOAuthClientCredential credential, VssOAuthTokenParameters tokenParameters, CancellationToken cancellationToken)
   at GitHub.Services.OAuth.VssOAuthTokenProvider.OnGetTokenAsync(IssuedToken failedToken, CancellationToken cancellationToken)
   at GitHub.Services.Common.IssuedTokenProvider.GetTokenOperation.GetTokenAsync(VssTraceActivity traceActivity)
   at GitHub.Services.Common.IssuedTokenProvider.GetTokenAsync(IssuedToken failedToken, CancellationToken cancellationToken)
   at GitHub.Services.Common.RawHttpMessageHandler.SendAsync(HttpRequestMessage request, CancellationToken cancellationToken)
[2026-08-16 22:07:35Z ERR  BrokerMessageListener] #####################################################
[2026-08-16 22:07:35Z ERR  BrokerMessageListener] System.TimeoutException: A task was canceled.
 ---> System.Threading.Tasks.TaskCanceledException: A task was canceled.
   at GitHub.Services.Common.VssHttpRetryMessageHandler.SendAsync(HttpRequestMessage request, CancellationToken cancellationToken)
   at System.Net.Http.HttpClient.<SendAsync>g__Core|83_0(HttpRequestMessage request, HttpCompletionOption completionOption, CancellationTokenSource cts, Boolean disposeCts, CancellationTokenSource pendingRequestsCts, CancellationToken originalCancellationToken)
   --- End of inner exception stack trace ---
[2026-08-16 22:07:35Z ERR  BrokerMessageListener] #####################################################
[2026-08-16 22:07:35Z ERR  BrokerMessageListener] System.Threading.Tasks.TaskCanceledException: A task was canceled.
   at GitHub.Services.Common.VssHttpRetryMessageHandler.SendAsync(HttpRequestMessage request, CancellationToken cancellationToken)
   at System.Net.Http.HttpClient.<SendAsync>g__Core|83_0(HttpRequestMessage request, HttpCompletionOption completionOption, CancellationTokenSource cts, Boolean disposeCts, CancellationTokenSource pendingRequestsCts, CancellationToken originalCancellationToken)
[2026-08-16 22:07:35Z INFO BrokerMessageListener] Retriable exception: The HTTP request timed out after 00:01:40.
[2026-08-16 22:07:35Z INFO BrokerMessageListener] Reload credentials.
[2026-08-16 22:07:35Z INFO ConfigurationStore] HasCredentials()
[2026-08-16 22:07:35Z INFO ConfigurationStore] stored True
[2026-08-16 22:07:35Z INFO CredentialManager] GetCredentialProvider
[2026-08-16 22:07:35Z INFO CredentialManager] Creating type OAuth
[2026-08-16 22:07:35Z INFO CredentialManager] Creating credential type: OAuth
[2026-08-16 22:07:35Z INFO RSAEncryptedFileKeyManager] Loading RSA key parameters from file C:\Users\sheet\OneDrive\Desktop\Devops\DEVOPS INSIDER\GIT practice\b18_G79Sheetal\actions-runner\.credentials_rsaparams
[2026-08-16 22:07:35Z INFO BrokerMessageListener] Connection to Broker Server recreated.
[2026-08-16 22:07:35Z INFO BrokerMessageListener] Sleeping for 16.505 seconds before retrying.
[2026-08-16 22:07:52Z INFO BrokerMessageListener] No message retrieved within last 30 minutes.
[2026-08-16 22:07:52Z INFO RSAEncryptedFileKeyManager] Loading RSA key parameters from file C:\Users\sheet\OneDrive\Desktop\Devops\DEVOPS INSIDER\GIT practice\b18_G79Sheetal\actions-runner\.credentials_rsaparams
[2026-08-16 22:07:52Z INFO RSAEncryptedFileKeyManager] Loading RSA key parameters from file C:\Users\sheet\OneDrive\Desktop\Devops\DEVOPS INSIDER\GIT practice\b18_G79Sheetal\actions-runner\.credentials_rsaparams
[2026-08-16 22:07:52Z WARN GitHubActionsService] Attempt 1 of POST request to https://tokenghub.actions.githubusercontent.com/_apis/oauth2/token/5e5ea7c5-1e9e-4f1b-832f-821fc36fd13e failed (Socket Error: HostNotFound). The operation will be retried in 10.902 seconds.
[2026-08-16 22:08:03Z WARN GitHubActionsService] Attempt 2 of POST request to https://tokenghub.actions.githubusercontent.com/_apis/oauth2/token/5e5ea7c5-1e9e-4f1b-832f-821fc36fd13e failed (Socket Error: HostNotFound). The operation will be retried in 12.412 seconds.
[2026-08-16 22:08:15Z WARN GitHubActionsService] Attempt 3 of POST request to https://tokenghub.actions.githubusercontent.com/_apis/oauth2/token/5e5ea7c5-1e9e-4f1b-832f-821fc36fd13e failed (Socket Error: HostNotFound). The operation will be retried in 16.657 seconds.
[2026-08-16 22:08:32Z WARN GitHubActionsService] Attempt 4 of POST request to https://tokenghub.actions.githubusercontent.com/_apis/oauth2/token/5e5ea7c5-1e9e-4f1b-832f-821fc36fd13e failed (Socket Error: HostNotFound). The operation will be retried in 26.215 seconds.
[2026-08-16 22:08:58Z WARN GitHubActionsService] Attempt 5 of POST request to https://tokenghub.actions.githubusercontent.com/_apis/oauth2/token/5e5ea7c5-1e9e-4f1b-832f-821fc36fd13e failed (Socket Error: HostNotFound). The operation will be retried in 42.519 seconds.
[2026-08-16 22:09:32Z WARN GitHubActionsService] Retrieving an AAD auth token took a long time (100.0132278 seconds)
[2026-08-16 22:09:32Z WARN GitHubActionsService] GET request to https://broker.actions.githubusercontent.com/message?sessionId=cfc40dcc-4a56-4fa4-8bc2-767410e8c931&status=Online&runnerVersion=2.336.0&os=Windows&architecture=X64&disableUpdate=false timed out after 100 seconds.
[2026-08-16 22:09:32Z ERR  BrokerServer] Catch exception during request
[2026-08-16 22:09:32Z ERR  BrokerServer] System.TimeoutException: The HTTP request timed out after 00:01:40.
 ---> System.Threading.Tasks.TaskCanceledException: The request was canceled due to the configured HttpClient.Timeout of 100 seconds elapsing.
 ---> System.TimeoutException: A task was canceled.
 ---> System.Threading.Tasks.TaskCanceledException: A task was canceled.
   at GitHub.Services.Common.VssHttpRetryMessageHandler.SendAsync(HttpRequestMessage request, CancellationToken cancellationToken)
   at System.Net.Http.HttpClient.<SendAsync>g__Core|83_0(HttpRequestMessage request, HttpCompletionOption completionOption, CancellationTokenSource cts, Boolean disposeCts, CancellationTokenSource pendingRequestsCts, CancellationToken originalCancellationToken)
   --- End of inner exception stack trace ---
   --- End of inner exception stack trace ---
   at System.Net.Http.HttpClient.HandleFailure(Exception e, Boolean telemetryStarted, HttpResponseMessage response, CancellationTokenSource cts, CancellationToken cancellationToken, CancellationTokenSource pendingRequestsCts)
   at System.Net.Http.HttpClient.<SendAsync>g__Core|83_0(HttpRequestMessage request, HttpCompletionOption completionOption, CancellationTokenSource cts, Boolean disposeCts, CancellationTokenSource pendingRequestsCts, CancellationToken originalCancellationToken)
   at GitHub.Services.OAuth.VssOAuthTokenHttpClient.GetTokenAsync(VssOAuthGrant grant, VssOAuthClientCredential credential, VssOAuthTokenParameters tokenParameters, CancellationToken cancellationToken)
   at GitHub.Services.OAuth.VssOAuthTokenProvider.OnGetTokenAsync(IssuedToken failedToken, CancellationToken cancellationToken)
   at GitHub.Services.Common.IssuedTokenProvider.GetTokenOperation.GetTokenAsync(VssTraceActivity traceActivity)
   at GitHub.Services.Common.IssuedTokenProvider.GetTokenAsync(IssuedToken failedToken, CancellationToken cancellationToken)
   at GitHub.Services.Common.RawHttpMessageHandler.SendAsync(HttpRequestMessage request, CancellationToken cancellationToken)
   --- End of inner exception stack trace ---
   at GitHub.Services.Common.RawHttpMessageHandler.SendAsync(HttpRequestMessage request, CancellationToken cancellationToken)
   at GitHub.Services.Common.VssHttpRetryMessageHandler.SendAsync(HttpRequestMessage request, CancellationToken cancellationToken)
   at System.Net.Http.HttpClient.<SendAsync>g__Core|83_0(HttpRequestMessage request, HttpCompletionOption completionOption, CancellationTokenSource cts, Boolean disposeCts, CancellationTokenSource pendingRequestsCts, CancellationToken originalCancellationToken)
   at Sdk.WebApi.WebApi.RawHttpClientBase.SendAsync(HttpRequestMessage message, HttpCompletionOption completionOption, Object userState, CancellationToken cancellationToken)
   at Sdk.WebApi.WebApi.RawHttpClientBase.SendAsync[T](HttpRequestMessage message, Boolean readErrorBody, Object userState, CancellationToken cancellationToken)
   at Sdk.WebApi.WebApi.RawHttpClientBase.SendAsync[T](HttpMethod method, IEnumerable`1 additionalHeaders, Uri requestUri, HttpContent content, IEnumerable`1 queryParameters, Boolean readErrorBody, Object userState, CancellationToken cancellationToken)
   at GitHub.Actions.RunService.WebApi.BrokerHttpClient.GetRunnerMessageAsync(Nullable`1 sessionId, String runnerVersion, Nullable`1 status, String os, String architecture, Nullable`1 disableUpdate, CancellationToken cancellationToken)
   at GitHub.Runner.Common.BrokerServer.<>c__DisplayClass7_0.<<GetRunnerMessageAsync>b__0>d.MoveNext()
--- End of stack trace from previous location ---
   at GitHub.Runner.Common.RunnerService.RetryRequest[T](Func`1 func, CancellationToken cancellationToken, Int32 maxAttempts, Func`2 shouldRetry)
[2026-08-16 22:09:32Z ERR  BrokerServer] #####################################################
[2026-08-16 22:09:32Z ERR  BrokerServer] System.Threading.Tasks.TaskCanceledException: The request was canceled due to the configured HttpClient.Timeout of 100 seconds elapsing.
 ---> System.TimeoutException: A task was canceled.
 ---> System.Threading.Tasks.TaskCanceledException: A task was canceled.
   at GitHub.Services.Common.VssHttpRetryMessageHandler.SendAsync(HttpRequestMessage request, CancellationToken cancellationToken)
   at System.Net.Http.HttpClient.<SendAsync>g__Core|83_0(HttpRequestMessage request, HttpCompletionOption completionOption, CancellationTokenSource cts, Boolean disposeCts, CancellationTokenSource pendingRequestsCts, CancellationToken originalCancellationToken)
   --- End of inner exception stack trace ---
   --- End of inner exception stack trace ---
   at System.Net.Http.HttpClient.HandleFailure(Exception e, Boolean telemetryStarted, HttpResponseMessage response, CancellationTokenSource cts, CancellationToken cancellationToken, CancellationTokenSource pendingRequestsCts)
   at System.Net.Http.HttpClient.<SendAsync>g__Core|83_0(HttpRequestMessage request, HttpCompletionOption completionOption, CancellationTokenSource cts, Boolean disposeCts, CancellationTokenSource pendingRequestsCts, CancellationToken originalCancellationToken)
   at GitHub.Services.OAuth.VssOAuthTokenHttpClient.GetTokenAsync(VssOAuthGrant grant, VssOAuthClientCredential credential, VssOAuthTokenParameters tokenParameters, CancellationToken cancellationToken)
   at GitHub.Services.OAuth.VssOAuthTokenProvider.OnGetTokenAsync(IssuedToken failedToken, CancellationToken cancellationToken)
   at GitHub.Services.Common.IssuedTokenProvider.GetTokenOperation.GetTokenAsync(VssTraceActivity traceActivity)
   at GitHub.Services.Common.IssuedTokenProvider.GetTokenAsync(IssuedToken failedToken, CancellationToken cancellationToken)
   at GitHub.Services.Common.RawHttpMessageHandler.SendAsync(HttpRequestMessage request, CancellationToken cancellationToken)
[2026-08-16 22:09:32Z ERR  BrokerServer] #####################################################
[2026-08-16 22:09:32Z ERR  BrokerServer] System.TimeoutException: A task was canceled.
 ---> System.Threading.Tasks.TaskCanceledException: A task was canceled.
   at GitHub.Services.Common.VssHttpRetryMessageHandler.SendAsync(HttpRequestMessage request, CancellationToken cancellationToken)
   at System.Net.Http.HttpClient.<SendAsync>g__Core|83_0(HttpRequestMessage request, HttpCompletionOption completionOption, CancellationTokenSource cts, Boolean disposeCts, CancellationTokenSource pendingRequestsCts, CancellationToken originalCancellationToken)
   --- End of inner exception stack trace ---
[2026-08-16 22:09:32Z ERR  BrokerServer] #####################################################
[2026-08-16 22:09:32Z ERR  BrokerServer] System.Threading.Tasks.TaskCanceledException: A task was canceled.
   at GitHub.Services.Common.VssHttpRetryMessageHandler.SendAsync(HttpRequestMessage request, CancellationToken cancellationToken)
   at System.Net.Http.HttpClient.<SendAsync>g__Core|83_0(HttpRequestMessage request, HttpCompletionOption completionOption, CancellationTokenSource cts, Boolean disposeCts, CancellationTokenSource pendingRequestsCts, CancellationToken originalCancellationToken)
[2026-08-16 22:09:32Z WARN BrokerServer] Back off 10.181 seconds before next retry. 4 attempt left.
[2026-08-16 22:09:42Z INFO RSAEncryptedFileKeyManager] Loading RSA key parameters from file C:\Users\sheet\OneDrive\Desktop\Devops\DEVOPS INSIDER\GIT practice\b18_G79Sheetal\actions-runner\.credentials_rsaparams
[2026-08-16 22:09:42Z WARN GitHubActionsService] Attempt 1 of POST request to https://tokenghub.actions.githubusercontent.com/_apis/oauth2/token/5e5ea7c5-1e9e-4f1b-832f-821fc36fd13e failed (Socket Error: HostNotFound). The operation will be retried in 11.196 seconds.
[2026-08-16 22:09:53Z WARN GitHubActionsService] Attempt 2 of POST request to https://tokenghub.actions.githubusercontent.com/_apis/oauth2/token/5e5ea7c5-1e9e-4f1b-832f-821fc36fd13e failed (Socket Error: HostNotFound). The operation will be retried in 12.76 seconds.
[2026-08-16 22:10:06Z WARN GitHubActionsService] Attempt 3 of POST request to https://tokenghub.actions.githubusercontent.com/_apis/oauth2/token/5e5ea7c5-1e9e-4f1b-832f-821fc36fd13e failed (Socket Error: HostNotFound). The operation will be retried in 18.155 seconds.
[2026-08-16 22:10:24Z WARN GitHubActionsService] Attempt 4 of POST request to https://tokenghub.actions.githubusercontent.com/_apis/oauth2/token/5e5ea7c5-1e9e-4f1b-832f-821fc36fd13e failed (Socket Error: HostNotFound). The operation will be retried in 23.05 seconds.
[2026-08-16 22:10:47Z WARN GitHubActionsService] Attempt 5 of POST request to https://tokenghub.actions.githubusercontent.com/_apis/oauth2/token/5e5ea7c5-1e9e-4f1b-832f-821fc36fd13e failed (Socket Error: HostNotFound). The operation will be retried in 37.559 seconds.
[2026-08-16 22:11:22Z WARN GitHubActionsService] Retrieving an AAD auth token took a long time (100.0077514 seconds)
[2026-08-16 22:11:22Z WARN GitHubActionsService] GET request to https://broker.actions.githubusercontent.com/message?sessionId=cfc40dcc-4a56-4fa4-8bc2-767410e8c931&status=Online&runnerVersion=2.336.0&os=Windows&architecture=X64&disableUpdate=false timed out after 100 seconds.
[2026-08-16 22:11:22Z ERR  BrokerServer] Catch exception during request
[2026-08-16 22:11:22Z ERR  BrokerServer] System.TimeoutException: The HTTP request timed out after 00:01:40.
 ---> System.Threading.Tasks.TaskCanceledException: The request was canceled due to the configured HttpClient.Timeout of 100 seconds elapsing.
 ---> System.TimeoutException: A task was canceled.
 ---> System.Threading.Tasks.TaskCanceledException: A task was canceled.
   at GitHub.Services.Common.VssHttpRetryMessageHandler.SendAsync(HttpRequestMessage request, CancellationToken cancellationToken)
   at System.Net.Http.HttpClient.<SendAsync>g__Core|83_0(HttpRequestMessage request, HttpCompletionOption completionOption, CancellationTokenSource cts, Boolean disposeCts, CancellationTokenSource pendingRequestsCts, CancellationToken originalCancellationToken)
   --- End of inner exception stack trace ---
   --- End of inner exception stack trace ---
   at System.Net.Http.HttpClient.HandleFailure(Exception e, Boolean telemetryStarted, HttpResponseMessage response, CancellationTokenSource cts, CancellationToken cancellationToken, CancellationTokenSource pendingRequestsCts)
   at System.Net.Http.HttpClient.<SendAsync>g__Core|83_0(HttpRequestMessage request, HttpCompletionOption completionOption, CancellationTokenSource cts, Boolean disposeCts, CancellationTokenSource pendingRequestsCts, CancellationToken originalCancellationToken)
   at GitHub.Services.OAuth.VssOAuthTokenHttpClient.GetTokenAsync(VssOAuthGrant grant, VssOAuthClientCredential credential, VssOAuthTokenParameters tokenParameters, CancellationToken cancellationToken)
   at GitHub.Services.OAuth.VssOAuthTokenProvider.OnGetTokenAsync(IssuedToken failedToken, CancellationToken cancellationToken)
   at GitHub.Services.Common.IssuedTokenProvider.GetTokenOperation.GetTokenAsync(VssTraceActivity traceActivity)
   at GitHub.Services.Common.IssuedTokenProvider.GetTokenAsync(IssuedToken failedToken, CancellationToken cancellationToken)
   at GitHub.Services.Common.RawHttpMessageHandler.SendAsync(HttpRequestMessage request, CancellationToken cancellationToken)
   --- End of inner exception stack trace ---
   at GitHub.Services.Common.RawHttpMessageHandler.SendAsync(HttpRequestMessage request, CancellationToken cancellationToken)
   at GitHub.Services.Common.VssHttpRetryMessageHandler.SendAsync(HttpRequestMessage request, CancellationToken cancellationToken)
   at System.Net.Http.HttpClient.<SendAsync>g__Core|83_0(HttpRequestMessage request, HttpCompletionOption completionOption, CancellationTokenSource cts, Boolean disposeCts, CancellationTokenSource pendingRequestsCts, CancellationToken originalCancellationToken)
   at Sdk.WebApi.WebApi.RawHttpClientBase.SendAsync(HttpRequestMessage message, HttpCompletionOption completionOption, Object userState, CancellationToken cancellationToken)
   at Sdk.WebApi.WebApi.RawHttpClientBase.SendAsync[T](HttpRequestMessage message, Boolean readErrorBody, Object userState, CancellationToken cancellationToken)
   at Sdk.WebApi.WebApi.RawHttpClientBase.SendAsync[T](HttpMethod method, IEnumerable`1 additionalHeaders, Uri requestUri, HttpContent content, IEnumerable`1 queryParameters, Boolean readErrorBody, Object userState, CancellationToken cancellationToken)
   at GitHub.Actions.RunService.WebApi.BrokerHttpClient.GetRunnerMessageAsync(Nullable`1 sessionId, String runnerVersion, Nullable`1 status, String os, String architecture, Nullable`1 disableUpdate, CancellationToken cancellationToken)
   at GitHub.Runner.Common.BrokerServer.<>c__DisplayClass7_0.<<GetRunnerMessageAsync>b__0>d.MoveNext()
--- End of stack trace from previous location ---
   at GitHub.Runner.Common.RunnerService.RetryRequest[T](Func`1 func, CancellationToken cancellationToken, Int32 maxAttempts, Func`2 shouldRetry)
[2026-08-16 22:11:22Z ERR  BrokerServer] #####################################################
[2026-08-16 22:11:22Z ERR  BrokerServer] System.Threading.Tasks.TaskCanceledException: The request was canceled due to the configured HttpClient.Timeout of 100 seconds elapsing.
 ---> System.TimeoutException: A task was canceled.
 ---> System.Threading.Tasks.TaskCanceledException: A task was canceled.
   at GitHub.Services.Common.VssHttpRetryMessageHandler.SendAsync(HttpRequestMessage request, CancellationToken cancellationToken)
   at System.Net.Http.HttpClient.<SendAsync>g__Core|83_0(HttpRequestMessage request, HttpCompletionOption completionOption, CancellationTokenSource cts, Boolean disposeCts, CancellationTokenSource pendingRequestsCts, CancellationToken originalCancellationToken)
   --- End of inner exception stack trace ---
   --- End of inner exception stack trace ---
   at System.Net.Http.HttpClient.HandleFailure(Exception e, Boolean telemetryStarted, HttpResponseMessage response, CancellationTokenSource cts, CancellationToken cancellationToken, CancellationTokenSource pendingRequestsCts)
   at System.Net.Http.HttpClient.<SendAsync>g__Core|83_0(HttpRequestMessage request, HttpCompletionOption completionOption, CancellationTokenSource cts, Boolean disposeCts, CancellationTokenSource pendingRequestsCts, CancellationToken originalCancellationToken)
   at GitHub.Services.OAuth.VssOAuthTokenHttpClient.GetTokenAsync(VssOAuthGrant grant, VssOAuthClientCredential credential, VssOAuthTokenParameters tokenParameters, CancellationToken cancellationToken)
   at GitHub.Services.OAuth.VssOAuthTokenProvider.OnGetTokenAsync(IssuedToken failedToken, CancellationToken cancellationToken)
   at GitHub.Services.Common.IssuedTokenProvider.GetTokenOperation.GetTokenAsync(VssTraceActivity traceActivity)
   at GitHub.Services.Common.IssuedTokenProvider.GetTokenAsync(IssuedToken failedToken, CancellationToken cancellationToken)
   at GitHub.Services.Common.RawHttpMessageHandler.SendAsync(HttpRequestMessage request, CancellationToken cancellationToken)
[2026-08-16 22:11:22Z ERR  BrokerServer] #####################################################
[2026-08-16 22:11:22Z ERR  BrokerServer] System.TimeoutException: A task was canceled.
 ---> System.Threading.Tasks.TaskCanceledException: A task was canceled.
   at GitHub.Services.Common.VssHttpRetryMessageHandler.SendAsync(HttpRequestMessage request, CancellationToken cancellationToken)
   at System.Net.Http.HttpClient.<SendAsync>g__Core|83_0(HttpRequestMessage request, HttpCompletionOption completionOption, CancellationTokenSource cts, Boolean disposeCts, CancellationTokenSource pendingRequestsCts, CancellationToken originalCancellationToken)
   --- End of inner exception stack trace ---
[2026-08-16 22:11:22Z ERR  BrokerServer] #####################################################
[2026-08-16 22:11:22Z ERR  BrokerServer] System.Threading.Tasks.TaskCanceledException: A task was canceled.
   at GitHub.Services.Common.VssHttpRetryMessageHandler.SendAsync(HttpRequestMessage request, CancellationToken cancellationToken)
   at System.Net.Http.HttpClient.<SendAsync>g__Core|83_0(HttpRequestMessage request, HttpCompletionOption completionOption, CancellationTokenSource cts, Boolean disposeCts, CancellationTokenSource pendingRequestsCts, CancellationToken originalCancellationToken)
[2026-08-16 22:11:22Z WARN BrokerServer] Back off 12.436 seconds before next retry. 3 attempt left.
[2026-08-16 22:11:34Z INFO RSAEncryptedFileKeyManager] Loading RSA key parameters from file C:\Users\sheet\OneDrive\Desktop\Devops\DEVOPS INSIDER\GIT practice\b18_G79Sheetal\actions-runner\.credentials_rsaparams
[2026-08-16 22:11:34Z WARN GitHubActionsService] Attempt 1 of POST request to https://tokenghub.actions.githubusercontent.com/_apis/oauth2/token/5e5ea7c5-1e9e-4f1b-832f-821fc36fd13e failed (Socket Error: HostNotFound). The operation will be retried in 10.986 seconds.
[2026-08-16 22:11:45Z WARN GitHubActionsService] Attempt 2 of POST request to https://tokenghub.actions.githubusercontent.com/_apis/oauth2/token/5e5ea7c5-1e9e-4f1b-832f-821fc36fd13e failed (Socket Error: HostNotFound). The operation will be retried in 12.676 seconds.
[2026-08-16 22:11:58Z WARN GitHubActionsService] Attempt 3 of POST request to https://tokenghub.actions.githubusercontent.com/_apis/oauth2/token/5e5ea7c5-1e9e-4f1b-832f-821fc36fd13e failed (Socket Error: HostNotFound). The operation will be retried in 16.09 seconds.
[2026-08-16 22:12:14Z WARN GitHubActionsService] Attempt 4 of POST request to https://tokenghub.actions.githubusercontent.com/_apis/oauth2/token/5e5ea7c5-1e9e-4f1b-832f-821fc36fd13e failed (Socket Error: HostNotFound). The operation will be retried in 25.315 seconds.
[2026-08-16 22:12:39Z WARN GitHubActionsService] Attempt 5 of POST request to https://tokenghub.actions.githubusercontent.com/_apis/oauth2/token/5e5ea7c5-1e9e-4f1b-832f-821fc36fd13e failed (Socket Error: HostNotFound). The operation will be retried in 46.611 seconds.
[2026-08-16 22:13:14Z WARN GitHubActionsService] Retrieving an AAD auth token took a long time (100.0094188 seconds)
[2026-08-16 22:13:14Z WARN GitHubActionsService] GET request to https://broker.actions.githubusercontent.com/message?sessionId=cfc40dcc-4a56-4fa4-8bc2-767410e8c931&status=Online&runnerVersion=2.336.0&os=Windows&architecture=X64&disableUpdate=false timed out after 100 seconds.
[2026-08-16 22:13:14Z ERR  BrokerServer] Catch exception during request
[2026-08-16 22:13:14Z ERR  BrokerServer] System.TimeoutException: The HTTP request timed out after 00:01:40.
 ---> System.Threading.Tasks.TaskCanceledException: The request was canceled due to the configured HttpClient.Timeout of 100 seconds elapsing.
 ---> System.TimeoutException: A task was canceled.
 ---> System.Threading.Tasks.TaskCanceledException: A task was canceled.
   at GitHub.Services.Common.VssHttpRetryMessageHandler.SendAsync(HttpRequestMessage request, CancellationToken cancellationToken)
   at System.Net.Http.HttpClient.<SendAsync>g__Core|83_0(HttpRequestMessage request, HttpCompletionOption completionOption, CancellationTokenSource cts, Boolean disposeCts, CancellationTokenSource pendingRequestsCts, CancellationToken originalCancellationToken)
   --- End of inner exception stack trace ---
   --- End of inner exception stack trace ---
   at System.Net.Http.HttpClient.HandleFailure(Exception e, Boolean telemetryStarted, HttpResponseMessage response, CancellationTokenSource cts, CancellationToken cancellationToken, CancellationTokenSource pendingRequestsCts)
   at System.Net.Http.HttpClient.<SendAsync>g__Core|83_0(HttpRequestMessage request, HttpCompletionOption completionOption, CancellationTokenSource cts, Boolean disposeCts, CancellationTokenSource pendingRequestsCts, CancellationToken originalCancellationToken)
   at GitHub.Services.OAuth.VssOAuthTokenHttpClient.GetTokenAsync(VssOAuthGrant grant, VssOAuthClientCredential credential, VssOAuthTokenParameters tokenParameters, CancellationToken cancellationToken)
   at GitHub.Services.OAuth.VssOAuthTokenProvider.OnGetTokenAsync(IssuedToken failedToken, CancellationToken cancellationToken)
   at GitHub.Services.Common.IssuedTokenProvider.GetTokenOperation.GetTokenAsync(VssTraceActivity traceActivity)
   at GitHub.Services.Common.IssuedTokenProvider.GetTokenAsync(IssuedToken failedToken, CancellationToken cancellationToken)
   at GitHub.Services.Common.RawHttpMessageHandler.SendAsync(HttpRequestMessage request, CancellationToken cancellationToken)
   --- End of inner exception stack trace ---
   at GitHub.Services.Common.RawHttpMessageHandler.SendAsync(HttpRequestMessage request, CancellationToken cancellationToken)
   at GitHub.Services.Common.VssHttpRetryMessageHandler.SendAsync(HttpRequestMessage request, CancellationToken cancellationToken)
   at System.Net.Http.HttpClient.<SendAsync>g__Core|83_0(HttpRequestMessage request, HttpCompletionOption completionOption, CancellationTokenSource cts, Boolean disposeCts, CancellationTokenSource pendingRequestsCts, CancellationToken originalCancellationToken)
   at Sdk.WebApi.WebApi.RawHttpClientBase.SendAsync(HttpRequestMessage message, HttpCompletionOption completionOption, Object userState, CancellationToken cancellationToken)
   at Sdk.WebApi.WebApi.RawHttpClientBase.SendAsync[T](HttpRequestMessage message, Boolean readErrorBody, Object userState, CancellationToken cancellationToken)
   at Sdk.WebApi.WebApi.RawHttpClientBase.SendAsync[T](HttpMethod method, IEnumerable`1 additionalHeaders, Uri requestUri, HttpContent content, IEnumerable`1 queryParameters, Boolean readErrorBody, Object userState, CancellationToken cancellationToken)
   at GitHub.Actions.RunService.WebApi.BrokerHttpClient.GetRunnerMessageAsync(Nullable`1 sessionId, String runnerVersion, Nullable`1 status, String os, String architecture, Nullable`1 disableUpdate, CancellationToken cancellationToken)
   at GitHub.Runner.Common.BrokerServer.<>c__DisplayClass7_0.<<GetRunnerMessageAsync>b__0>d.MoveNext()
--- End of stack trace from previous location ---
   at GitHub.Runner.Common.RunnerService.RetryRequest[T](Func`1 func, CancellationToken cancellationToken, Int32 maxAttempts, Func`2 shouldRetry)
[2026-08-16 22:13:14Z ERR  BrokerServer] #####################################################
[2026-08-16 22:13:14Z ERR  BrokerServer] System.Threading.Tasks.TaskCanceledException: The request was canceled due to the configured HttpClient.Timeout of 100 seconds elapsing.
 ---> System.TimeoutException: A task was canceled.
 ---> System.Threading.Tasks.TaskCanceledException: A task was canceled.
   at GitHub.Services.Common.VssHttpRetryMessageHandler.SendAsync(HttpRequestMessage request, CancellationToken cancellationToken)
   at System.Net.Http.HttpClient.<SendAsync>g__Core|83_0(HttpRequestMessage request, HttpCompletionOption completionOption, CancellationTokenSource cts, Boolean disposeCts, CancellationTokenSource pendingRequestsCts, CancellationToken originalCancellationToken)
   --- End of inner exception stack trace ---
   --- End of inner exception stack trace ---
   at System.Net.Http.HttpClient.HandleFailure(Exception e, Boolean telemetryStarted, HttpResponseMessage response, CancellationTokenSource cts, CancellationToken cancellationToken, CancellationTokenSource pendingRequestsCts)
   at System.Net.Http.HttpClient.<SendAsync>g__Core|83_0(HttpRequestMessage request, HttpCompletionOption completionOption, CancellationTokenSource cts, Boolean disposeCts, CancellationTokenSource pendingRequestsCts, CancellationToken originalCancellationToken)
   at GitHub.Services.OAuth.VssOAuthTokenHttpClient.GetTokenAsync(VssOAuthGrant grant, VssOAuthClientCredential credential, VssOAuthTokenParameters tokenParameters, CancellationToken cancellationToken)
   at GitHub.Services.OAuth.VssOAuthTokenProvider.OnGetTokenAsync(IssuedToken failedToken, CancellationToken cancellationToken)
   at GitHub.Services.Common.IssuedTokenProvider.GetTokenOperation.GetTokenAsync(VssTraceActivity traceActivity)
   at GitHub.Services.Common.IssuedTokenProvider.GetTokenAsync(IssuedToken failedToken, CancellationToken cancellationToken)
   at GitHub.Services.Common.RawHttpMessageHandler.SendAsync(HttpRequestMessage request, CancellationToken cancellationToken)
[2026-08-16 22:13:14Z ERR  BrokerServer] #####################################################
[2026-08-16 22:13:14Z ERR  BrokerServer] System.TimeoutException: A task was canceled.
 ---> System.Threading.Tasks.TaskCanceledException: A task was canceled.
   at GitHub.Services.Common.VssHttpRetryMessageHandler.SendAsync(HttpRequestMessage request, CancellationToken cancellationToken)
   at System.Net.Http.HttpClient.<SendAsync>g__Core|83_0(HttpRequestMessage request, HttpCompletionOption completionOption, CancellationTokenSource cts, Boolean disposeCts, CancellationTokenSource pendingRequestsCts, CancellationToken originalCancellationToken)
   --- End of inner exception stack trace ---
[2026-08-16 22:13:14Z ERR  BrokerServer] #####################################################
[2026-08-16 22:13:14Z ERR  BrokerServer] System.Threading.Tasks.TaskCanceledException: A task was canceled.
   at GitHub.Services.Common.VssHttpRetryMessageHandler.SendAsync(HttpRequestMessage request, CancellationToken cancellationToken)
   at System.Net.Http.HttpClient.<SendAsync>g__Core|83_0(HttpRequestMessage request, HttpCompletionOption completionOption, CancellationTokenSource cts, Boolean disposeCts, CancellationTokenSource pendingRequestsCts, CancellationToken originalCancellationToken)
[2026-08-16 22:13:14Z WARN BrokerServer] Back off 13.276 seconds before next retry. 2 attempt left.
[2026-08-16 22:13:28Z INFO RSAEncryptedFileKeyManager] Loading RSA key parameters from file C:\Users\sheet\OneDrive\Desktop\Devops\DEVOPS INSIDER\GIT practice\b18_G79Sheetal\actions-runner\.credentials_rsaparams
[2026-08-16 22:13:28Z WARN GitHubActionsService] Attempt 1 of POST request to https://tokenghub.actions.githubusercontent.com/_apis/oauth2/token/5e5ea7c5-1e9e-4f1b-832f-821fc36fd13e failed (Socket Error: HostNotFound). The operation will be retried in 10.848 seconds.
[2026-08-16 22:13:38Z WARN GitHubActionsService] Attempt 2 of POST request to https://tokenghub.actions.githubusercontent.com/_apis/oauth2/token/5e5ea7c5-1e9e-4f1b-832f-821fc36fd13e failed (Socket Error: HostNotFound). The operation will be retried in 12.784 seconds.
[2026-08-16 22:13:51Z WARN GitHubActionsService] Attempt 3 of POST request to https://tokenghub.actions.githubusercontent.com/_apis/oauth2/token/5e5ea7c5-1e9e-4f1b-832f-821fc36fd13e failed (Socket Error: HostNotFound). The operation will be retried in 15.957 seconds.
[2026-08-16 22:14:07Z WARN GitHubActionsService] Attempt 4 of POST request to https://tokenghub.actions.githubusercontent.com/_apis/oauth2/token/5e5ea7c5-1e9e-4f1b-832f-821fc36fd13e failed (Socket Error: HostNotFound). The operation will be retried in 25.075 seconds.
[2026-08-16 22:14:32Z WARN GitHubActionsService] Attempt 5 of POST request to https://tokenghub.actions.githubusercontent.com/_apis/oauth2/token/5e5ea7c5-1e9e-4f1b-832f-821fc36fd13e failed (Socket Error: HostNotFound). The operation will be retried in 41 seconds.
[2026-08-16 22:15:08Z WARN GitHubActionsService] Retrieving an AAD auth token took a long time (100.0072835 seconds)
[2026-08-16 22:15:08Z WARN GitHubActionsService] GET request to https://broker.actions.githubusercontent.com/message?sessionId=cfc40dcc-4a56-4fa4-8bc2-767410e8c931&status=Online&runnerVersion=2.336.0&os=Windows&architecture=X64&disableUpdate=false timed out after 100 seconds.
[2026-08-16 22:15:08Z ERR  BrokerServer] Catch exception during request
[2026-08-16 22:15:08Z ERR  BrokerServer] System.TimeoutException: The HTTP request timed out after 00:01:40.
 ---> System.Threading.Tasks.TaskCanceledException: The request was canceled due to the configured HttpClient.Timeout of 100 seconds elapsing.
 ---> System.TimeoutException: A task was canceled.
 ---> System.Threading.Tasks.TaskCanceledException: A task was canceled.
   at GitHub.Services.Common.VssHttpRetryMessageHandler.SendAsync(HttpRequestMessage request, CancellationToken cancellationToken)
   at System.Net.Http.HttpClient.<SendAsync>g__Core|83_0(HttpRequestMessage request, HttpCompletionOption completionOption, CancellationTokenSource cts, Boolean disposeCts, CancellationTokenSource pendingRequestsCts, CancellationToken originalCancellationToken)
   --- End of inner exception stack trace ---
   --- End of inner exception stack trace ---
   at System.Net.Http.HttpClient.HandleFailure(Exception e, Boolean telemetryStarted, HttpResponseMessage response, CancellationTokenSource cts, CancellationToken cancellationToken, CancellationTokenSource pendingRequestsCts)
   at System.Net.Http.HttpClient.<SendAsync>g__Core|83_0(HttpRequestMessage request, HttpCompletionOption completionOption, CancellationTokenSource cts, Boolean disposeCts, CancellationTokenSource pendingRequestsCts, CancellationToken originalCancellationToken)
   at GitHub.Services.OAuth.VssOAuthTokenHttpClient.GetTokenAsync(VssOAuthGrant grant, VssOAuthClientCredential credential, VssOAuthTokenParameters tokenParameters, CancellationToken cancellationToken)
   at GitHub.Services.OAuth.VssOAuthTokenProvider.OnGetTokenAsync(IssuedToken failedToken, CancellationToken cancellationToken)
   at GitHub.Services.Common.IssuedTokenProvider.GetTokenOperation.GetTokenAsync(VssTraceActivity traceActivity)
   at GitHub.Services.Common.IssuedTokenProvider.GetTokenAsync(IssuedToken failedToken, CancellationToken cancellationToken)
   at GitHub.Services.Common.RawHttpMessageHandler.SendAsync(HttpRequestMessage request, CancellationToken cancellationToken)
   --- End of inner exception stack trace ---
   at GitHub.Services.Common.RawHttpMessageHandler.SendAsync(HttpRequestMessage request, CancellationToken cancellationToken)
   at GitHub.Services.Common.VssHttpRetryMessageHandler.SendAsync(HttpRequestMessage request, CancellationToken cancellationToken)
   at System.Net.Http.HttpClient.<SendAsync>g__Core|83_0(HttpRequestMessage request, HttpCompletionOption completionOption, CancellationTokenSource cts, Boolean disposeCts, CancellationTokenSource pendingRequestsCts, CancellationToken originalCancellationToken)
   at Sdk.WebApi.WebApi.RawHttpClientBase.SendAsync(HttpRequestMessage message, HttpCompletionOption completionOption, Object userState, CancellationToken cancellationToken)
   at Sdk.WebApi.WebApi.RawHttpClientBase.SendAsync[T](HttpRequestMessage message, Boolean readErrorBody, Object userState, CancellationToken cancellationToken)
   at Sdk.WebApi.WebApi.RawHttpClientBase.SendAsync[T](HttpMethod method, IEnumerable`1 additionalHeaders, Uri requestUri, HttpContent content, IEnumerable`1 queryParameters, Boolean readErrorBody, Object userState, CancellationToken cancellationToken)
   at GitHub.Actions.RunService.WebApi.BrokerHttpClient.GetRunnerMessageAsync(Nullable`1 sessionId, String runnerVersion, Nullable`1 status, String os, String architecture, Nullable`1 disableUpdate, CancellationToken cancellationToken)
   at GitHub.Runner.Common.BrokerServer.<>c__DisplayClass7_0.<<GetRunnerMessageAsync>b__0>d.MoveNext()
--- End of stack trace from previous location ---
   at GitHub.Runner.Common.RunnerService.RetryRequest[T](Func`1 func, CancellationToken cancellationToken, Int32 maxAttempts, Func`2 shouldRetry)
[2026-08-16 22:15:08Z ERR  BrokerServer] #####################################################
[2026-08-16 22:15:08Z ERR  BrokerServer] System.Threading.Tasks.TaskCanceledException: The request was canceled due to the configured HttpClient.Timeout of 100 seconds elapsing.
 ---> System.TimeoutException: A task was canceled.
 ---> System.Threading.Tasks.TaskCanceledException: A task was canceled.
   at GitHub.Services.Common.VssHttpRetryMessageHandler.SendAsync(HttpRequestMessage request, CancellationToken cancellationToken)
   at System.Net.Http.HttpClient.<SendAsync>g__Core|83_0(HttpRequestMessage request, HttpCompletionOption completionOption, CancellationTokenSource cts, Boolean disposeCts, CancellationTokenSource pendingRequestsCts, CancellationToken originalCancellationToken)
   --- End of inner exception stack trace ---
   --- End of inner exception stack trace ---
   at System.Net.Http.HttpClient.HandleFailure(Exception e, Boolean telemetryStarted, HttpResponseMessage response, CancellationTokenSource cts, CancellationToken cancellationToken, CancellationTokenSource pendingRequestsCts)
   at System.Net.Http.HttpClient.<SendAsync>g__Core|83_0(HttpRequestMessage request, HttpCompletionOption completionOption, CancellationTokenSource cts, Boolean disposeCts, CancellationTokenSource pendingRequestsCts, CancellationToken originalCancellationToken)
   at GitHub.Services.OAuth.VssOAuthTokenHttpClient.GetTokenAsync(VssOAuthGrant grant, VssOAuthClientCredential credential, VssOAuthTokenParameters tokenParameters, CancellationToken cancellationToken)
   at GitHub.Services.OAuth.VssOAuthTokenProvider.OnGetTokenAsync(IssuedToken failedToken, CancellationToken cancellationToken)
   at GitHub.Services.Common.IssuedTokenProvider.GetTokenOperation.GetTokenAsync(VssTraceActivity traceActivity)
   at GitHub.Services.Common.IssuedTokenProvider.GetTokenAsync(IssuedToken failedToken, CancellationToken cancellationToken)
   at GitHub.Services.Common.RawHttpMessageHandler.SendAsync(HttpRequestMessage request, CancellationToken cancellationToken)
[2026-08-16 22:15:08Z ERR  BrokerServer] #####################################################
[2026-08-16 22:15:08Z ERR  BrokerServer] System.TimeoutException: A task was canceled.
 ---> System.Threading.Tasks.TaskCanceledException: A task was canceled.
   at GitHub.Services.Common.VssHttpRetryMessageHandler.SendAsync(HttpRequestMessage request, CancellationToken cancellationToken)
   at System.Net.Http.HttpClient.<SendAsync>g__Core|83_0(HttpRequestMessage request, HttpCompletionOption completionOption, CancellationTokenSource cts, Boolean disposeCts, CancellationTokenSource pendingRequestsCts, CancellationToken originalCancellationToken)
   --- End of inner exception stack trace ---
[2026-08-16 22:15:08Z ERR  BrokerServer] #####################################################
[2026-08-16 22:15:08Z ERR  BrokerServer] System.Threading.Tasks.TaskCanceledException: A task was canceled.
   at GitHub.Services.Common.VssHttpRetryMessageHandler.SendAsync(HttpRequestMessage request, CancellationToken cancellationToken)
   at System.Net.Http.HttpClient.<SendAsync>g__Core|83_0(HttpRequestMessage request, HttpCompletionOption completionOption, CancellationTokenSource cts, Boolean disposeCts, CancellationTokenSource pendingRequestsCts, CancellationToken originalCancellationToken)
[2026-08-16 22:15:08Z WARN BrokerServer] Back off 5.45 seconds before next retry. 1 attempt left.
[2026-08-16 22:15:13Z INFO RSAEncryptedFileKeyManager] Loading RSA key parameters from file C:\Users\sheet\OneDrive\Desktop\Devops\DEVOPS INSIDER\GIT practice\b18_G79Sheetal\actions-runner\.credentials_rsaparams
[2026-08-16 22:15:13Z WARN GitHubActionsService] Attempt 1 of POST request to https://tokenghub.actions.githubusercontent.com/_apis/oauth2/token/5e5ea7c5-1e9e-4f1b-832f-821fc36fd13e failed (Socket Error: HostNotFound). The operation will be retried in 11.046 seconds.
[2026-08-16 22:15:24Z WARN GitHubActionsService] Attempt 2 of POST request to https://tokenghub.actions.githubusercontent.com/_apis/oauth2/token/5e5ea7c5-1e9e-4f1b-832f-821fc36fd13e failed (Socket Error: HostNotFound). The operation will be retried in 13.36 seconds.
[2026-08-16 22:15:37Z WARN GitHubActionsService] Attempt 3 of POST request to https://tokenghub.actions.githubusercontent.com/_apis/oauth2/token/5e5ea7c5-1e9e-4f1b-832f-821fc36fd13e failed (Socket Error: HostNotFound). The operation will be retried in 16.258 seconds.
[2026-08-16 22:15:54Z WARN GitHubActionsService] Attempt 4 of POST request to https://tokenghub.actions.githubusercontent.com/_apis/oauth2/token/5e5ea7c5-1e9e-4f1b-832f-821fc36fd13e failed (Socket Error: HostNotFound). The operation will be retried in 25.39 seconds.
[2026-08-16 22:16:19Z WARN GitHubActionsService] Attempt 5 of POST request to https://tokenghub.actions.githubusercontent.com/_apis/oauth2/token/5e5ea7c5-1e9e-4f1b-832f-821fc36fd13e failed (Socket Error: HostNotFound). The operation will be retried in 40.473 seconds.
[2026-08-16 22:16:53Z WARN GitHubActionsService] Retrieving an AAD auth token took a long time (100.0129593 seconds)
[2026-08-16 22:16:53Z WARN GitHubActionsService] GET request to https://broker.actions.githubusercontent.com/message?sessionId=cfc40dcc-4a56-4fa4-8bc2-767410e8c931&status=Online&runnerVersion=2.336.0&os=Windows&architecture=X64&disableUpdate=false timed out after 100 seconds.
[2026-08-16 22:16:53Z ERR  BrokerMessageListener] Catch exception during get next message.
[2026-08-16 22:16:53Z ERR  BrokerMessageListener] System.TimeoutException: The HTTP request timed out after 00:01:40.
 ---> System.Threading.Tasks.TaskCanceledException: The request was canceled due to the configured HttpClient.Timeout of 100 seconds elapsing.
 ---> System.TimeoutException: A task was canceled.
 ---> System.Threading.Tasks.TaskCanceledException: A task was canceled.
   at GitHub.Services.Common.VssHttpRetryMessageHandler.SendAsync(HttpRequestMessage request, CancellationToken cancellationToken)
   at System.Net.Http.HttpClient.<SendAsync>g__Core|83_0(HttpRequestMessage request, HttpCompletionOption completionOption, CancellationTokenSource cts, Boolean disposeCts, CancellationTokenSource pendingRequestsCts, CancellationToken originalCancellationToken)
   --- End of inner exception stack trace ---
   --- End of inner exception stack trace ---
   at System.Net.Http.HttpClient.HandleFailure(Exception e, Boolean telemetryStarted, HttpResponseMessage response, CancellationTokenSource cts, CancellationToken cancellationToken, CancellationTokenSource pendingRequestsCts)
   at System.Net.Http.HttpClient.<SendAsync>g__Core|83_0(HttpRequestMessage request, HttpCompletionOption completionOption, CancellationTokenSource cts, Boolean disposeCts, CancellationTokenSource pendingRequestsCts, CancellationToken originalCancellationToken)
   at GitHub.Services.OAuth.VssOAuthTokenHttpClient.GetTokenAsync(VssOAuthGrant grant, VssOAuthClientCredential credential, VssOAuthTokenParameters tokenParameters, CancellationToken cancellationToken)
   at GitHub.Services.OAuth.VssOAuthTokenProvider.OnGetTokenAsync(IssuedToken failedToken, CancellationToken cancellationToken)
   at GitHub.Services.Common.IssuedTokenProvider.GetTokenOperation.GetTokenAsync(VssTraceActivity traceActivity)
   at GitHub.Services.Common.IssuedTokenProvider.GetTokenAsync(IssuedToken failedToken, CancellationToken cancellationToken)
   at GitHub.Services.Common.RawHttpMessageHandler.SendAsync(HttpRequestMessage request, CancellationToken cancellationToken)
   --- End of inner exception stack trace ---
   at GitHub.Services.Common.RawHttpMessageHandler.SendAsync(HttpRequestMessage request, CancellationToken cancellationToken)
   at GitHub.Services.Common.VssHttpRetryMessageHandler.SendAsync(HttpRequestMessage request, CancellationToken cancellationToken)
   at System.Net.Http.HttpClient.<SendAsync>g__Core|83_0(HttpRequestMessage request, HttpCompletionOption completionOption, CancellationTokenSource cts, Boolean disposeCts, CancellationTokenSource pendingRequestsCts, CancellationToken originalCancellationToken)
   at Sdk.WebApi.WebApi.RawHttpClientBase.SendAsync(HttpRequestMessage message, HttpCompletionOption completionOption, Object userState, CancellationToken cancellationToken)
   at Sdk.WebApi.WebApi.RawHttpClientBase.SendAsync[T](HttpRequestMessage message, Boolean readErrorBody, Object userState, CancellationToken cancellationToken)
   at Sdk.WebApi.WebApi.RawHttpClientBase.SendAsync[T](HttpMethod method, IEnumerable`1 additionalHeaders, Uri requestUri, HttpContent content, IEnumerable`1 queryParameters, Boolean readErrorBody, Object userState, CancellationToken cancellationToken)
   at GitHub.Actions.RunService.WebApi.BrokerHttpClient.GetRunnerMessageAsync(Nullable`1 sessionId, String runnerVersion, Nullable`1 status, String os, String architecture, Nullable`1 disableUpdate, CancellationToken cancellationToken)
   at GitHub.Runner.Common.BrokerServer.<>c__DisplayClass7_0.<<GetRunnerMessageAsync>b__0>d.MoveNext()
--- End of stack trace from previous location ---
   at GitHub.Runner.Common.RunnerService.RetryRequest[T](Func`1 func, CancellationToken cancellationToken, Int32 maxAttempts, Func`2 shouldRetry)
   at GitHub.Runner.Listener.BrokerMessageListener.GetNextMessageAsync(CancellationToken token)
[2026-08-16 22:16:53Z ERR  BrokerMessageListener] #####################################################
[2026-08-16 22:16:53Z ERR  BrokerMessageListener] System.Threading.Tasks.TaskCanceledException: The request was canceled due to the configured HttpClient.Timeout of 100 seconds elapsing.
 ---> System.TimeoutException: A task was canceled.
 ---> System.Threading.Tasks.TaskCanceledException: A task was canceled.
   at GitHub.Services.Common.VssHttpRetryMessageHandler.SendAsync(HttpRequestMessage request, CancellationToken cancellationToken)
   at System.Net.Http.HttpClient.<SendAsync>g__Core|83_0(HttpRequestMessage request, HttpCompletionOption completionOption, CancellationTokenSource cts, Boolean disposeCts, CancellationTokenSource pendingRequestsCts, CancellationToken originalCancellationToken)
   --- End of inner exception stack trace ---
   --- End of inner exception stack trace ---
   at System.Net.Http.HttpClient.HandleFailure(Exception e, Boolean telemetryStarted, HttpResponseMessage response, CancellationTokenSource cts, CancellationToken cancellationToken, CancellationTokenSource pendingRequestsCts)
   at System.Net.Http.HttpClient.<SendAsync>g__Core|83_0(HttpRequestMessage request, HttpCompletionOption completionOption, CancellationTokenSource cts, Boolean disposeCts, CancellationTokenSource pendingRequestsCts, CancellationToken originalCancellationToken)
   at GitHub.Services.OAuth.VssOAuthTokenHttpClient.GetTokenAsync(VssOAuthGrant grant, VssOAuthClientCredential credential, VssOAuthTokenParameters tokenParameters, CancellationToken cancellationToken)
   at GitHub.Services.OAuth.VssOAuthTokenProvider.OnGetTokenAsync(IssuedToken failedToken, CancellationToken cancellationToken)
   at GitHub.Services.Common.IssuedTokenProvider.GetTokenOperation.GetTokenAsync(VssTraceActivity traceActivity)
   at GitHub.Services.Common.IssuedTokenProvider.GetTokenAsync(IssuedToken failedToken, CancellationToken cancellationToken)
   at GitHub.Services.Common.RawHttpMessageHandler.SendAsync(HttpRequestMessage request, CancellationToken cancellationToken)
[2026-08-16 22:16:53Z ERR  BrokerMessageListener] #####################################################
[2026-08-16 22:16:53Z ERR  BrokerMessageListener] System.TimeoutException: A task was canceled.
 ---> System.Threading.Tasks.TaskCanceledException: A task was canceled.
   at GitHub.Services.Common.VssHttpRetryMessageHandler.SendAsync(HttpRequestMessage request, CancellationToken cancellationToken)
   at System.Net.Http.HttpClient.<SendAsync>g__Core|83_0(HttpRequestMessage request, HttpCompletionOption completionOption, CancellationTokenSource cts, Boolean disposeCts, CancellationTokenSource pendingRequestsCts, CancellationToken originalCancellationToken)
   --- End of inner exception stack trace ---
[2026-08-16 22:16:53Z ERR  BrokerMessageListener] #####################################################
[2026-08-16 22:16:53Z ERR  BrokerMessageListener] System.Threading.Tasks.TaskCanceledException: A task was canceled.
   at GitHub.Services.Common.VssHttpRetryMessageHandler.SendAsync(HttpRequestMessage request, CancellationToken cancellationToken)
   at System.Net.Http.HttpClient.<SendAsync>g__Core|83_0(HttpRequestMessage request, HttpCompletionOption completionOption, CancellationTokenSource cts, Boolean disposeCts, CancellationTokenSource pendingRequestsCts, CancellationToken originalCancellationToken)
[2026-08-16 22:16:53Z INFO BrokerMessageListener] Retriable exception: The HTTP request timed out after 00:01:40.
[2026-08-16 22:16:53Z INFO BrokerMessageListener] Reload credentials.
[2026-08-16 22:16:53Z INFO ConfigurationStore] HasCredentials()
[2026-08-16 22:16:53Z INFO ConfigurationStore] stored True
[2026-08-16 22:16:53Z INFO CredentialManager] GetCredentialProvider
[2026-08-16 22:16:53Z INFO CredentialManager] Creating type OAuth
[2026-08-16 22:16:53Z INFO CredentialManager] Creating credential type: OAuth
[2026-08-16 22:16:53Z INFO RSAEncryptedFileKeyManager] Loading RSA key parameters from file C:\Users\sheet\OneDrive\Desktop\Devops\DEVOPS INSIDER\GIT practice\b18_G79Sheetal\actions-runner\.credentials_rsaparams
[2026-08-16 22:16:53Z INFO BrokerMessageListener] Connection to Broker Server recreated.
[2026-08-16 22:16:53Z INFO BrokerMessageListener] Sleeping for 20.34 seconds before retrying.
[2026-08-16 22:17:13Z INFO RSAEncryptedFileKeyManager] Loading RSA key parameters from file C:\Users\sheet\OneDrive\Desktop\Devops\DEVOPS INSIDER\GIT practice\b18_G79Sheetal\actions-runner\.credentials_rsaparams
[2026-08-16 22:17:13Z INFO RSAEncryptedFileKeyManager] Loading RSA key parameters from file C:\Users\sheet\OneDrive\Desktop\Devops\DEVOPS INSIDER\GIT practice\b18_G79Sheetal\actions-runner\.credentials_rsaparams
[2026-08-16 22:17:13Z WARN GitHubActionsService] Attempt 1 of POST request to https://tokenghub.actions.githubusercontent.com/_apis/oauth2/token/5e5ea7c5-1e9e-4f1b-832f-821fc36fd13e failed (Socket Error: HostNotFound). The operation will be retried in 10.83 seconds.
[2026-08-16 22:17:24Z WARN GitHubActionsService] Attempt 2 of POST request to https://tokenghub.actions.githubusercontent.com/_apis/oauth2/token/5e5ea7c5-1e9e-4f1b-832f-821fc36fd13e failed (Socket Error: HostNotFound). The operation will be retried in 13.177 seconds.
[2026-08-16 22:17:37Z WARN GitHubActionsService] Attempt 3 of POST request to https://tokenghub.actions.githubusercontent.com/_apis/oauth2/token/5e5ea7c5-1e9e-4f1b-832f-821fc36fd13e failed (Socket Error: HostNotFound). The operation will be retried in 16.447 seconds.
[2026-08-16 22:17:54Z WARN GitHubActionsService] Attempt 4 of POST request to https://tokenghub.actions.githubusercontent.com/_apis/oauth2/token/5e5ea7c5-1e9e-4f1b-832f-821fc36fd13e failed (Socket Error: HostNotFound). The operation will be retried in 22.27 seconds.
[2026-08-16 22:18:16Z WARN GitHubActionsService] Attempt 5 of POST request to https://tokenghub.actions.githubusercontent.com/_apis/oauth2/token/5e5ea7c5-1e9e-4f1b-832f-821fc36fd13e failed (Socket Error: HostNotFound). The operation will be retried in 36.629 seconds.
[2026-08-16 22:18:53Z ERR  GitHubActionsService] Attempt 6 of POST request to https://tokenghub.actions.githubusercontent.com/_apis/oauth2/token/5e5ea7c5-1e9e-4f1b-832f-821fc36fd13e failed (Socket Error: HostNotFound). The maximum number of attempts has been reached.
[2026-08-16 22:18:53Z WARN GitHubActionsService] Retrieving an AAD auth token took a long time (99.3950487 seconds)
[2026-08-16 22:18:53Z WARN GitHubActionsService] Attempt 1 of GET request to https://broker.actions.githubusercontent.com/message?sessionId=cfc40dcc-4a56-4fa4-8bc2-767410e8c931&status=Online&runnerVersion=2.336.0&os=Windows&architecture=X64&disableUpdate=false failed (Socket Error: HostNotFound). The operation will be retried in 10.97 seconds.
[2026-08-16 22:19:04Z INFO RSAEncryptedFileKeyManager] Loading RSA key parameters from file C:\Users\sheet\OneDrive\Desktop\Devops\DEVOPS INSIDER\GIT practice\b18_G79Sheetal\actions-runner\.credentials_rsaparams
[2026-08-16 22:19:04Z WARN GitHubActionsService] Attempt 1 of POST request to https://tokenghub.actions.githubusercontent.com/_apis/oauth2/token/5e5ea7c5-1e9e-4f1b-832f-821fc36fd13e failed (Socket Error: HostNotFound). The operation will be retried in 10.851 seconds.
[2026-08-16 22:19:15Z WARN GitHubActionsService] Attempt 2 of POST request to https://tokenghub.actions.githubusercontent.com/_apis/oauth2/token/5e5ea7c5-1e9e-4f1b-832f-821fc36fd13e failed (Socket Error: HostNotFound). The operation will be retried in 13.063 seconds.
[2026-08-16 22:19:28Z WARN GitHubActionsService] Attempt 3 of POST request to https://tokenghub.actions.githubusercontent.com/_apis/oauth2/token/5e5ea7c5-1e9e-4f1b-832f-821fc36fd13e failed (Socket Error: HostNotFound). The operation will be retried in 17.434 seconds.
[2026-08-16 22:19:45Z WARN GitHubActionsService] Attempt 4 of POST request to https://tokenghub.actions.githubusercontent.com/_apis/oauth2/token/5e5ea7c5-1e9e-4f1b-832f-821fc36fd13e failed (Socket Error: HostNotFound). The operation will be retried in 26.755 seconds.
[2026-08-16 22:20:12Z WARN GitHubActionsService] Attempt 5 of POST request to https://tokenghub.actions.githubusercontent.com/_apis/oauth2/token/5e5ea7c5-1e9e-4f1b-832f-821fc36fd13e failed (Socket Error: HostNotFound). The operation will be retried in 46.425 seconds.
[2026-08-16 22:20:44Z WARN GitHubActionsService] Retrieving an AAD auth token took a long time (100.0096221 seconds)
[2026-08-16 22:20:44Z WARN GitHubActionsService] GET request to https://broker.actions.githubusercontent.com/message?sessionId=cfc40dcc-4a56-4fa4-8bc2-767410e8c931&status=Online&runnerVersion=2.336.0&os=Windows&architecture=X64&disableUpdate=false timed out after 100 seconds.
[2026-08-16 22:20:44Z ERR  BrokerServer] Catch exception during request
[2026-08-16 22:20:44Z ERR  BrokerServer] System.TimeoutException: The HTTP request timed out after 00:01:40.
 ---> System.Threading.Tasks.TaskCanceledException: The request was canceled due to the configured HttpClient.Timeout of 100 seconds elapsing.
 ---> System.TimeoutException: A task was canceled.
 ---> System.Threading.Tasks.TaskCanceledException: A task was canceled.
   at GitHub.Services.Common.VssHttpRetryMessageHandler.SendAsync(HttpRequestMessage request, CancellationToken cancellationToken)
   at System.Net.Http.HttpClient.<SendAsync>g__Core|83_0(HttpRequestMessage request, HttpCompletionOption completionOption, CancellationTokenSource cts, Boolean disposeCts, CancellationTokenSource pendingRequestsCts, CancellationToken originalCancellationToken)
   --- End of inner exception stack trace ---
   --- End of inner exception stack trace ---
   at System.Net.Http.HttpClient.HandleFailure(Exception e, Boolean telemetryStarted, HttpResponseMessage response, CancellationTokenSource cts, CancellationToken cancellationToken, CancellationTokenSource pendingRequestsCts)
   at System.Net.Http.HttpClient.<SendAsync>g__Core|83_0(HttpRequestMessage request, HttpCompletionOption completionOption, CancellationTokenSource cts, Boolean disposeCts, CancellationTokenSource pendingRequestsCts, CancellationToken originalCancellationToken)
   at GitHub.Services.OAuth.VssOAuthTokenHttpClient.GetTokenAsync(VssOAuthGrant grant, VssOAuthClientCredential credential, VssOAuthTokenParameters tokenParameters, CancellationToken cancellationToken)
   at GitHub.Services.OAuth.VssOAuthTokenProvider.OnGetTokenAsync(IssuedToken failedToken, CancellationToken cancellationToken)
   at GitHub.Services.Common.IssuedTokenProvider.GetTokenOperation.GetTokenAsync(VssTraceActivity traceActivity)
   at GitHub.Services.Common.IssuedTokenProvider.GetTokenAsync(IssuedToken failedToken, CancellationToken cancellationToken)
   at GitHub.Services.Common.RawHttpMessageHandler.SendAsync(HttpRequestMessage request, CancellationToken cancellationToken)
   --- End of inner exception stack trace ---
   at GitHub.Services.Common.RawHttpMessageHandler.SendAsync(HttpRequestMessage request, CancellationToken cancellationToken)
   at GitHub.Services.Common.VssHttpRetryMessageHandler.SendAsync(HttpRequestMessage request, CancellationToken cancellationToken)
   at System.Net.Http.HttpClient.<SendAsync>g__Core|83_0(HttpRequestMessage request, HttpCompletionOption completionOption, CancellationTokenSource cts, Boolean disposeCts, CancellationTokenSource pendingRequestsCts, CancellationToken originalCancellationToken)
   at Sdk.WebApi.WebApi.RawHttpClientBase.SendAsync(HttpRequestMessage message, HttpCompletionOption completionOption, Object userState, CancellationToken cancellationToken)
   at Sdk.WebApi.WebApi.RawHttpClientBase.SendAsync[T](HttpRequestMessage message, Boolean readErrorBody, Object userState, CancellationToken cancellationToken)
   at Sdk.WebApi.WebApi.RawHttpClientBase.SendAsync[T](HttpMethod method, IEnumerable`1 additionalHeaders, Uri requestUri, HttpContent content, IEnumerable`1 queryParameters, Boolean readErrorBody, Object userState, CancellationToken cancellationToken)
   at GitHub.Actions.RunService.WebApi.BrokerHttpClient.GetRunnerMessageAsync(Nullable`1 sessionId, String runnerVersion, Nullable`1 status, String os, String architecture, Nullable`1 disableUpdate, CancellationToken cancellationToken)
   at GitHub.Runner.Common.BrokerServer.<>c__DisplayClass7_0.<<GetRunnerMessageAsync>b__0>d.MoveNext()
--- End of stack trace from previous location ---
   at GitHub.Runner.Common.RunnerService.RetryRequest[T](Func`1 func, CancellationToken cancellationToken, Int32 maxAttempts, Func`2 shouldRetry)
[2026-08-16 22:20:44Z ERR  BrokerServer] #####################################################
[2026-08-16 22:20:44Z ERR  BrokerServer] System.Threading.Tasks.TaskCanceledException: The request was canceled due to the configured HttpClient.Timeout of 100 seconds elapsing.
 ---> System.TimeoutException: A task was canceled.
 ---> System.Threading.Tasks.TaskCanceledException: A task was canceled.
   at GitHub.Services.Common.VssHttpRetryMessageHandler.SendAsync(HttpRequestMessage request, CancellationToken cancellationToken)
   at System.Net.Http.HttpClient.<SendAsync>g__Core|83_0(HttpRequestMessage request, HttpCompletionOption completionOption, CancellationTokenSource cts, Boolean disposeCts, CancellationTokenSource pendingRequestsCts, CancellationToken originalCancellationToken)
   --- End of inner exception stack trace ---
   --- End of inner exception stack trace ---
   at System.Net.Http.HttpClient.HandleFailure(Exception e, Boolean telemetryStarted, HttpResponseMessage response, CancellationTokenSource cts, CancellationToken cancellationToken, CancellationTokenSource pendingRequestsCts)
   at System.Net.Http.HttpClient.<SendAsync>g__Core|83_0(HttpRequestMessage request, HttpCompletionOption completionOption, CancellationTokenSource cts, Boolean disposeCts, CancellationTokenSource pendingRequestsCts, CancellationToken originalCancellationToken)
   at GitHub.Services.OAuth.VssOAuthTokenHttpClient.GetTokenAsync(VssOAuthGrant grant, VssOAuthClientCredential credential, VssOAuthTokenParameters tokenParameters, CancellationToken cancellationToken)
   at GitHub.Services.OAuth.VssOAuthTokenProvider.OnGetTokenAsync(IssuedToken failedToken, CancellationToken cancellationToken)
   at GitHub.Services.Common.IssuedTokenProvider.GetTokenOperation.GetTokenAsync(VssTraceActivity traceActivity)
   at GitHub.Services.Common.IssuedTokenProvider.GetTokenAsync(IssuedToken failedToken, CancellationToken cancellationToken)
   at GitHub.Services.Common.RawHttpMessageHandler.SendAsync(HttpRequestMessage request, CancellationToken cancellationToken)
[2026-08-16 22:20:44Z ERR  BrokerServer] #####################################################
[2026-08-16 22:20:44Z ERR  BrokerServer] System.TimeoutException: A task was canceled.
 ---> System.Threading.Tasks.TaskCanceledException: A task was canceled.
   at GitHub.Services.Common.VssHttpRetryMessageHandler.SendAsync(HttpRequestMessage request, CancellationToken cancellationToken)
   at System.Net.Http.HttpClient.<SendAsync>g__Core|83_0(HttpRequestMessage request, HttpCompletionOption completionOption, CancellationTokenSource cts, Boolean disposeCts, CancellationTokenSource pendingRequestsCts, CancellationToken originalCancellationToken)
   --- End of inner exception stack trace ---
[2026-08-16 22:20:44Z ERR  BrokerServer] #####################################################
[2026-08-16 22:20:44Z ERR  BrokerServer] System.Threading.Tasks.TaskCanceledException: A task was canceled.
   at GitHub.Services.Common.VssHttpRetryMessageHandler.SendAsync(HttpRequestMessage request, CancellationToken cancellationToken)
   at System.Net.Http.HttpClient.<SendAsync>g__Core|83_0(HttpRequestMessage request, HttpCompletionOption completionOption, CancellationTokenSource cts, Boolean disposeCts, CancellationTokenSource pendingRequestsCts, CancellationToken originalCancellationToken)
[2026-08-16 22:20:44Z WARN BrokerServer] Back off 6.449 seconds before next retry. 4 attempt left.
[2026-08-16 22:20:50Z INFO RSAEncryptedFileKeyManager] Loading RSA key parameters from file C:\Users\sheet\OneDrive\Desktop\Devops\DEVOPS INSIDER\GIT practice\b18_G79Sheetal\actions-runner\.credentials_rsaparams
[2026-08-16 22:20:50Z WARN GitHubActionsService] Attempt 1 of POST request to https://tokenghub.actions.githubusercontent.com/_apis/oauth2/token/5e5ea7c5-1e9e-4f1b-832f-821fc36fd13e failed (Socket Error: HostNotFound). The operation will be retried in 10.913 seconds.
[2026-08-16 22:21:01Z WARN GitHubActionsService] Attempt 2 of POST request to https://tokenghub.actions.githubusercontent.com/_apis/oauth2/token/5e5ea7c5-1e9e-4f1b-832f-821fc36fd13e failed (Socket Error: HostNotFound). The operation will be retried in 12.865 seconds.
[2026-08-16 22:21:14Z WARN GitHubActionsService] Attempt 3 of POST request to https://tokenghub.actions.githubusercontent.com/_apis/oauth2/token/5e5ea7c5-1e9e-4f1b-832f-821fc36fd13e failed (Socket Error: HostNotFound). The operation will be retried in 16.167 seconds.
[2026-08-16 22:21:30Z WARN GitHubActionsService] Attempt 4 of POST request to https://tokenghub.actions.githubusercontent.com/_apis/oauth2/token/5e5ea7c5-1e9e-4f1b-832f-821fc36fd13e failed (Socket Error: HostNotFound). The operation will be retried in 24.91 seconds.
[2026-08-16 22:21:55Z WARN GitHubActionsService] Attempt 5 of POST request to https://tokenghub.actions.githubusercontent.com/_apis/oauth2/token/5e5ea7c5-1e9e-4f1b-832f-821fc36fd13e failed (Socket Error: HostNotFound). The operation will be retried in 36.691 seconds.
[2026-08-16 22:22:30Z WARN GitHubActionsService] Retrieving an AAD auth token took a long time (100.0136478 seconds)
[2026-08-16 22:22:30Z WARN GitHubActionsService] GET request to https://broker.actions.githubusercontent.com/message?sessionId=cfc40dcc-4a56-4fa4-8bc2-767410e8c931&status=Online&runnerVersion=2.336.0&os=Windows&architecture=X64&disableUpdate=false timed out after 100 seconds.
[2026-08-16 22:22:30Z ERR  BrokerServer] Catch exception during request
[2026-08-16 22:22:30Z ERR  BrokerServer] System.TimeoutException: The HTTP request timed out after 00:01:40.
 ---> System.Threading.Tasks.TaskCanceledException: The request was canceled due to the configured HttpClient.Timeout of 100 seconds elapsing.
 ---> System.TimeoutException: A task was canceled.
 ---> System.Threading.Tasks.TaskCanceledException: A task was canceled.
   at GitHub.Services.Common.VssHttpRetryMessageHandler.SendAsync(HttpRequestMessage request, CancellationToken cancellationToken)
   at System.Net.Http.HttpClient.<SendAsync>g__Core|83_0(HttpRequestMessage request, HttpCompletionOption completionOption, CancellationTokenSource cts, Boolean disposeCts, CancellationTokenSource pendingRequestsCts, CancellationToken originalCancellationToken)
   --- End of inner exception stack trace ---
   --- End of inner exception stack trace ---
   at System.Net.Http.HttpClient.HandleFailure(Exception e, Boolean telemetryStarted, HttpResponseMessage response, CancellationTokenSource cts, CancellationToken cancellationToken, CancellationTokenSource pendingRequestsCts)
   at System.Net.Http.HttpClient.<SendAsync>g__Core|83_0(HttpRequestMessage request, HttpCompletionOption completionOption, CancellationTokenSource cts, Boolean disposeCts, CancellationTokenSource pendingRequestsCts, CancellationToken originalCancellationToken)
   at GitHub.Services.OAuth.VssOAuthTokenHttpClient.GetTokenAsync(VssOAuthGrant grant, VssOAuthClientCredential credential, VssOAuthTokenParameters tokenParameters, CancellationToken cancellationToken)
   at GitHub.Services.OAuth.VssOAuthTokenProvider.OnGetTokenAsync(IssuedToken failedToken, CancellationToken cancellationToken)
   at GitHub.Services.Common.IssuedTokenProvider.GetTokenOperation.GetTokenAsync(VssTraceActivity traceActivity)
   at GitHub.Services.Common.IssuedTokenProvider.GetTokenAsync(IssuedToken failedToken, CancellationToken cancellationToken)
   at GitHub.Services.Common.RawHttpMessageHandler.SendAsync(HttpRequestMessage request, CancellationToken cancellationToken)
   --- End of inner exception stack trace ---
   at GitHub.Services.Common.RawHttpMessageHandler.SendAsync(HttpRequestMessage request, CancellationToken cancellationToken)
   at GitHub.Services.Common.VssHttpRetryMessageHandler.SendAsync(HttpRequestMessage request, CancellationToken cancellationToken)
   at System.Net.Http.HttpClient.<SendAsync>g__Core|83_0(HttpRequestMessage request, HttpCompletionOption completionOption, CancellationTokenSource cts, Boolean disposeCts, CancellationTokenSource pendingRequestsCts, CancellationToken originalCancellationToken)
   at Sdk.WebApi.WebApi.RawHttpClientBase.SendAsync(HttpRequestMessage message, HttpCompletionOption completionOption, Object userState, CancellationToken cancellationToken)
   at Sdk.WebApi.WebApi.RawHttpClientBase.SendAsync[T](HttpRequestMessage message, Boolean readErrorBody, Object userState, CancellationToken cancellationToken)
   at Sdk.WebApi.WebApi.RawHttpClientBase.SendAsync[T](HttpMethod method, IEnumerable`1 additionalHeaders, Uri requestUri, HttpContent content, IEnumerable`1 queryParameters, Boolean readErrorBody, Object userState, CancellationToken cancellationToken)
   at GitHub.Actions.RunService.WebApi.BrokerHttpClient.GetRunnerMessageAsync(Nullable`1 sessionId, String runnerVersion, Nullable`1 status, String os, String architecture, Nullable`1 disableUpdate, CancellationToken cancellationToken)
   at GitHub.Runner.Common.BrokerServer.<>c__DisplayClass7_0.<<GetRunnerMessageAsync>b__0>d.MoveNext()
--- End of stack trace from previous location ---
   at GitHub.Runner.Common.RunnerService.RetryRequest[T](Func`1 func, CancellationToken cancellationToken, Int32 maxAttempts, Func`2 shouldRetry)
[2026-08-16 22:22:30Z ERR  BrokerServer] #####################################################
[2026-08-16 22:22:30Z ERR  BrokerServer] System.Threading.Tasks.TaskCanceledException: The request was canceled due to the configured HttpClient.Timeout of 100 seconds elapsing.
 ---> System.TimeoutException: A task was canceled.
 ---> System.Threading.Tasks.TaskCanceledException: A task was canceled.
   at GitHub.Services.Common.VssHttpRetryMessageHandler.SendAsync(HttpRequestMessage request, CancellationToken cancellationToken)
   at System.Net.Http.HttpClient.<SendAsync>g__Core|83_0(HttpRequestMessage request, HttpCompletionOption completionOption, CancellationTokenSource cts, Boolean disposeCts, CancellationTokenSource pendingRequestsCts, CancellationToken originalCancellationToken)
   --- End of inner exception stack trace ---
   --- End of inner exception stack trace ---
   at System.Net.Http.HttpClient.HandleFailure(Exception e, Boolean telemetryStarted, HttpResponseMessage response, CancellationTokenSource cts, CancellationToken cancellationToken, CancellationTokenSource pendingRequestsCts)
   at System.Net.Http.HttpClient.<SendAsync>g__Core|83_0(HttpRequestMessage request, HttpCompletionOption completionOption, CancellationTokenSource cts, Boolean disposeCts, CancellationTokenSource pendingRequestsCts, CancellationToken originalCancellationToken)
   at GitHub.Services.OAuth.VssOAuthTokenHttpClient.GetTokenAsync(VssOAuthGrant grant, VssOAuthClientCredential credential, VssOAuthTokenParameters tokenParameters, CancellationToken cancellationToken)
   at GitHub.Services.OAuth.VssOAuthTokenProvider.OnGetTokenAsync(IssuedToken failedToken, CancellationToken cancellationToken)
   at GitHub.Services.Common.IssuedTokenProvider.GetTokenOperation.GetTokenAsync(VssTraceActivity traceActivity)
   at GitHub.Services.Common.IssuedTokenProvider.GetTokenAsync(IssuedToken failedToken, CancellationToken cancellationToken)
   at GitHub.Services.Common.RawHttpMessageHandler.SendAsync(HttpRequestMessage request, CancellationToken cancellationToken)
[2026-08-16 22:22:30Z ERR  BrokerServer] #####################################################
[2026-08-16 22:22:30Z ERR  BrokerServer] System.TimeoutException: A task was canceled.
 ---> System.Threading.Tasks.TaskCanceledException: A task was canceled.
   at GitHub.Services.Common.VssHttpRetryMessageHandler.SendAsync(HttpRequestMessage request, CancellationToken cancellationToken)
   at System.Net.Http.HttpClient.<SendAsync>g__Core|83_0(HttpRequestMessage request, HttpCompletionOption completionOption, CancellationTokenSource cts, Boolean disposeCts, CancellationTokenSource pendingRequestsCts, CancellationToken originalCancellationToken)
   --- End of inner exception stack trace ---
[2026-08-16 22:22:30Z ERR  BrokerServer] #####################################################
[2026-08-16 22:22:30Z ERR  BrokerServer] System.Threading.Tasks.TaskCanceledException: A task was canceled.
   at GitHub.Services.Common.VssHttpRetryMessageHandler.SendAsync(HttpRequestMessage request, CancellationToken cancellationToken)
   at System.Net.Http.HttpClient.<SendAsync>g__Core|83_0(HttpRequestMessage request, HttpCompletionOption completionOption, CancellationTokenSource cts, Boolean disposeCts, CancellationTokenSource pendingRequestsCts, CancellationToken originalCancellationToken)
[2026-08-16 22:22:30Z WARN BrokerServer] Back off 9.827 seconds before next retry. 3 attempt left.
[2026-08-16 22:22:40Z INFO RSAEncryptedFileKeyManager] Loading RSA key parameters from file C:\Users\sheet\OneDrive\Desktop\Devops\DEVOPS INSIDER\GIT practice\b18_G79Sheetal\actions-runner\.credentials_rsaparams
[2026-08-16 22:22:40Z WARN GitHubActionsService] Attempt 1 of POST request to https://tokenghub.actions.githubusercontent.com/_apis/oauth2/token/5e5ea7c5-1e9e-4f1b-832f-821fc36fd13e failed (Socket Error: HostNotFound). The operation will be retried in 11.172 seconds.
[2026-08-16 22:22:51Z WARN GitHubActionsService] Attempt 2 of POST request to https://tokenghub.actions.githubusercontent.com/_apis/oauth2/token/5e5ea7c5-1e9e-4f1b-832f-821fc36fd13e failed (Socket Error: HostNotFound). The operation will be retried in 13.015 seconds.
[2026-08-16 22:23:04Z WARN GitHubActionsService] Attempt 3 of POST request to https://tokenghub.actions.githubusercontent.com/_apis/oauth2/token/5e5ea7c5-1e9e-4f1b-832f-821fc36fd13e failed (Socket Error: HostNotFound). The operation will be retried in 17.973 seconds.
[2026-08-16 22:23:22Z WARN GitHubActionsService] Attempt 4 of POST request to https://tokenghub.actions.githubusercontent.com/_apis/oauth2/token/5e5ea7c5-1e9e-4f1b-832f-821fc36fd13e failed (Socket Error: HostNotFound). The operation will be retried in 26.575 seconds.
[2026-08-16 22:23:49Z WARN GitHubActionsService] Attempt 5 of POST request to https://tokenghub.actions.githubusercontent.com/_apis/oauth2/token/5e5ea7c5-1e9e-4f1b-832f-821fc36fd13e failed (Socket Error: HostNotFound). The operation will be retried in 39.884 seconds.
[2026-08-16 22:24:20Z WARN GitHubActionsService] Retrieving an AAD auth token took a long time (100.004654 seconds)
[2026-08-16 22:24:20Z WARN GitHubActionsService] GET request to https://broker.actions.githubusercontent.com/message?sessionId=cfc40dcc-4a56-4fa4-8bc2-767410e8c931&status=Online&runnerVersion=2.336.0&os=Windows&architecture=X64&disableUpdate=false timed out after 100 seconds.
[2026-08-16 22:24:20Z ERR  BrokerServer] Catch exception during request
[2026-08-16 22:24:20Z ERR  BrokerServer] System.TimeoutException: The HTTP request timed out after 00:01:40.
 ---> System.Threading.Tasks.TaskCanceledException: The request was canceled due to the configured HttpClient.Timeout of 100 seconds elapsing.
 ---> System.TimeoutException: A task was canceled.
 ---> System.Threading.Tasks.TaskCanceledException: A task was canceled.
   at GitHub.Services.Common.VssHttpRetryMessageHandler.SendAsync(HttpRequestMessage request, CancellationToken cancellationToken)
   at System.Net.Http.HttpClient.<SendAsync>g__Core|83_0(HttpRequestMessage request, HttpCompletionOption completionOption, CancellationTokenSource cts, Boolean disposeCts, CancellationTokenSource pendingRequestsCts, CancellationToken originalCancellationToken)
   --- End of inner exception stack trace ---
   --- End of inner exception stack trace ---
   at System.Net.Http.HttpClient.HandleFailure(Exception e, Boolean telemetryStarted, HttpResponseMessage response, CancellationTokenSource cts, CancellationToken cancellationToken, CancellationTokenSource pendingRequestsCts)
   at System.Net.Http.HttpClient.<SendAsync>g__Core|83_0(HttpRequestMessage request, HttpCompletionOption completionOption, CancellationTokenSource cts, Boolean disposeCts, CancellationTokenSource pendingRequestsCts, CancellationToken originalCancellationToken)
   at GitHub.Services.OAuth.VssOAuthTokenHttpClient.GetTokenAsync(VssOAuthGrant grant, VssOAuthClientCredential credential, VssOAuthTokenParameters tokenParameters, CancellationToken cancellationToken)
   at GitHub.Services.OAuth.VssOAuthTokenProvider.OnGetTokenAsync(IssuedToken failedToken, CancellationToken cancellationToken)
   at GitHub.Services.Common.IssuedTokenProvider.GetTokenOperation.GetTokenAsync(VssTraceActivity traceActivity)
   at GitHub.Services.Common.IssuedTokenProvider.GetTokenAsync(IssuedToken failedToken, CancellationToken cancellationToken)
   at GitHub.Services.Common.RawHttpMessageHandler.SendAsync(HttpRequestMessage request, CancellationToken cancellationToken)
   --- End of inner exception stack trace ---
   at GitHub.Services.Common.RawHttpMessageHandler.SendAsync(HttpRequestMessage request, CancellationToken cancellationToken)
   at GitHub.Services.Common.VssHttpRetryMessageHandler.SendAsync(HttpRequestMessage request, CancellationToken cancellationToken)
   at System.Net.Http.HttpClient.<SendAsync>g__Core|83_0(HttpRequestMessage request, HttpCompletionOption completionOption, CancellationTokenSource cts, Boolean disposeCts, CancellationTokenSource pendingRequestsCts, CancellationToken originalCancellationToken)
   at Sdk.WebApi.WebApi.RawHttpClientBase.SendAsync(HttpRequestMessage message, HttpCompletionOption completionOption, Object userState, CancellationToken cancellationToken)
   at Sdk.WebApi.WebApi.RawHttpClientBase.SendAsync[T](HttpRequestMessage message, Boolean readErrorBody, Object userState, CancellationToken cancellationToken)
   at Sdk.WebApi.WebApi.RawHttpClientBase.SendAsync[T](HttpMethod method, IEnumerable`1 additionalHeaders, Uri requestUri, HttpContent content, IEnumerable`1 queryParameters, Boolean readErrorBody, Object userState, CancellationToken cancellationToken)
   at GitHub.Actions.RunService.WebApi.BrokerHttpClient.GetRunnerMessageAsync(Nullable`1 sessionId, String runnerVersion, Nullable`1 status, String os, String architecture, Nullable`1 disableUpdate, CancellationToken cancellationToken)
   at GitHub.Runner.Common.BrokerServer.<>c__DisplayClass7_0.<<GetRunnerMessageAsync>b__0>d.MoveNext()
--- End of stack trace from previous location ---
   at GitHub.Runner.Common.RunnerService.RetryRequest[T](Func`1 func, CancellationToken cancellationToken, Int32 maxAttempts, Func`2 shouldRetry)
[2026-08-16 22:24:20Z ERR  BrokerServer] #####################################################
[2026-08-16 22:24:20Z ERR  BrokerServer] System.Threading.Tasks.TaskCanceledException: The request was canceled due to the configured HttpClient.Timeout of 100 seconds elapsing.
 ---> System.TimeoutException: A task was canceled.
 ---> System.Threading.Tasks.TaskCanceledException: A task was canceled.
   at GitHub.Services.Common.VssHttpRetryMessageHandler.SendAsync(HttpRequestMessage request, CancellationToken cancellationToken)
   at System.Net.Http.HttpClient.<SendAsync>g__Core|83_0(HttpRequestMessage request, HttpCompletionOption completionOption, CancellationTokenSource cts, Boolean disposeCts, CancellationTokenSource pendingRequestsCts, CancellationToken originalCancellationToken)
   --- End of inner exception stack trace ---
   --- End of inner exception stack trace ---
   at System.Net.Http.HttpClient.HandleFailure(Exception e, Boolean telemetryStarted, HttpResponseMessage response, CancellationTokenSource cts, CancellationToken cancellationToken, CancellationTokenSource pendingRequestsCts)
   at System.Net.Http.HttpClient.<SendAsync>g__Core|83_0(HttpRequestMessage request, HttpCompletionOption completionOption, CancellationTokenSource cts, Boolean disposeCts, CancellationTokenSource pendingRequestsCts, CancellationToken originalCancellationToken)
   at GitHub.Services.OAuth.VssOAuthTokenHttpClient.GetTokenAsync(VssOAuthGrant grant, VssOAuthClientCredential credential, VssOAuthTokenParameters tokenParameters, CancellationToken cancellationToken)
   at GitHub.Services.OAuth.VssOAuthTokenProvider.OnGetTokenAsync(IssuedToken failedToken, CancellationToken cancellationToken)
   at GitHub.Services.Common.IssuedTokenProvider.GetTokenOperation.GetTokenAsync(VssTraceActivity traceActivity)
   at GitHub.Services.Common.IssuedTokenProvider.GetTokenAsync(IssuedToken failedToken, CancellationToken cancellationToken)
   at GitHub.Services.Common.RawHttpMessageHandler.SendAsync(HttpRequestMessage request, CancellationToken cancellationToken)
[2026-08-16 22:24:20Z ERR  BrokerServer] #####################################################
[2026-08-16 22:24:20Z ERR  BrokerServer] System.TimeoutException: A task was canceled.
 ---> System.Threading.Tasks.TaskCanceledException: A task was canceled.
   at GitHub.Services.Common.VssHttpRetryMessageHandler.SendAsync(HttpRequestMessage request, CancellationToken cancellationToken)
   at System.Net.Http.HttpClient.<SendAsync>g__Core|83_0(HttpRequestMessage request, HttpCompletionOption completionOption, CancellationTokenSource cts, Boolean disposeCts, CancellationTokenSource pendingRequestsCts, CancellationToken originalCancellationToken)
   --- End of inner exception stack trace ---
[2026-08-16 22:24:20Z ERR  BrokerServer] #####################################################
[2026-08-16 22:24:20Z ERR  BrokerServer] System.Threading.Tasks.TaskCanceledException: A task was canceled.
   at GitHub.Services.Common.VssHttpRetryMessageHandler.SendAsync(HttpRequestMessage request, CancellationToken cancellationToken)
   at System.Net.Http.HttpClient.<SendAsync>g__Core|83_0(HttpRequestMessage request, HttpCompletionOption completionOption, CancellationTokenSource cts, Boolean disposeCts, CancellationTokenSource pendingRequestsCts, CancellationToken originalCancellationToken)
[2026-08-16 22:24:20Z WARN BrokerServer] Back off 10.44 seconds before next retry. 2 attempt left.
[2026-08-16 22:24:31Z INFO RSAEncryptedFileKeyManager] Loading RSA key parameters from file C:\Users\sheet\OneDrive\Desktop\Devops\DEVOPS INSIDER\GIT practice\b18_G79Sheetal\actions-runner\.credentials_rsaparams
[2026-08-16 22:24:31Z WARN GitHubActionsService] Attempt 1 of POST request to https://tokenghub.actions.githubusercontent.com/_apis/oauth2/token/5e5ea7c5-1e9e-4f1b-832f-821fc36fd13e failed (Socket Error: HostNotFound). The operation will be retried in 10.827 seconds.
[2026-08-16 22:24:41Z WARN GitHubActionsService] Attempt 2 of POST request to https://tokenghub.actions.githubusercontent.com/_apis/oauth2/token/5e5ea7c5-1e9e-4f1b-832f-821fc36fd13e failed (Socket Error: HostNotFound). The operation will be retried in 12.814 seconds.
[2026-08-16 22:24:54Z WARN GitHubActionsService] Attempt 3 of POST request to https://tokenghub.actions.githubusercontent.com/_apis/oauth2/token/5e5ea7c5-1e9e-4f1b-832f-821fc36fd13e failed (Socket Error: HostNotFound). The operation will be retried in 16.258 seconds.
[2026-08-16 22:25:10Z WARN GitHubActionsService] Attempt 4 of POST request to https://tokenghub.actions.githubusercontent.com/_apis/oauth2/token/5e5ea7c5-1e9e-4f1b-832f-821fc36fd13e failed (Socket Error: HostNotFound). The operation will be retried in 27.97 seconds.
[2026-08-16 22:25:38Z WARN GitHubActionsService] Attempt 5 of POST request to https://tokenghub.actions.githubusercontent.com/_apis/oauth2/token/5e5ea7c5-1e9e-4f1b-832f-821fc36fd13e failed (Socket Error: HostNotFound). The operation will be retried in 41.93 seconds.
[2026-08-16 22:26:11Z WARN GitHubActionsService] Retrieving an AAD auth token took a long time (100.0013333 seconds)
[2026-08-16 22:26:11Z WARN GitHubActionsService] GET request to https://broker.actions.githubusercontent.com/message?sessionId=cfc40dcc-4a56-4fa4-8bc2-767410e8c931&status=Online&runnerVersion=2.336.0&os=Windows&architecture=X64&disableUpdate=false timed out after 100 seconds.
[2026-08-16 22:26:11Z ERR  BrokerServer] Catch exception during request
[2026-08-16 22:26:11Z ERR  BrokerServer] System.TimeoutException: The HTTP request timed out after 00:01:40.
 ---> System.Threading.Tasks.TaskCanceledException: A task was canceled.
 ---> System.Threading.Tasks.TaskCanceledException: A task was canceled.
   at GitHub.Services.Common.VssHttpRetryMessageHandler.SendAsync(HttpRequestMessage request, CancellationToken cancellationToken)
   at System.Net.Http.HttpClient.<SendAsync>g__Core|83_0(HttpRequestMessage request, HttpCompletionOption completionOption, CancellationTokenSource cts, Boolean disposeCts, CancellationTokenSource pendingRequestsCts, CancellationToken originalCancellationToken)
   --- End of inner exception stack trace ---
   at System.Net.Http.HttpClient.HandleFailure(Exception e, Boolean telemetryStarted, HttpResponseMessage response, CancellationTokenSource cts, CancellationToken cancellationToken, CancellationTokenSource pendingRequestsCts)
   at System.Net.Http.HttpClient.<SendAsync>g__Core|83_0(HttpRequestMessage request, HttpCompletionOption completionOption, CancellationTokenSource cts, Boolean disposeCts, CancellationTokenSource pendingRequestsCts, CancellationToken originalCancellationToken)
   at GitHub.Services.OAuth.VssOAuthTokenHttpClient.GetTokenAsync(VssOAuthGrant grant, VssOAuthClientCredential credential, VssOAuthTokenParameters tokenParameters, CancellationToken cancellationToken)
   at GitHub.Services.OAuth.VssOAuthTokenProvider.OnGetTokenAsync(IssuedToken failedToken, CancellationToken cancellationToken)
   at GitHub.Services.Common.IssuedTokenProvider.GetTokenOperation.GetTokenAsync(VssTraceActivity traceActivity)
   at GitHub.Services.Common.IssuedTokenProvider.GetTokenAsync(IssuedToken failedToken, CancellationToken cancellationToken)
   at GitHub.Services.Common.RawHttpMessageHandler.SendAsync(HttpRequestMessage request, CancellationToken cancellationToken)
   --- End of inner exception stack trace ---
   at GitHub.Services.Common.RawHttpMessageHandler.SendAsync(HttpRequestMessage request, CancellationToken cancellationToken)
   at GitHub.Services.Common.VssHttpRetryMessageHandler.SendAsync(HttpRequestMessage request, CancellationToken cancellationToken)
   at System.Net.Http.HttpClient.<SendAsync>g__Core|83_0(HttpRequestMessage request, HttpCompletionOption completionOption, CancellationTokenSource cts, Boolean disposeCts, CancellationTokenSource pendingRequestsCts, CancellationToken originalCancellationToken)
   at Sdk.WebApi.WebApi.RawHttpClientBase.SendAsync(HttpRequestMessage message, HttpCompletionOption completionOption, Object userState, CancellationToken cancellationToken)
   at Sdk.WebApi.WebApi.RawHttpClientBase.SendAsync[T](HttpRequestMessage message, Boolean readErrorBody, Object userState, CancellationToken cancellationToken)
   at Sdk.WebApi.WebApi.RawHttpClientBase.SendAsync[T](HttpMethod method, IEnumerable`1 additionalHeaders, Uri requestUri, HttpContent content, IEnumerable`1 queryParameters, Boolean readErrorBody, Object userState, CancellationToken cancellationToken)
   at GitHub.Actions.RunService.WebApi.BrokerHttpClient.GetRunnerMessageAsync(Nullable`1 sessionId, String runnerVersion, Nullable`1 status, String os, String architecture, Nullable`1 disableUpdate, CancellationToken cancellationToken)
   at GitHub.Runner.Common.BrokerServer.<>c__DisplayClass7_0.<<GetRunnerMessageAsync>b__0>d.MoveNext()
--- End of stack trace from previous location ---
   at GitHub.Runner.Common.RunnerService.RetryRequest[T](Func`1 func, CancellationToken cancellationToken, Int32 maxAttempts, Func`2 shouldRetry)
[2026-08-16 22:26:11Z ERR  BrokerServer] #####################################################
[2026-08-16 22:26:11Z ERR  BrokerServer] System.Threading.Tasks.TaskCanceledException: A task was canceled.
 ---> System.Threading.Tasks.TaskCanceledException: A task was canceled.
   at GitHub.Services.Common.VssHttpRetryMessageHandler.SendAsync(HttpRequestMessage request, CancellationToken cancellationToken)
   at System.Net.Http.HttpClient.<SendAsync>g__Core|83_0(HttpRequestMessage request, HttpCompletionOption completionOption, CancellationTokenSource cts, Boolean disposeCts, CancellationTokenSource pendingRequestsCts, CancellationToken originalCancellationToken)
   --- End of inner exception stack trace ---
   at System.Net.Http.HttpClient.HandleFailure(Exception e, Boolean telemetryStarted, HttpResponseMessage response, CancellationTokenSource cts, CancellationToken cancellationToken, CancellationTokenSource pendingRequestsCts)
   at System.Net.Http.HttpClient.<SendAsync>g__Core|83_0(HttpRequestMessage request, HttpCompletionOption completionOption, CancellationTokenSource cts, Boolean disposeCts, CancellationTokenSource pendingRequestsCts, CancellationToken originalCancellationToken)
   at GitHub.Services.OAuth.VssOAuthTokenHttpClient.GetTokenAsync(VssOAuthGrant grant, VssOAuthClientCredential credential, VssOAuthTokenParameters tokenParameters, CancellationToken cancellationToken)
   at GitHub.Services.OAuth.VssOAuthTokenProvider.OnGetTokenAsync(IssuedToken failedToken, CancellationToken cancellationToken)
   at GitHub.Services.Common.IssuedTokenProvider.GetTokenOperation.GetTokenAsync(VssTraceActivity traceActivity)
   at GitHub.Services.Common.IssuedTokenProvider.GetTokenAsync(IssuedToken failedToken, CancellationToken cancellationToken)
   at GitHub.Services.Common.RawHttpMessageHandler.SendAsync(HttpRequestMessage request, CancellationToken cancellationToken)
[2026-08-16 22:26:11Z ERR  BrokerServer] #####################################################
[2026-08-16 22:26:11Z ERR  BrokerServer] System.Threading.Tasks.TaskCanceledException: A task was canceled.
   at GitHub.Services.Common.VssHttpRetryMessageHandler.SendAsync(HttpRequestMessage request, CancellationToken cancellationToken)
   at System.Net.Http.HttpClient.<SendAsync>g__Core|83_0(HttpRequestMessage request, HttpCompletionOption completionOption, CancellationTokenSource cts, Boolean disposeCts, CancellationTokenSource pendingRequestsCts, CancellationToken originalCancellationToken)
[2026-08-16 22:26:11Z WARN BrokerServer] Back off 13.214 seconds before next retry. 1 attempt left.
[2026-08-16 22:26:24Z INFO RSAEncryptedFileKeyManager] Loading RSA key parameters from file C:\Users\sheet\OneDrive\Desktop\Devops\DEVOPS INSIDER\GIT practice\b18_G79Sheetal\actions-runner\.credentials_rsaparams
[2026-08-16 22:26:24Z WARN GitHubActionsService] Attempt 1 of POST request to https://tokenghub.actions.githubusercontent.com/_apis/oauth2/token/5e5ea7c5-1e9e-4f1b-832f-821fc36fd13e failed (Socket Error: HostNotFound). The operation will be retried in 10.828 seconds.
[2026-08-16 22:26:35Z WARN GitHubActionsService] Attempt 2 of POST request to https://tokenghub.actions.githubusercontent.com/_apis/oauth2/token/5e5ea7c5-1e9e-4f1b-832f-821fc36fd13e failed (Socket Error: HostNotFound). The operation will be retried in 12.667 seconds.
[2026-08-16 22:26:47Z WARN GitHubActionsService] Attempt 3 of POST request to https://tokenghub.actions.githubusercontent.com/_apis/oauth2/token/5e5ea7c5-1e9e-4f1b-832f-821fc36fd13e failed (Socket Error: HostNotFound). The operation will be retried in 17.966 seconds.
[2026-08-16 22:27:05Z WARN GitHubActionsService] Attempt 4 of POST request to https://tokenghub.actions.githubusercontent.com/_apis/oauth2/token/5e5ea7c5-1e9e-4f1b-832f-821fc36fd13e failed (Socket Error: HostNotFound). The operation will be retried in 26.125 seconds.
[2026-08-16 22:27:31Z WARN GitHubActionsService] Attempt 5 of POST request to https://tokenghub.actions.githubusercontent.com/_apis/oauth2/token/5e5ea7c5-1e9e-4f1b-832f-821fc36fd13e failed (Socket Error: HostNotFound). The operation will be retried in 46.022 seconds.
[2026-08-16 22:28:04Z WARN GitHubActionsService] Retrieving an AAD auth token took a long time (100.0035138 seconds)
[2026-08-16 22:28:04Z WARN GitHubActionsService] GET request to https://broker.actions.githubusercontent.com/message?sessionId=cfc40dcc-4a56-4fa4-8bc2-767410e8c931&status=Online&runnerVersion=2.336.0&os=Windows&architecture=X64&disableUpdate=false timed out after 100 seconds.
[2026-08-16 22:28:04Z ERR  BrokerMessageListener] Catch exception during get next message.
[2026-08-16 22:28:04Z ERR  BrokerMessageListener] System.TimeoutException: The HTTP request timed out after 00:01:40.
 ---> System.Threading.Tasks.TaskCanceledException: The request was canceled due to the configured HttpClient.Timeout of 100 seconds elapsing.
 ---> System.TimeoutException: A task was canceled.
 ---> System.Threading.Tasks.TaskCanceledException: A task was canceled.
   at GitHub.Services.Common.VssHttpRetryMessageHandler.SendAsync(HttpRequestMessage request, CancellationToken cancellationToken)
   at System.Net.Http.HttpClient.<SendAsync>g__Core|83_0(HttpRequestMessage request, HttpCompletionOption completionOption, CancellationTokenSource cts, Boolean disposeCts, CancellationTokenSource pendingRequestsCts, CancellationToken originalCancellationToken)
   --- End of inner exception stack trace ---
   --- End of inner exception stack trace ---
   at System.Net.Http.HttpClient.HandleFailure(Exception e, Boolean telemetryStarted, HttpResponseMessage response, CancellationTokenSource cts, CancellationToken cancellationToken, CancellationTokenSource pendingRequestsCts)
   at System.Net.Http.HttpClient.<SendAsync>g__Core|83_0(HttpRequestMessage request, HttpCompletionOption completionOption, CancellationTokenSource cts, Boolean disposeCts, CancellationTokenSource pendingRequestsCts, CancellationToken originalCancellationToken)
   at GitHub.Services.OAuth.VssOAuthTokenHttpClient.GetTokenAsync(VssOAuthGrant grant, VssOAuthClientCredential credential, VssOAuthTokenParameters tokenParameters, CancellationToken cancellationToken)
   at GitHub.Services.OAuth.VssOAuthTokenProvider.OnGetTokenAsync(IssuedToken failedToken, CancellationToken cancellationToken)
   at GitHub.Services.Common.IssuedTokenProvider.GetTokenOperation.GetTokenAsync(VssTraceActivity traceActivity)
   at GitHub.Services.Common.IssuedTokenProvider.GetTokenAsync(IssuedToken failedToken, CancellationToken cancellationToken)
   at GitHub.Services.Common.RawHttpMessageHandler.SendAsync(HttpRequestMessage request, CancellationToken cancellationToken)
   --- End of inner exception stack trace ---
   at GitHub.Services.Common.RawHttpMessageHandler.SendAsync(HttpRequestMessage request, CancellationToken cancellationToken)
   at GitHub.Services.Common.VssHttpRetryMessageHandler.SendAsync(HttpRequestMessage request, CancellationToken cancellationToken)
   at System.Net.Http.HttpClient.<SendAsync>g__Core|83_0(HttpRequestMessage request, HttpCompletionOption completionOption, CancellationTokenSource cts, Boolean disposeCts, CancellationTokenSource pendingRequestsCts, CancellationToken originalCancellationToken)
   at Sdk.WebApi.WebApi.RawHttpClientBase.SendAsync(HttpRequestMessage message, HttpCompletionOption completionOption, Object userState, CancellationToken cancellationToken)
   at Sdk.WebApi.WebApi.RawHttpClientBase.SendAsync[T](HttpRequestMessage message, Boolean readErrorBody, Object userState, CancellationToken cancellationToken)
   at Sdk.WebApi.WebApi.RawHttpClientBase.SendAsync[T](HttpMethod method, IEnumerable`1 additionalHeaders, Uri requestUri, HttpContent content, IEnumerable`1 queryParameters, Boolean readErrorBody, Object userState, CancellationToken cancellationToken)
   at GitHub.Actions.RunService.WebApi.BrokerHttpClient.GetRunnerMessageAsync(Nullable`1 sessionId, String runnerVersion, Nullable`1 status, String os, String architecture, Nullable`1 disableUpdate, CancellationToken cancellationToken)
   at GitHub.Runner.Common.BrokerServer.<>c__DisplayClass7_0.<<GetRunnerMessageAsync>b__0>d.MoveNext()
--- End of stack trace from previous location ---
   at GitHub.Runner.Common.RunnerService.RetryRequest[T](Func`1 func, CancellationToken cancellationToken, Int32 maxAttempts, Func`2 shouldRetry)
   at GitHub.Runner.Listener.BrokerMessageListener.GetNextMessageAsync(CancellationToken token)
[2026-08-16 22:28:04Z ERR  BrokerMessageListener] #####################################################
[2026-08-16 22:28:04Z ERR  BrokerMessageListener] System.Threading.Tasks.TaskCanceledException: The request was canceled due to the configured HttpClient.Timeout of 100 seconds elapsing.
 ---> System.TimeoutException: A task was canceled.
 ---> System.Threading.Tasks.TaskCanceledException: A task was canceled.
   at GitHub.Services.Common.VssHttpRetryMessageHandler.SendAsync(HttpRequestMessage request, CancellationToken cancellationToken)
   at System.Net.Http.HttpClient.<SendAsync>g__Core|83_0(HttpRequestMessage request, HttpCompletionOption completionOption, CancellationTokenSource cts, Boolean disposeCts, CancellationTokenSource pendingRequestsCts, CancellationToken originalCancellationToken)
   --- End of inner exception stack trace ---
   --- End of inner exception stack trace ---
   at System.Net.Http.HttpClient.HandleFailure(Exception e, Boolean telemetryStarted, HttpResponseMessage response, CancellationTokenSource cts, CancellationToken cancellationToken, CancellationTokenSource pendingRequestsCts)
   at System.Net.Http.HttpClient.<SendAsync>g__Core|83_0(HttpRequestMessage request, HttpCompletionOption completionOption, CancellationTokenSource cts, Boolean disposeCts, CancellationTokenSource pendingRequestsCts, CancellationToken originalCancellationToken)
   at GitHub.Services.OAuth.VssOAuthTokenHttpClient.GetTokenAsync(VssOAuthGrant grant, VssOAuthClientCredential credential, VssOAuthTokenParameters tokenParameters, CancellationToken cancellationToken)
   at GitHub.Services.OAuth.VssOAuthTokenProvider.OnGetTokenAsync(IssuedToken failedToken, CancellationToken cancellationToken)
   at GitHub.Services.Common.IssuedTokenProvider.GetTokenOperation.GetTokenAsync(VssTraceActivity traceActivity)
   at GitHub.Services.Common.IssuedTokenProvider.GetTokenAsync(IssuedToken failedToken, CancellationToken cancellationToken)
   at GitHub.Services.Common.RawHttpMessageHandler.SendAsync(HttpRequestMessage request, CancellationToken cancellationToken)
[2026-08-16 22:28:04Z ERR  BrokerMessageListener] #####################################################
[2026-08-16 22:28:04Z ERR  BrokerMessageListener] System.TimeoutException: A task was canceled.
 ---> System.Threading.Tasks.TaskCanceledException: A task was canceled.
   at GitHub.Services.Common.VssHttpRetryMessageHandler.SendAsync(HttpRequestMessage request, CancellationToken cancellationToken)
   at System.Net.Http.HttpClient.<SendAsync>g__Core|83_0(HttpRequestMessage request, HttpCompletionOption completionOption, CancellationTokenSource cts, Boolean disposeCts, CancellationTokenSource pendingRequestsCts, CancellationToken originalCancellationToken)
   --- End of inner exception stack trace ---
[2026-08-16 22:28:04Z ERR  BrokerMessageListener] #####################################################
[2026-08-16 22:28:04Z ERR  BrokerMessageListener] System.Threading.Tasks.TaskCanceledException: A task was canceled.
   at GitHub.Services.Common.VssHttpRetryMessageHandler.SendAsync(HttpRequestMessage request, CancellationToken cancellationToken)
   at System.Net.Http.HttpClient.<SendAsync>g__Core|83_0(HttpRequestMessage request, HttpCompletionOption completionOption, CancellationTokenSource cts, Boolean disposeCts, CancellationTokenSource pendingRequestsCts, CancellationToken originalCancellationToken)
[2026-08-16 22:28:04Z INFO BrokerMessageListener] Retriable exception: The HTTP request timed out after 00:01:40.
[2026-08-16 22:28:04Z INFO BrokerMessageListener] Reload credentials.
[2026-08-16 22:28:04Z INFO ConfigurationStore] HasCredentials()
[2026-08-16 22:28:04Z INFO ConfigurationStore] stored True
[2026-08-16 22:28:04Z INFO CredentialManager] GetCredentialProvider
[2026-08-16 22:28:04Z INFO CredentialManager] Creating type OAuth
[2026-08-16 22:28:04Z INFO CredentialManager] Creating credential type: OAuth
[2026-08-16 22:28:04Z INFO RSAEncryptedFileKeyManager] Loading RSA key parameters from file C:\Users\sheet\OneDrive\Desktop\Devops\DEVOPS INSIDER\GIT practice\b18_G79Sheetal\actions-runner\.credentials_rsaparams
[2026-08-16 22:28:04Z INFO BrokerMessageListener] Connection to Broker Server recreated.
[2026-08-16 22:28:04Z INFO BrokerMessageListener] Sleeping for 55.714 seconds before retrying.
[2026-08-16 22:28:59Z INFO RSAEncryptedFileKeyManager] Loading RSA key parameters from file C:\Users\sheet\OneDrive\Desktop\Devops\DEVOPS INSIDER\GIT practice\b18_G79Sheetal\actions-runner\.credentials_rsaparams
[2026-08-16 22:28:59Z INFO RSAEncryptedFileKeyManager] Loading RSA key parameters from file C:\Users\sheet\OneDrive\Desktop\Devops\DEVOPS INSIDER\GIT practice\b18_G79Sheetal\actions-runner\.credentials_rsaparams
[2026-08-16 22:28:59Z WARN GitHubActionsService] Attempt 1 of POST request to https://tokenghub.actions.githubusercontent.com/_apis/oauth2/token/5e5ea7c5-1e9e-4f1b-832f-821fc36fd13e failed (Socket Error: HostNotFound). The operation will be retried in 10.967 seconds.
[2026-08-16 22:29:10Z WARN GitHubActionsService] Attempt 2 of POST request to https://tokenghub.actions.githubusercontent.com/_apis/oauth2/token/5e5ea7c5-1e9e-4f1b-832f-821fc36fd13e failed (Socket Error: HostNotFound). The operation will be retried in 13.147 seconds.
[2026-08-16 22:29:24Z WARN GitHubActionsService] Attempt 3 of POST request to https://tokenghub.actions.githubusercontent.com/_apis/oauth2/token/5e5ea7c5-1e9e-4f1b-832f-821fc36fd13e failed (Socket Error: HostNotFound). The operation will be retried in 17.952 seconds.
[2026-08-16 22:29:42Z WARN GitHubActionsService] Attempt 4 of POST request to https://tokenghub.actions.githubusercontent.com/_apis/oauth2/token/5e5ea7c5-1e9e-4f1b-832f-821fc36fd13e failed (Socket Error: HostNotFound). The operation will be retried in 26.74 seconds.
[2026-08-16 22:30:08Z WARN GitHubActionsService] Attempt 5 of POST request to https://tokenghub.actions.githubusercontent.com/_apis/oauth2/token/5e5ea7c5-1e9e-4f1b-832f-821fc36fd13e failed (Socket Error: HostNotFound). The operation will be retried in 44.069 seconds.
[2026-08-16 22:30:39Z WARN GitHubActionsService] Retrieving an AAD auth token took a long time (100.0014172 seconds)
[2026-08-16 22:30:39Z WARN GitHubActionsService] GET request to https://broker.actions.githubusercontent.com/message?sessionId=cfc40dcc-4a56-4fa4-8bc2-767410e8c931&status=Online&runnerVersion=2.336.0&os=Windows&architecture=X64&disableUpdate=false timed out after 100 seconds.
[2026-08-16 22:30:39Z ERR  BrokerServer] Catch exception during request
[2026-08-16 22:30:39Z ERR  BrokerServer] System.TimeoutException: The HTTP request timed out after 00:01:40.
 ---> System.Threading.Tasks.TaskCanceledException: A task was canceled.
 ---> System.Threading.Tasks.TaskCanceledException: A task was canceled.
   at GitHub.Services.Common.VssHttpRetryMessageHandler.SendAsync(HttpRequestMessage request, CancellationToken cancellationToken)
   at System.Net.Http.HttpClient.<SendAsync>g__Core|83_0(HttpRequestMessage request, HttpCompletionOption completionOption, CancellationTokenSource cts, Boolean disposeCts, CancellationTokenSource pendingRequestsCts, CancellationToken originalCancellationToken)
   --- End of inner exception stack trace ---
   at System.Net.Http.HttpClient.HandleFailure(Exception e, Boolean telemetryStarted, HttpResponseMessage response, CancellationTokenSource cts, CancellationToken cancellationToken, CancellationTokenSource pendingRequestsCts)
   at System.Net.Http.HttpClient.<SendAsync>g__Core|83_0(HttpRequestMessage request, HttpCompletionOption completionOption, CancellationTokenSource cts, Boolean disposeCts, CancellationTokenSource pendingRequestsCts, CancellationToken originalCancellationToken)
   at GitHub.Services.OAuth.VssOAuthTokenHttpClient.GetTokenAsync(VssOAuthGrant grant, VssOAuthClientCredential credential, VssOAuthTokenParameters tokenParameters, CancellationToken cancellationToken)
   at GitHub.Services.OAuth.VssOAuthTokenProvider.OnGetTokenAsync(IssuedToken failedToken, CancellationToken cancellationToken)
   at GitHub.Services.Common.IssuedTokenProvider.GetTokenOperation.GetTokenAsync(VssTraceActivity traceActivity)
   at GitHub.Services.Common.IssuedTokenProvider.GetTokenAsync(IssuedToken failedToken, CancellationToken cancellationToken)
   at GitHub.Services.Common.RawHttpMessageHandler.SendAsync(HttpRequestMessage request, CancellationToken cancellationToken)
   --- End of inner exception stack trace ---
   at GitHub.Services.Common.RawHttpMessageHandler.SendAsync(HttpRequestMessage request, CancellationToken cancellationToken)
   at GitHub.Services.Common.VssHttpRetryMessageHandler.SendAsync(HttpRequestMessage request, CancellationToken cancellationToken)
   at System.Net.Http.HttpClient.<SendAsync>g__Core|83_0(HttpRequestMessage request, HttpCompletionOption completionOption, CancellationTokenSource cts, Boolean disposeCts, CancellationTokenSource pendingRequestsCts, CancellationToken originalCancellationToken)
   at Sdk.WebApi.WebApi.RawHttpClientBase.SendAsync(HttpRequestMessage message, HttpCompletionOption completionOption, Object userState, CancellationToken cancellationToken)
   at Sdk.WebApi.WebApi.RawHttpClientBase.SendAsync[T](HttpRequestMessage message, Boolean readErrorBody, Object userState, CancellationToken cancellationToken)
   at Sdk.WebApi.WebApi.RawHttpClientBase.SendAsync[T](HttpMethod method, IEnumerable`1 additionalHeaders, Uri requestUri, HttpContent content, IEnumerable`1 queryParameters, Boolean readErrorBody, Object userState, CancellationToken cancellationToken)
   at GitHub.Actions.RunService.WebApi.BrokerHttpClient.GetRunnerMessageAsync(Nullable`1 sessionId, String runnerVersion, Nullable`1 status, String os, String architecture, Nullable`1 disableUpdate, CancellationToken cancellationToken)
   at GitHub.Runner.Common.BrokerServer.<>c__DisplayClass7_0.<<GetRunnerMessageAsync>b__0>d.MoveNext()
--- End of stack trace from previous location ---
   at GitHub.Runner.Common.RunnerService.RetryRequest[T](Func`1 func, CancellationToken cancellationToken, Int32 maxAttempts, Func`2 shouldRetry)
[2026-08-16 22:30:39Z ERR  BrokerServer] #####################################################
[2026-08-16 22:30:39Z ERR  BrokerServer] System.Threading.Tasks.TaskCanceledException: A task was canceled.
 ---> System.Threading.Tasks.TaskCanceledException: A task was canceled.
   at GitHub.Services.Common.VssHttpRetryMessageHandler.SendAsync(HttpRequestMessage request, CancellationToken cancellationToken)
   at System.Net.Http.HttpClient.<SendAsync>g__Core|83_0(HttpRequestMessage request, HttpCompletionOption completionOption, CancellationTokenSource cts, Boolean disposeCts, CancellationTokenSource pendingRequestsCts, CancellationToken originalCancellationToken)
   --- End of inner exception stack trace ---
   at System.Net.Http.HttpClient.HandleFailure(Exception e, Boolean telemetryStarted, HttpResponseMessage response, CancellationTokenSource cts, CancellationToken cancellationToken, CancellationTokenSource pendingRequestsCts)
   at System.Net.Http.HttpClient.<SendAsync>g__Core|83_0(HttpRequestMessage request, HttpCompletionOption completionOption, CancellationTokenSource cts, Boolean disposeCts, CancellationTokenSource pendingRequestsCts, CancellationToken originalCancellationToken)
   at GitHub.Services.OAuth.VssOAuthTokenHttpClient.GetTokenAsync(VssOAuthGrant grant, VssOAuthClientCredential credential, VssOAuthTokenParameters tokenParameters, CancellationToken cancellationToken)
   at GitHub.Services.OAuth.VssOAuthTokenProvider.OnGetTokenAsync(IssuedToken failedToken, CancellationToken cancellationToken)
   at GitHub.Services.Common.IssuedTokenProvider.GetTokenOperation.GetTokenAsync(VssTraceActivity traceActivity)
   at GitHub.Services.Common.IssuedTokenProvider.GetTokenAsync(IssuedToken failedToken, CancellationToken cancellationToken)
   at GitHub.Services.Common.RawHttpMessageHandler.SendAsync(HttpRequestMessage request, CancellationToken cancellationToken)
[2026-08-16 22:30:39Z ERR  BrokerServer] #####################################################
[2026-08-16 22:30:39Z ERR  BrokerServer] System.Threading.Tasks.TaskCanceledException: A task was canceled.
   at GitHub.Services.Common.VssHttpRetryMessageHandler.SendAsync(HttpRequestMessage request, CancellationToken cancellationToken)
   at System.Net.Http.HttpClient.<SendAsync>g__Core|83_0(HttpRequestMessage request, HttpCompletionOption completionOption, CancellationTokenSource cts, Boolean disposeCts, CancellationTokenSource pendingRequestsCts, CancellationToken originalCancellationToken)
[2026-08-16 22:30:39Z WARN BrokerServer] Back off 5.626 seconds before next retry. 4 attempt left.
[2026-08-16 22:30:45Z INFO RSAEncryptedFileKeyManager] Loading RSA key parameters from file C:\Users\sheet\OneDrive\Desktop\Devops\DEVOPS INSIDER\GIT practice\b18_G79Sheetal\actions-runner\.credentials_rsaparams
[2026-08-16 22:30:45Z WARN GitHubActionsService] Attempt 1 of POST request to https://tokenghub.actions.githubusercontent.com/_apis/oauth2/token/5e5ea7c5-1e9e-4f1b-832f-821fc36fd13e failed (Socket Error: HostNotFound). The operation will be retried in 11.13 seconds.
[2026-08-16 22:30:56Z WARN GitHubActionsService] Attempt 2 of POST request to https://tokenghub.actions.githubusercontent.com/_apis/oauth2/token/5e5ea7c5-1e9e-4f1b-832f-821fc36fd13e failed (Socket Error: HostNotFound). The operation will be retried in 13.357 seconds.
[2026-08-16 22:31:10Z WARN GitHubActionsService] Attempt 3 of POST request to https://tokenghub.actions.githubusercontent.com/_apis/oauth2/token/5e5ea7c5-1e9e-4f1b-832f-821fc36fd13e failed (Socket Error: HostNotFound). The operation will be retried in 16.657 seconds.
[2026-08-16 22:31:26Z WARN GitHubActionsService] Attempt 4 of POST request to https://tokenghub.actions.githubusercontent.com/_apis/oauth2/token/5e5ea7c5-1e9e-4f1b-832f-821fc36fd13e failed (Socket Error: HostNotFound). The operation will be retried in 22.15 seconds.
[2026-08-16 22:31:48Z WARN GitHubActionsService] Attempt 5 of POST request to https://tokenghub.actions.githubusercontent.com/_apis/oauth2/token/5e5ea7c5-1e9e-4f1b-832f-821fc36fd13e failed (Socket Error: HostNotFound). The operation will be retried in 44.72 seconds.
[2026-08-16 22:32:25Z WARN GitHubActionsService] Retrieving an AAD auth token took a long time (100.0084405 seconds)
[2026-08-16 22:32:25Z WARN GitHubActionsService] GET request to https://broker.actions.githubusercontent.com/message?sessionId=cfc40dcc-4a56-4fa4-8bc2-767410e8c931&status=Online&runnerVersion=2.336.0&os=Windows&architecture=X64&disableUpdate=false timed out after 100 seconds.
[2026-08-16 22:32:25Z ERR  BrokerServer] Catch exception during request
[2026-08-16 22:32:25Z ERR  BrokerServer] System.TimeoutException: The HTTP request timed out after 00:01:40.
 ---> System.Threading.Tasks.TaskCanceledException: The request was canceled due to the configured HttpClient.Timeout of 100 seconds elapsing.
 ---> System.TimeoutException: A task was canceled.
 ---> System.Threading.Tasks.TaskCanceledException: A task was canceled.
   at GitHub.Services.Common.VssHttpRetryMessageHandler.SendAsync(HttpRequestMessage request, CancellationToken cancellationToken)
   at System.Net.Http.HttpClient.<SendAsync>g__Core|83_0(HttpRequestMessage request, HttpCompletionOption completionOption, CancellationTokenSource cts, Boolean disposeCts, CancellationTokenSource pendingRequestsCts, CancellationToken originalCancellationToken)
   --- End of inner exception stack trace ---
   --- End of inner exception stack trace ---
   at System.Net.Http.HttpClient.HandleFailure(Exception e, Boolean telemetryStarted, HttpResponseMessage response, CancellationTokenSource cts, CancellationToken cancellationToken, CancellationTokenSource pendingRequestsCts)
   at System.Net.Http.HttpClient.<SendAsync>g__Core|83_0(HttpRequestMessage request, HttpCompletionOption completionOption, CancellationTokenSource cts, Boolean disposeCts, CancellationTokenSource pendingRequestsCts, CancellationToken originalCancellationToken)
   at GitHub.Services.OAuth.VssOAuthTokenHttpClient.GetTokenAsync(VssOAuthGrant grant, VssOAuthClientCredential credential, VssOAuthTokenParameters tokenParameters, CancellationToken cancellationToken)
   at GitHub.Services.OAuth.VssOAuthTokenProvider.OnGetTokenAsync(IssuedToken failedToken, CancellationToken cancellationToken)
   at GitHub.Services.Common.IssuedTokenProvider.GetTokenOperation.GetTokenAsync(VssTraceActivity traceActivity)
   at GitHub.Services.Common.IssuedTokenProvider.GetTokenAsync(IssuedToken failedToken, CancellationToken cancellationToken)
   at GitHub.Services.Common.RawHttpMessageHandler.SendAsync(HttpRequestMessage request, CancellationToken cancellationToken)
   --- End of inner exception stack trace ---
   at GitHub.Services.Common.RawHttpMessageHandler.SendAsync(HttpRequestMessage request, CancellationToken cancellationToken)
   at GitHub.Services.Common.VssHttpRetryMessageHandler.SendAsync(HttpRequestMessage request, CancellationToken cancellationToken)
   at System.Net.Http.HttpClient.<SendAsync>g__Core|83_0(HttpRequestMessage request, HttpCompletionOption completionOption, CancellationTokenSource cts, Boolean disposeCts, CancellationTokenSource pendingRequestsCts, CancellationToken originalCancellationToken)
   at Sdk.WebApi.WebApi.RawHttpClientBase.SendAsync(HttpRequestMessage message, HttpCompletionOption completionOption, Object userState, CancellationToken cancellationToken)
   at Sdk.WebApi.WebApi.RawHttpClientBase.SendAsync[T](HttpRequestMessage message, Boolean readErrorBody, Object userState, CancellationToken cancellationToken)
   at Sdk.WebApi.WebApi.RawHttpClientBase.SendAsync[T](HttpMethod method, IEnumerable`1 additionalHeaders, Uri requestUri, HttpContent content, IEnumerable`1 queryParameters, Boolean readErrorBody, Object userState, CancellationToken cancellationToken)
   at GitHub.Actions.RunService.WebApi.BrokerHttpClient.GetRunnerMessageAsync(Nullable`1 sessionId, String runnerVersion, Nullable`1 status, String os, String architecture, Nullable`1 disableUpdate, CancellationToken cancellationToken)
   at GitHub.Runner.Common.BrokerServer.<>c__DisplayClass7_0.<<GetRunnerMessageAsync>b__0>d.MoveNext()
--- End of stack trace from previous location ---
   at GitHub.Runner.Common.RunnerService.RetryRequest[T](Func`1 func, CancellationToken cancellationToken, Int32 maxAttempts, Func`2 shouldRetry)
[2026-08-16 22:32:25Z ERR  BrokerServer] #####################################################
[2026-08-16 22:32:25Z ERR  BrokerServer] System.Threading.Tasks.TaskCanceledException: The request was canceled due to the configured HttpClient.Timeout of 100 seconds elapsing.
 ---> System.TimeoutException: A task was canceled.
 ---> System.Threading.Tasks.TaskCanceledException: A task was canceled.
   at GitHub.Services.Common.VssHttpRetryMessageHandler.SendAsync(HttpRequestMessage request, CancellationToken cancellationToken)
   at System.Net.Http.HttpClient.<SendAsync>g__Core|83_0(HttpRequestMessage request, HttpCompletionOption completionOption, CancellationTokenSource cts, Boolean disposeCts, CancellationTokenSource pendingRequestsCts, CancellationToken originalCancellationToken)
   --- End of inner exception stack trace ---
   --- End of inner exception stack trace ---
   at System.Net.Http.HttpClient.HandleFailure(Exception e, Boolean telemetryStarted, HttpResponseMessage response, CancellationTokenSource cts, CancellationToken cancellationToken, CancellationTokenSource pendingRequestsCts)
   at System.Net.Http.HttpClient.<SendAsync>g__Core|83_0(HttpRequestMessage request, HttpCompletionOption completionOption, CancellationTokenSource cts, Boolean disposeCts, CancellationTokenSource pendingRequestsCts, CancellationToken originalCancellationToken)
   at GitHub.Services.OAuth.VssOAuthTokenHttpClient.GetTokenAsync(VssOAuthGrant grant, VssOAuthClientCredential credential, VssOAuthTokenParameters tokenParameters, CancellationToken cancellationToken)
   at GitHub.Services.OAuth.VssOAuthTokenProvider.OnGetTokenAsync(IssuedToken failedToken, CancellationToken cancellationToken)
   at GitHub.Services.Common.IssuedTokenProvider.GetTokenOperation.GetTokenAsync(VssTraceActivity traceActivity)
   at GitHub.Services.Common.IssuedTokenProvider.GetTokenAsync(IssuedToken failedToken, CancellationToken cancellationToken)
   at GitHub.Services.Common.RawHttpMessageHandler.SendAsync(HttpRequestMessage request, CancellationToken cancellationToken)
[2026-08-16 22:32:25Z ERR  BrokerServer] #####################################################
[2026-08-16 22:32:25Z ERR  BrokerServer] System.TimeoutException: A task was canceled.
 ---> System.Threading.Tasks.TaskCanceledException: A task was canceled.
   at GitHub.Services.Common.VssHttpRetryMessageHandler.SendAsync(HttpRequestMessage request, CancellationToken cancellationToken)
   at System.Net.Http.HttpClient.<SendAsync>g__Core|83_0(HttpRequestMessage request, HttpCompletionOption completionOption, CancellationTokenSource cts, Boolean disposeCts, CancellationTokenSource pendingRequestsCts, CancellationToken originalCancellationToken)
   --- End of inner exception stack trace ---
[2026-08-16 22:32:25Z ERR  BrokerServer] #####################################################
[2026-08-16 22:32:25Z ERR  BrokerServer] System.Threading.Tasks.TaskCanceledException: A task was canceled.
   at GitHub.Services.Common.VssHttpRetryMessageHandler.SendAsync(HttpRequestMessage request, CancellationToken cancellationToken)
   at System.Net.Http.HttpClient.<SendAsync>g__Core|83_0(HttpRequestMessage request, HttpCompletionOption completionOption, CancellationTokenSource cts, Boolean disposeCts, CancellationTokenSource pendingRequestsCts, CancellationToken originalCancellationToken)
[2026-08-16 22:32:25Z WARN BrokerServer] Back off 5.477 seconds before next retry. 3 attempt left.
[2026-08-16 22:32:31Z INFO RSAEncryptedFileKeyManager] Loading RSA key parameters from file C:\Users\sheet\OneDrive\Desktop\Devops\DEVOPS INSIDER\GIT practice\b18_G79Sheetal\actions-runner\.credentials_rsaparams
[2026-08-16 22:32:31Z WARN GitHubActionsService] Attempt 1 of POST request to https://tokenghub.actions.githubusercontent.com/_apis/oauth2/token/5e5ea7c5-1e9e-4f1b-832f-821fc36fd13e failed (Socket Error: HostNotFound). The operation will be retried in 11.146 seconds.
[2026-08-16 22:32:42Z WARN GitHubActionsService] Attempt 2 of POST request to https://tokenghub.actions.githubusercontent.com/_apis/oauth2/token/5e5ea7c5-1e9e-4f1b-832f-821fc36fd13e failed (Socket Error: HostNotFound). The operation will be retried in 12.835 seconds.
[2026-08-16 22:32:55Z WARN GitHubActionsService] Attempt 3 of POST request to https://tokenghub.actions.githubusercontent.com/_apis/oauth2/token/5e5ea7c5-1e9e-4f1b-832f-821fc36fd13e failed (Socket Error: HostNotFound). The operation will be retried in 16.643 seconds.
[2026-08-16 22:33:11Z WARN GitHubActionsService] Attempt 4 of POST request to https://tokenghub.actions.githubusercontent.com/_apis/oauth2/token/5e5ea7c5-1e9e-4f1b-832f-821fc36fd13e failed (Socket Error: HostNotFound). The operation will be retried in 26.62 seconds.
[2026-08-16 22:33:38Z WARN GitHubActionsService] Attempt 5 of POST request to https://tokenghub.actions.githubusercontent.com/_apis/oauth2/token/5e5ea7c5-1e9e-4f1b-832f-821fc36fd13e failed (Socket Error: HostNotFound). The operation will be retried in 40.69 seconds.
[2026-08-16 22:34:11Z WARN GitHubActionsService] Retrieving an AAD auth token took a long time (100.0112852 seconds)
[2026-08-16 22:34:11Z WARN GitHubActionsService] GET request to https://broker.actions.githubusercontent.com/message?sessionId=cfc40dcc-4a56-4fa4-8bc2-767410e8c931&status=Online&runnerVersion=2.336.0&os=Windows&architecture=X64&disableUpdate=false timed out after 100 seconds.
[2026-08-16 22:34:11Z ERR  BrokerServer] Catch exception during request
[2026-08-16 22:34:11Z ERR  BrokerServer] System.TimeoutException: The HTTP request timed out after 00:01:40.
 ---> System.Threading.Tasks.TaskCanceledException: The request was canceled due to the configured HttpClient.Timeout of 100 seconds elapsing.
 ---> System.TimeoutException: A task was canceled.
 ---> System.Threading.Tasks.TaskCanceledException: A task was canceled.
   at GitHub.Services.Common.VssHttpRetryMessageHandler.SendAsync(HttpRequestMessage request, CancellationToken cancellationToken)
   at System.Net.Http.HttpClient.<SendAsync>g__Core|83_0(HttpRequestMessage request, HttpCompletionOption completionOption, CancellationTokenSource cts, Boolean disposeCts, CancellationTokenSource pendingRequestsCts, CancellationToken originalCancellationToken)
   --- End of inner exception stack trace ---
   --- End of inner exception stack trace ---
   at System.Net.Http.HttpClient.HandleFailure(Exception e, Boolean telemetryStarted, HttpResponseMessage response, CancellationTokenSource cts, CancellationToken cancellationToken, CancellationTokenSource pendingRequestsCts)
   at System.Net.Http.HttpClient.<SendAsync>g__Core|83_0(HttpRequestMessage request, HttpCompletionOption completionOption, CancellationTokenSource cts, Boolean disposeCts, CancellationTokenSource pendingRequestsCts, CancellationToken originalCancellationToken)
   at GitHub.Services.OAuth.VssOAuthTokenHttpClient.GetTokenAsync(VssOAuthGrant grant, VssOAuthClientCredential credential, VssOAuthTokenParameters tokenParameters, CancellationToken cancellationToken)
   at GitHub.Services.OAuth.VssOAuthTokenProvider.OnGetTokenAsync(IssuedToken failedToken, CancellationToken cancellationToken)
   at GitHub.Services.Common.IssuedTokenProvider.GetTokenOperation.GetTokenAsync(VssTraceActivity traceActivity)
   at GitHub.Services.Common.IssuedTokenProvider.GetTokenAsync(IssuedToken failedToken, CancellationToken cancellationToken)
   at GitHub.Services.Common.RawHttpMessageHandler.SendAsync(HttpRequestMessage request, CancellationToken cancellationToken)
   --- End of inner exception stack trace ---
   at GitHub.Services.Common.RawHttpMessageHandler.SendAsync(HttpRequestMessage request, CancellationToken cancellationToken)
   at GitHub.Services.Common.VssHttpRetryMessageHandler.SendAsync(HttpRequestMessage request, CancellationToken cancellationToken)
   at System.Net.Http.HttpClient.<SendAsync>g__Core|83_0(HttpRequestMessage request, HttpCompletionOption completionOption, CancellationTokenSource cts, Boolean disposeCts, CancellationTokenSource pendingRequestsCts, CancellationToken originalCancellationToken)
   at Sdk.WebApi.WebApi.RawHttpClientBase.SendAsync(HttpRequestMessage message, HttpCompletionOption completionOption, Object userState, CancellationToken cancellationToken)
   at Sdk.WebApi.WebApi.RawHttpClientBase.SendAsync[T](HttpRequestMessage message, Boolean readErrorBody, Object userState, CancellationToken cancellationToken)
   at Sdk.WebApi.WebApi.RawHttpClientBase.SendAsync[T](HttpMethod method, IEnumerable`1 additionalHeaders, Uri requestUri, HttpContent content, IEnumerable`1 queryParameters, Boolean readErrorBody, Object userState, CancellationToken cancellationToken)
   at GitHub.Actions.RunService.WebApi.BrokerHttpClient.GetRunnerMessageAsync(Nullable`1 sessionId, String runnerVersion, Nullable`1 status, String os, String architecture, Nullable`1 disableUpdate, CancellationToken cancellationToken)
   at GitHub.Runner.Common.BrokerServer.<>c__DisplayClass7_0.<<GetRunnerMessageAsync>b__0>d.MoveNext()
--- End of stack trace from previous location ---
   at GitHub.Runner.Common.RunnerService.RetryRequest[T](Func`1 func, CancellationToken cancellationToken, Int32 maxAttempts, Func`2 shouldRetry)
[2026-08-16 22:34:11Z ERR  BrokerServer] #####################################################
[2026-08-16 22:34:11Z ERR  BrokerServer] System.Threading.Tasks.TaskCanceledException: The request was canceled due to the configured HttpClient.Timeout of 100 seconds elapsing.
 ---> System.TimeoutException: A task was canceled.
 ---> System.Threading.Tasks.TaskCanceledException: A task was canceled.
   at GitHub.Services.Common.VssHttpRetryMessageHandler.SendAsync(HttpRequestMessage request, CancellationToken cancellationToken)
   at System.Net.Http.HttpClient.<SendAsync>g__Core|83_0(HttpRequestMessage request, HttpCompletionOption completionOption, CancellationTokenSource cts, Boolean disposeCts, CancellationTokenSource pendingRequestsCts, CancellationToken originalCancellationToken)
   --- End of inner exception stack trace ---
   --- End of inner exception stack trace ---
   at System.Net.Http.HttpClient.HandleFailure(Exception e, Boolean telemetryStarted, HttpResponseMessage response, CancellationTokenSource cts, CancellationToken cancellationToken, CancellationTokenSource pendingRequestsCts)
   at System.Net.Http.HttpClient.<SendAsync>g__Core|83_0(HttpRequestMessage request, HttpCompletionOption completionOption, CancellationTokenSource cts, Boolean disposeCts, CancellationTokenSource pendingRequestsCts, CancellationToken originalCancellationToken)
   at GitHub.Services.OAuth.VssOAuthTokenHttpClient.GetTokenAsync(VssOAuthGrant grant, VssOAuthClientCredential credential, VssOAuthTokenParameters tokenParameters, CancellationToken cancellationToken)
   at GitHub.Services.OAuth.VssOAuthTokenProvider.OnGetTokenAsync(IssuedToken failedToken, CancellationToken cancellationToken)
   at GitHub.Services.Common.IssuedTokenProvider.GetTokenOperation.GetTokenAsync(VssTraceActivity traceActivity)
   at GitHub.Services.Common.IssuedTokenProvider.GetTokenAsync(IssuedToken failedToken, CancellationToken cancellationToken)
   at GitHub.Services.Common.RawHttpMessageHandler.SendAsync(HttpRequestMessage request, CancellationToken cancellationToken)
[2026-08-16 22:34:11Z ERR  BrokerServer] #####################################################
[2026-08-16 22:34:11Z ERR  BrokerServer] System.TimeoutException: A task was canceled.
 ---> System.Threading.Tasks.TaskCanceledException: A task was canceled.
   at GitHub.Services.Common.VssHttpRetryMessageHandler.SendAsync(HttpRequestMessage request, CancellationToken cancellationToken)
   at System.Net.Http.HttpClient.<SendAsync>g__Core|83_0(HttpRequestMessage request, HttpCompletionOption completionOption, CancellationTokenSource cts, Boolean disposeCts, CancellationTokenSource pendingRequestsCts, CancellationToken originalCancellationToken)
   --- End of inner exception stack trace ---
[2026-08-16 22:34:11Z ERR  BrokerServer] #####################################################
[2026-08-16 22:34:11Z ERR  BrokerServer] System.Threading.Tasks.TaskCanceledException: A task was canceled.
   at GitHub.Services.Common.VssHttpRetryMessageHandler.SendAsync(HttpRequestMessage request, CancellationToken cancellationToken)
   at System.Net.Http.HttpClient.<SendAsync>g__Core|83_0(HttpRequestMessage request, HttpCompletionOption completionOption, CancellationTokenSource cts, Boolean disposeCts, CancellationTokenSource pendingRequestsCts, CancellationToken originalCancellationToken)
[2026-08-16 22:34:11Z WARN BrokerServer] Back off 6.295 seconds before next retry. 2 attempt left.
[2026-08-16 22:34:17Z INFO RSAEncryptedFileKeyManager] Loading RSA key parameters from file C:\Users\sheet\OneDrive\Desktop\Devops\DEVOPS INSIDER\GIT practice\b18_G79Sheetal\actions-runner\.credentials_rsaparams
[2026-08-16 22:34:17Z WARN GitHubActionsService] Attempt 1 of POST request to https://tokenghub.actions.githubusercontent.com/_apis/oauth2/token/5e5ea7c5-1e9e-4f1b-832f-821fc36fd13e failed (Socket Error: HostNotFound). The operation will be retried in 10.885 seconds.
[2026-08-16 22:34:28Z WARN GitHubActionsService] Attempt 2 of POST request to https://tokenghub.actions.githubusercontent.com/_apis/oauth2/token/5e5ea7c5-1e9e-4f1b-832f-821fc36fd13e failed (Socket Error: HostNotFound). The operation will be retried in 13.501 seconds.
[2026-08-16 22:34:41Z WARN GitHubActionsService] Attempt 3 of POST request to https://tokenghub.actions.githubusercontent.com/_apis/oauth2/token/5e5ea7c5-1e9e-4f1b-832f-821fc36fd13e failed (Socket Error: HostNotFound). The operation will be retried in 17.126 seconds.
[2026-08-16 22:34:58Z WARN GitHubActionsService] Attempt 4 of POST request to https://tokenghub.actions.githubusercontent.com/_apis/oauth2/token/5e5ea7c5-1e9e-4f1b-832f-821fc36fd13e failed (Socket Error: HostNotFound). The operation will be retried in 25.885 seconds.
[2026-08-16 22:35:24Z WARN GitHubActionsService] Attempt 5 of POST request to https://tokenghub.actions.githubusercontent.com/_apis/oauth2/token/5e5ea7c5-1e9e-4f1b-832f-821fc36fd13e failed (Socket Error: HostNotFound). The operation will be retried in 42.55 seconds.
[2026-08-16 22:35:57Z WARN GitHubActionsService] Retrieving an AAD auth token took a long time (100.0001473 seconds)
[2026-08-16 22:35:57Z WARN GitHubActionsService] GET request to https://broker.actions.githubusercontent.com/message?sessionId=cfc40dcc-4a56-4fa4-8bc2-767410e8c931&status=Online&runnerVersion=2.336.0&os=Windows&architecture=X64&disableUpdate=false timed out after 100 seconds.
[2026-08-16 22:35:57Z ERR  BrokerServer] Catch exception during request
[2026-08-16 22:35:57Z ERR  BrokerServer] System.TimeoutException: The HTTP request timed out after 00:01:40.
 ---> System.Threading.Tasks.TaskCanceledException: A task was canceled.
 ---> System.Threading.Tasks.TaskCanceledException: A task was canceled.
   at GitHub.Services.Common.VssHttpRetryMessageHandler.SendAsync(HttpRequestMessage request, CancellationToken cancellationToken)
   at System.Net.Http.HttpClient.<SendAsync>g__Core|83_0(HttpRequestMessage request, HttpCompletionOption completionOption, CancellationTokenSource cts, Boolean disposeCts, CancellationTokenSource pendingRequestsCts, CancellationToken originalCancellationToken)
   --- End of inner exception stack trace ---
   at System.Net.Http.HttpClient.HandleFailure(Exception e, Boolean telemetryStarted, HttpResponseMessage response, CancellationTokenSource cts, CancellationToken cancellationToken, CancellationTokenSource pendingRequestsCts)
   at System.Net.Http.HttpClient.<SendAsync>g__Core|83_0(HttpRequestMessage request, HttpCompletionOption completionOption, CancellationTokenSource cts, Boolean disposeCts, CancellationTokenSource pendingRequestsCts, CancellationToken originalCancellationToken)
   at GitHub.Services.OAuth.VssOAuthTokenHttpClient.GetTokenAsync(VssOAuthGrant grant, VssOAuthClientCredential credential, VssOAuthTokenParameters tokenParameters, CancellationToken cancellationToken)
   at GitHub.Services.OAuth.VssOAuthTokenProvider.OnGetTokenAsync(IssuedToken failedToken, CancellationToken cancellationToken)
   at GitHub.Services.Common.IssuedTokenProvider.GetTokenOperation.GetTokenAsync(VssTraceActivity traceActivity)
   at GitHub.Services.Common.IssuedTokenProvider.GetTokenAsync(IssuedToken failedToken, CancellationToken cancellationToken)
   at GitHub.Services.Common.RawHttpMessageHandler.SendAsync(HttpRequestMessage request, CancellationToken cancellationToken)
   --- End of inner exception stack trace ---
   at GitHub.Services.Common.RawHttpMessageHandler.SendAsync(HttpRequestMessage request, CancellationToken cancellationToken)
   at GitHub.Services.Common.VssHttpRetryMessageHandler.SendAsync(HttpRequestMessage request, CancellationToken cancellationToken)
   at System.Net.Http.HttpClient.<SendAsync>g__Core|83_0(HttpRequestMessage request, HttpCompletionOption completionOption, CancellationTokenSource cts, Boolean disposeCts, CancellationTokenSource pendingRequestsCts, CancellationToken originalCancellationToken)
   at Sdk.WebApi.WebApi.RawHttpClientBase.SendAsync(HttpRequestMessage message, HttpCompletionOption completionOption, Object userState, CancellationToken cancellationToken)
   at Sdk.WebApi.WebApi.RawHttpClientBase.SendAsync[T](HttpRequestMessage message, Boolean readErrorBody, Object userState, CancellationToken cancellationToken)
   at Sdk.WebApi.WebApi.RawHttpClientBase.SendAsync[T](HttpMethod method, IEnumerable`1 additionalHeaders, Uri requestUri, HttpContent content, IEnumerable`1 queryParameters, Boolean readErrorBody, Object userState, CancellationToken cancellationToken)
   at GitHub.Actions.RunService.WebApi.BrokerHttpClient.GetRunnerMessageAsync(Nullable`1 sessionId, String runnerVersion, Nullable`1 status, String os, String architecture, Nullable`1 disableUpdate, CancellationToken cancellationToken)
   at GitHub.Runner.Common.BrokerServer.<>c__DisplayClass7_0.<<GetRunnerMessageAsync>b__0>d.MoveNext()
--- End of stack trace from previous location ---
   at GitHub.Runner.Common.RunnerService.RetryRequest[T](Func`1 func, CancellationToken cancellationToken, Int32 maxAttempts, Func`2 shouldRetry)
[2026-08-16 22:35:57Z ERR  BrokerServer] #####################################################
[2026-08-16 22:35:57Z ERR  BrokerServer] System.Threading.Tasks.TaskCanceledException: A task was canceled.
 ---> System.Threading.Tasks.TaskCanceledException: A task was canceled.
   at GitHub.Services.Common.VssHttpRetryMessageHandler.SendAsync(HttpRequestMessage request, CancellationToken cancellationToken)
   at System.Net.Http.HttpClient.<SendAsync>g__Core|83_0(HttpRequestMessage request, HttpCompletionOption completionOption, CancellationTokenSource cts, Boolean disposeCts, CancellationTokenSource pendingRequestsCts, CancellationToken originalCancellationToken)
   --- End of inner exception stack trace ---
   at System.Net.Http.HttpClient.HandleFailure(Exception e, Boolean telemetryStarted, HttpResponseMessage response, CancellationTokenSource cts, CancellationToken cancellationToken, CancellationTokenSource pendingRequestsCts)
   at System.Net.Http.HttpClient.<SendAsync>g__Core|83_0(HttpRequestMessage request, HttpCompletionOption completionOption, CancellationTokenSource cts, Boolean disposeCts, CancellationTokenSource pendingRequestsCts, CancellationToken originalCancellationToken)
   at GitHub.Services.OAuth.VssOAuthTokenHttpClient.GetTokenAsync(VssOAuthGrant grant, VssOAuthClientCredential credential, VssOAuthTokenParameters tokenParameters, CancellationToken cancellationToken)
   at GitHub.Services.OAuth.VssOAuthTokenProvider.OnGetTokenAsync(IssuedToken failedToken, CancellationToken cancellationToken)
   at GitHub.Services.Common.IssuedTokenProvider.GetTokenOperation.GetTokenAsync(VssTraceActivity traceActivity)
   at GitHub.Services.Common.IssuedTokenProvider.GetTokenAsync(IssuedToken failedToken, CancellationToken cancellationToken)
   at GitHub.Services.Common.RawHttpMessageHandler.SendAsync(HttpRequestMessage request, CancellationToken cancellationToken)
[2026-08-16 22:35:57Z ERR  BrokerServer] #####################################################
[2026-08-16 22:35:57Z ERR  BrokerServer] System.Threading.Tasks.TaskCanceledException: A task was canceled.
   at GitHub.Services.Common.VssHttpRetryMessageHandler.SendAsync(HttpRequestMessage request, CancellationToken cancellationToken)
   at System.Net.Http.HttpClient.<SendAsync>g__Core|83_0(HttpRequestMessage request, HttpCompletionOption completionOption, CancellationTokenSource cts, Boolean disposeCts, CancellationTokenSource pendingRequestsCts, CancellationToken originalCancellationToken)
[2026-08-16 22:35:57Z WARN BrokerServer] Back off 14.971 seconds before next retry. 1 attempt left.
[2026-08-16 22:36:12Z INFO RSAEncryptedFileKeyManager] Loading RSA key parameters from file C:\Users\sheet\OneDrive\Desktop\Devops\DEVOPS INSIDER\GIT practice\b18_G79Sheetal\actions-runner\.credentials_rsaparams
[2026-08-16 22:36:12Z WARN GitHubActionsService] Attempt 1 of POST request to https://tokenghub.actions.githubusercontent.com/_apis/oauth2/token/5e5ea7c5-1e9e-4f1b-832f-821fc36fd13e failed (Socket Error: HostNotFound). The operation will be retried in 10.957 seconds.
[2026-08-16 22:36:23Z WARN GitHubActionsService] Attempt 2 of POST request to https://tokenghub.actions.githubusercontent.com/_apis/oauth2/token/5e5ea7c5-1e9e-4f1b-832f-821fc36fd13e failed (Socket Error: HostNotFound). The operation will be retried in 12.823 seconds.
[2026-08-16 22:36:36Z WARN GitHubActionsService] Attempt 3 of POST request to https://tokenghub.actions.githubusercontent.com/_apis/oauth2/token/5e5ea7c5-1e9e-4f1b-832f-821fc36fd13e failed (Socket Error: HostNotFound). The operation will be retried in 16.804 seconds.
[2026-08-16 22:36:53Z WARN GitHubActionsService] Attempt 4 of POST request to https://tokenghub.actions.githubusercontent.com/_apis/oauth2/token/5e5ea7c5-1e9e-4f1b-832f-821fc36fd13e failed (Socket Error: HostNotFound). The operation will be retried in 26.68 seconds.
[2026-08-16 22:37:19Z WARN GitHubActionsService] Attempt 5 of POST request to https://tokenghub.actions.githubusercontent.com/_apis/oauth2/token/5e5ea7c5-1e9e-4f1b-832f-821fc36fd13e failed (Socket Error: HostNotFound). The operation will be retried in 44.844 seconds.
[2026-08-16 22:37:52Z WARN GitHubActionsService] Retrieving an AAD auth token took a long time (100.0005202 seconds)
[2026-08-16 22:37:52Z WARN GitHubActionsService] GET request to https://broker.actions.githubusercontent.com/message?sessionId=cfc40dcc-4a56-4fa4-8bc2-767410e8c931&status=Online&runnerVersion=2.336.0&os=Windows&architecture=X64&disableUpdate=false timed out after 100 seconds.
[2026-08-16 22:37:52Z ERR  BrokerMessageListener] Catch exception during get next message.
[2026-08-16 22:37:52Z ERR  BrokerMessageListener] System.TimeoutException: The HTTP request timed out after 00:01:40.
 ---> System.Threading.Tasks.TaskCanceledException: A task was canceled.
 ---> System.Threading.Tasks.TaskCanceledException: A task was canceled.
   at GitHub.Services.Common.VssHttpRetryMessageHandler.SendAsync(HttpRequestMessage request, CancellationToken cancellationToken)
   at System.Net.Http.HttpClient.<SendAsync>g__Core|83_0(HttpRequestMessage request, HttpCompletionOption completionOption, CancellationTokenSource cts, Boolean disposeCts, CancellationTokenSource pendingRequestsCts, CancellationToken originalCancellationToken)
   --- End of inner exception stack trace ---
   at System.Net.Http.HttpClient.HandleFailure(Exception e, Boolean telemetryStarted, HttpResponseMessage response, CancellationTokenSource cts, CancellationToken cancellationToken, CancellationTokenSource pendingRequestsCts)
   at System.Net.Http.HttpClient.<SendAsync>g__Core|83_0(HttpRequestMessage request, HttpCompletionOption completionOption, CancellationTokenSource cts, Boolean disposeCts, CancellationTokenSource pendingRequestsCts, CancellationToken originalCancellationToken)
   at GitHub.Services.OAuth.VssOAuthTokenHttpClient.GetTokenAsync(VssOAuthGrant grant, VssOAuthClientCredential credential, VssOAuthTokenParameters tokenParameters, CancellationToken cancellationToken)
   at GitHub.Services.OAuth.VssOAuthTokenProvider.OnGetTokenAsync(IssuedToken failedToken, CancellationToken cancellationToken)
   at GitHub.Services.Common.IssuedTokenProvider.GetTokenOperation.GetTokenAsync(VssTraceActivity traceActivity)
   at GitHub.Services.Common.IssuedTokenProvider.GetTokenAsync(IssuedToken failedToken, CancellationToken cancellationToken)
   at GitHub.Services.Common.RawHttpMessageHandler.SendAsync(HttpRequestMessage request, CancellationToken cancellationToken)
   --- End of inner exception stack trace ---
   at GitHub.Services.Common.RawHttpMessageHandler.SendAsync(HttpRequestMessage request, CancellationToken cancellationToken)
   at GitHub.Services.Common.VssHttpRetryMessageHandler.SendAsync(HttpRequestMessage request, CancellationToken cancellationToken)
   at System.Net.Http.HttpClient.<SendAsync>g__Core|83_0(HttpRequestMessage request, HttpCompletionOption completionOption, CancellationTokenSource cts, Boolean disposeCts, CancellationTokenSource pendingRequestsCts, CancellationToken originalCancellationToken)
   at Sdk.WebApi.WebApi.RawHttpClientBase.SendAsync(HttpRequestMessage message, HttpCompletionOption completionOption, Object userState, CancellationToken cancellationToken)
   at Sdk.WebApi.WebApi.RawHttpClientBase.SendAsync[T](HttpRequestMessage message, Boolean readErrorBody, Object userState, CancellationToken cancellationToken)
   at Sdk.WebApi.WebApi.RawHttpClientBase.SendAsync[T](HttpMethod method, IEnumerable`1 additionalHeaders, Uri requestUri, HttpContent content, IEnumerable`1 queryParameters, Boolean readErrorBody, Object userState, CancellationToken cancellationToken)
   at GitHub.Actions.RunService.WebApi.BrokerHttpClient.GetRunnerMessageAsync(Nullable`1 sessionId, String runnerVersion, Nullable`1 status, String os, String architecture, Nullable`1 disableUpdate, CancellationToken cancellationToken)
   at GitHub.Runner.Common.BrokerServer.<>c__DisplayClass7_0.<<GetRunnerMessageAsync>b__0>d.MoveNext()
--- End of stack trace from previous location ---
   at GitHub.Runner.Common.RunnerService.RetryRequest[T](Func`1 func, CancellationToken cancellationToken, Int32 maxAttempts, Func`2 shouldRetry)
   at GitHub.Runner.Listener.BrokerMessageListener.GetNextMessageAsync(CancellationToken token)
[2026-08-16 22:37:52Z ERR  BrokerMessageListener] #####################################################
[2026-08-16 22:37:52Z ERR  BrokerMessageListener] System.Threading.Tasks.TaskCanceledException: A task was canceled.
 ---> System.Threading.Tasks.TaskCanceledException: A task was canceled.
   at GitHub.Services.Common.VssHttpRetryMessageHandler.SendAsync(HttpRequestMessage request, CancellationToken cancellationToken)
   at System.Net.Http.HttpClient.<SendAsync>g__Core|83_0(HttpRequestMessage request, HttpCompletionOption completionOption, CancellationTokenSource cts, Boolean disposeCts, CancellationTokenSource pendingRequestsCts, CancellationToken originalCancellationToken)
   --- End of inner exception stack trace ---
   at System.Net.Http.HttpClient.HandleFailure(Exception e, Boolean telemetryStarted, HttpResponseMessage response, CancellationTokenSource cts, CancellationToken cancellationToken, CancellationTokenSource pendingRequestsCts)
   at System.Net.Http.HttpClient.<SendAsync>g__Core|83_0(HttpRequestMessage request, HttpCompletionOption completionOption, CancellationTokenSource cts, Boolean disposeCts, CancellationTokenSource pendingRequestsCts, CancellationToken originalCancellationToken)
   at GitHub.Services.OAuth.VssOAuthTokenHttpClient.GetTokenAsync(VssOAuthGrant grant, VssOAuthClientCredential credential, VssOAuthTokenParameters tokenParameters, CancellationToken cancellationToken)
   at GitHub.Services.OAuth.VssOAuthTokenProvider.OnGetTokenAsync(IssuedToken failedToken, CancellationToken cancellationToken)
   at GitHub.Services.Common.IssuedTokenProvider.GetTokenOperation.GetTokenAsync(VssTraceActivity traceActivity)
   at GitHub.Services.Common.IssuedTokenProvider.GetTokenAsync(IssuedToken failedToken, CancellationToken cancellationToken)
   at GitHub.Services.Common.RawHttpMessageHandler.SendAsync(HttpRequestMessage request, CancellationToken cancellationToken)
[2026-08-16 22:37:52Z ERR  BrokerMessageListener] #####################################################
[2026-08-16 22:37:52Z ERR  BrokerMessageListener] System.Threading.Tasks.TaskCanceledException: A task was canceled.
   at GitHub.Services.Common.VssHttpRetryMessageHandler.SendAsync(HttpRequestMessage request, CancellationToken cancellationToken)
   at System.Net.Http.HttpClient.<SendAsync>g__Core|83_0(HttpRequestMessage request, HttpCompletionOption completionOption, CancellationTokenSource cts, Boolean disposeCts, CancellationTokenSource pendingRequestsCts, CancellationToken originalCancellationToken)
[2026-08-16 22:37:52Z INFO BrokerMessageListener] Retriable exception: The HTTP request timed out after 00:01:40.
[2026-08-16 22:37:52Z INFO BrokerMessageListener] Reload credentials.
[2026-08-16 22:37:52Z INFO ConfigurationStore] HasCredentials()
[2026-08-16 22:37:52Z INFO ConfigurationStore] stored True
[2026-08-16 22:37:52Z INFO CredentialManager] GetCredentialProvider
[2026-08-16 22:37:52Z INFO CredentialManager] Creating type OAuth
[2026-08-16 22:37:52Z INFO CredentialManager] Creating credential type: OAuth
[2026-08-16 22:37:52Z INFO RSAEncryptedFileKeyManager] Loading RSA key parameters from file C:\Users\sheet\OneDrive\Desktop\Devops\DEVOPS INSIDER\GIT practice\b18_G79Sheetal\actions-runner\.credentials_rsaparams
[2026-08-16 22:37:52Z INFO BrokerMessageListener] Connection to Broker Server recreated.
[2026-08-16 22:37:52Z INFO BrokerMessageListener] Sleeping for 33.905 seconds before retrying.
[2026-08-16 22:38:26Z INFO BrokerMessageListener] No message retrieved within last 30 minutes.
[2026-08-16 22:38:26Z INFO RSAEncryptedFileKeyManager] Loading RSA key parameters from file C:\Users\sheet\OneDrive\Desktop\Devops\DEVOPS INSIDER\GIT practice\b18_G79Sheetal\actions-runner\.credentials_rsaparams
[2026-08-16 22:38:26Z INFO RSAEncryptedFileKeyManager] Loading RSA key parameters from file C:\Users\sheet\OneDrive\Desktop\Devops\DEVOPS INSIDER\GIT practice\b18_G79Sheetal\actions-runner\.credentials_rsaparams
[2026-08-16 22:38:26Z WARN GitHubActionsService] Attempt 1 of POST request to https://tokenghub.actions.githubusercontent.com/_apis/oauth2/token/5e5ea7c5-1e9e-4f1b-832f-821fc36fd13e failed (Socket Error: HostNotFound). The operation will be retried in 10.871 seconds.
[2026-08-16 22:38:37Z WARN GitHubActionsService] Attempt 2 of POST request to https://tokenghub.actions.githubusercontent.com/_apis/oauth2/token/5e5ea7c5-1e9e-4f1b-832f-821fc36fd13e failed (Socket Error: HostNotFound). The operation will be retried in 12.793 seconds.
[2026-08-16 22:38:50Z WARN GitHubActionsService] Attempt 3 of POST request to https://tokenghub.actions.githubusercontent.com/_apis/oauth2/token/5e5ea7c5-1e9e-4f1b-832f-821fc36fd13e failed (Socket Error: HostNotFound). The operation will be retried in 17.553 seconds.
[2026-08-16 22:39:07Z WARN GitHubActionsService] Attempt 4 of POST request to https://tokenghub.actions.githubusercontent.com/_apis/oauth2/token/5e5ea7c5-1e9e-4f1b-832f-821fc36fd13e failed (Socket Error: HostNotFound). The operation will be retried in 23.47 seconds.
[2026-08-16 22:39:31Z WARN GitHubActionsService] Attempt 5 of POST request to https://tokenghub.actions.githubusercontent.com/_apis/oauth2/token/5e5ea7c5-1e9e-4f1b-832f-821fc36fd13e failed (Socket Error: HostNotFound). The operation will be retried in 41.682 seconds.
[2026-08-16 22:40:06Z WARN GitHubActionsService] Retrieving an AAD auth token took a long time (100.0143631 seconds)
[2026-08-16 22:40:06Z WARN GitHubActionsService] GET request to https://broker.actions.githubusercontent.com/message?sessionId=cfc40dcc-4a56-4fa4-8bc2-767410e8c931&status=Online&runnerVersion=2.336.0&os=Windows&architecture=X64&disableUpdate=false timed out after 100 seconds.
[2026-08-16 22:40:06Z ERR  BrokerServer] Catch exception during request
[2026-08-16 22:40:06Z ERR  BrokerServer] System.TimeoutException: The HTTP request timed out after 00:01:40.
 ---> System.Threading.Tasks.TaskCanceledException: The request was canceled due to the configured HttpClient.Timeout of 100 seconds elapsing.
 ---> System.TimeoutException: A task was canceled.
 ---> System.Threading.Tasks.TaskCanceledException: A task was canceled.
   at GitHub.Services.Common.VssHttpRetryMessageHandler.SendAsync(HttpRequestMessage request, CancellationToken cancellationToken)
   at System.Net.Http.HttpClient.<SendAsync>g__Core|83_0(HttpRequestMessage request, HttpCompletionOption completionOption, CancellationTokenSource cts, Boolean disposeCts, CancellationTokenSource pendingRequestsCts, CancellationToken originalCancellationToken)
   --- End of inner exception stack trace ---
   --- End of inner exception stack trace ---
   at System.Net.Http.HttpClient.HandleFailure(Exception e, Boolean telemetryStarted, HttpResponseMessage response, CancellationTokenSource cts, CancellationToken cancellationToken, CancellationTokenSource pendingRequestsCts)
   at System.Net.Http.HttpClient.<SendAsync>g__Core|83_0(HttpRequestMessage request, HttpCompletionOption completionOption, CancellationTokenSource cts, Boolean disposeCts, CancellationTokenSource pendingRequestsCts, CancellationToken originalCancellationToken)
   at GitHub.Services.OAuth.VssOAuthTokenHttpClient.GetTokenAsync(VssOAuthGrant grant, VssOAuthClientCredential credential, VssOAuthTokenParameters tokenParameters, CancellationToken cancellationToken)
   at GitHub.Services.OAuth.VssOAuthTokenProvider.OnGetTokenAsync(IssuedToken failedToken, CancellationToken cancellationToken)
   at GitHub.Services.Common.IssuedTokenProvider.GetTokenOperation.GetTokenAsync(VssTraceActivity traceActivity)
   at GitHub.Services.Common.IssuedTokenProvider.GetTokenAsync(IssuedToken failedToken, CancellationToken cancellationToken)
   at GitHub.Services.Common.RawHttpMessageHandler.SendAsync(HttpRequestMessage request, CancellationToken cancellationToken)
   --- End of inner exception stack trace ---
   at GitHub.Services.Common.RawHttpMessageHandler.SendAsync(HttpRequestMessage request, CancellationToken cancellationToken)
   at GitHub.Services.Common.VssHttpRetryMessageHandler.SendAsync(HttpRequestMessage request, CancellationToken cancellationToken)
   at System.Net.Http.HttpClient.<SendAsync>g__Core|83_0(HttpRequestMessage request, HttpCompletionOption completionOption, CancellationTokenSource cts, Boolean disposeCts, CancellationTokenSource pendingRequestsCts, CancellationToken originalCancellationToken)
   at Sdk.WebApi.WebApi.RawHttpClientBase.SendAsync(HttpRequestMessage message, HttpCompletionOption completionOption, Object userState, CancellationToken cancellationToken)
   at Sdk.WebApi.WebApi.RawHttpClientBase.SendAsync[T](HttpRequestMessage message, Boolean readErrorBody, Object userState, CancellationToken cancellationToken)
   at Sdk.WebApi.WebApi.RawHttpClientBase.SendAsync[T](HttpMethod method, IEnumerable`1 additionalHeaders, Uri requestUri, HttpContent content, IEnumerable`1 queryParameters, Boolean readErrorBody, Object userState, CancellationToken cancellationToken)
   at GitHub.Actions.RunService.WebApi.BrokerHttpClient.GetRunnerMessageAsync(Nullable`1 sessionId, String runnerVersion, Nullable`1 status, String os, String architecture, Nullable`1 disableUpdate, CancellationToken cancellationToken)
   at GitHub.Runner.Common.BrokerServer.<>c__DisplayClass7_0.<<GetRunnerMessageAsync>b__0>d.MoveNext()
--- End of stack trace from previous location ---
   at GitHub.Runner.Common.RunnerService.RetryRequest[T](Func`1 func, CancellationToken cancellationToken, Int32 maxAttempts, Func`2 shouldRetry)
[2026-08-16 22:40:06Z ERR  BrokerServer] #####################################################
[2026-08-16 22:40:06Z ERR  BrokerServer] System.Threading.Tasks.TaskCanceledException: The request was canceled due to the configured HttpClient.Timeout of 100 seconds elapsing.
 ---> System.TimeoutException: A task was canceled.
 ---> System.Threading.Tasks.TaskCanceledException: A task was canceled.
   at GitHub.Services.Common.VssHttpRetryMessageHandler.SendAsync(HttpRequestMessage request, CancellationToken cancellationToken)
   at System.Net.Http.HttpClient.<SendAsync>g__Core|83_0(HttpRequestMessage request, HttpCompletionOption completionOption, CancellationTokenSource cts, Boolean disposeCts, CancellationTokenSource pendingRequestsCts, CancellationToken originalCancellationToken)
   --- End of inner exception stack trace ---
   --- End of inner exception stack trace ---
   at System.Net.Http.HttpClient.HandleFailure(Exception e, Boolean telemetryStarted, HttpResponseMessage response, CancellationTokenSource cts, CancellationToken cancellationToken, CancellationTokenSource pendingRequestsCts)
   at System.Net.Http.HttpClient.<SendAsync>g__Core|83_0(HttpRequestMessage request, HttpCompletionOption completionOption, CancellationTokenSource cts, Boolean disposeCts, CancellationTokenSource pendingRequestsCts, CancellationToken originalCancellationToken)
   at GitHub.Services.OAuth.VssOAuthTokenHttpClient.GetTokenAsync(VssOAuthGrant grant, VssOAuthClientCredential credential, VssOAuthTokenParameters tokenParameters, CancellationToken cancellationToken)
   at GitHub.Services.OAuth.VssOAuthTokenProvider.OnGetTokenAsync(IssuedToken failedToken, CancellationToken cancellationToken)
   at GitHub.Services.Common.IssuedTokenProvider.GetTokenOperation.GetTokenAsync(VssTraceActivity traceActivity)
   at GitHub.Services.Common.IssuedTokenProvider.GetTokenAsync(IssuedToken failedToken, CancellationToken cancellationToken)
   at GitHub.Services.Common.RawHttpMessageHandler.SendAsync(HttpRequestMessage request, CancellationToken cancellationToken)
[2026-08-16 22:40:06Z ERR  BrokerServer] #####################################################
[2026-08-16 22:40:06Z ERR  BrokerServer] System.TimeoutException: A task was canceled.
 ---> System.Threading.Tasks.TaskCanceledException: A task was canceled.
   at GitHub.Services.Common.VssHttpRetryMessageHandler.SendAsync(HttpRequestMessage request, CancellationToken cancellationToken)
   at System.Net.Http.HttpClient.<SendAsync>g__Core|83_0(HttpRequestMessage request, HttpCompletionOption completionOption, CancellationTokenSource cts, Boolean disposeCts, CancellationTokenSource pendingRequestsCts, CancellationToken originalCancellationToken)
   --- End of inner exception stack trace ---
[2026-08-16 22:40:06Z ERR  BrokerServer] #####################################################
[2026-08-16 22:40:06Z ERR  BrokerServer] System.Threading.Tasks.TaskCanceledException: A task was canceled.
   at GitHub.Services.Common.VssHttpRetryMessageHandler.SendAsync(HttpRequestMessage request, CancellationToken cancellationToken)
   at System.Net.Http.HttpClient.<SendAsync>g__Core|83_0(HttpRequestMessage request, HttpCompletionOption completionOption, CancellationTokenSource cts, Boolean disposeCts, CancellationTokenSource pendingRequestsCts, CancellationToken originalCancellationToken)
[2026-08-16 22:40:06Z WARN BrokerServer] Back off 7.267 seconds before next retry. 4 attempt left.
[2026-08-16 22:40:13Z INFO RSAEncryptedFileKeyManager] Loading RSA key parameters from file C:\Users\sheet\OneDrive\Desktop\Devops\DEVOPS INSIDER\GIT practice\b18_G79Sheetal\actions-runner\.credentials_rsaparams
[2026-08-16 22:40:13Z WARN GitHubActionsService] Attempt 1 of POST request to https://tokenghub.actions.githubusercontent.com/_apis/oauth2/token/5e5ea7c5-1e9e-4f1b-832f-821fc36fd13e failed (Socket Error: HostNotFound). The operation will be retried in 11.024 seconds.
[2026-08-16 22:40:24Z WARN GitHubActionsService] Attempt 2 of POST request to https://tokenghub.actions.githubusercontent.com/_apis/oauth2/token/5e5ea7c5-1e9e-4f1b-832f-821fc36fd13e failed (Socket Error: HostNotFound). The operation will be retried in 12.529 seconds.
[2026-08-16 22:40:37Z WARN GitHubActionsService] Attempt 3 of POST request to https://tokenghub.actions.githubusercontent.com/_apis/oauth2/token/5e5ea7c5-1e9e-4f1b-832f-821fc36fd13e failed (Socket Error: HostNotFound). The operation will be retried in 18.001 seconds.
[2026-08-16 22:40:55Z WARN GitHubActionsService] Attempt 4 of POST request to https://tokenghub.actions.githubusercontent.com/_apis/oauth2/token/5e5ea7c5-1e9e-4f1b-832f-821fc36fd13e failed (Socket Error: HostNotFound). The operation will be retried in 23.395 seconds.
[2026-08-16 22:41:18Z WARN GitHubActionsService] Attempt 5 of POST request to https://tokenghub.actions.githubusercontent.com/_apis/oauth2/token/5e5ea7c5-1e9e-4f1b-832f-821fc36fd13e failed (Socket Error: HostNotFound). The operation will be retried in 39.109 seconds.
[2026-08-16 22:41:53Z WARN GitHubActionsService] Retrieving an AAD auth token took a long time (100.0078561 seconds)
[2026-08-16 22:41:53Z WARN GitHubActionsService] GET request to https://broker.actions.githubusercontent.com/message?sessionId=cfc40dcc-4a56-4fa4-8bc2-767410e8c931&status=Online&runnerVersion=2.336.0&os=Windows&architecture=X64&disableUpdate=false timed out after 100 seconds.
[2026-08-16 22:41:53Z ERR  BrokerServer] Catch exception during request
[2026-08-16 22:41:53Z ERR  BrokerServer] System.TimeoutException: The HTTP request timed out after 00:01:40.
 ---> System.Threading.Tasks.TaskCanceledException: The request was canceled due to the configured HttpClient.Timeout of 100 seconds elapsing.
 ---> System.TimeoutException: A task was canceled.
 ---> System.Threading.Tasks.TaskCanceledException: A task was canceled.
   at GitHub.Services.Common.VssHttpRetryMessageHandler.SendAsync(HttpRequestMessage request, CancellationToken cancellationToken)
   at System.Net.Http.HttpClient.<SendAsync>g__Core|83_0(HttpRequestMessage request, HttpCompletionOption completionOption, CancellationTokenSource cts, Boolean disposeCts, CancellationTokenSource pendingRequestsCts, CancellationToken originalCancellationToken)
   --- End of inner exception stack trace ---
   --- End of inner exception stack trace ---
   at System.Net.Http.HttpClient.HandleFailure(Exception e, Boolean telemetryStarted, HttpResponseMessage response, CancellationTokenSource cts, CancellationToken cancellationToken, CancellationTokenSource pendingRequestsCts)
   at System.Net.Http.HttpClient.<SendAsync>g__Core|83_0(HttpRequestMessage request, HttpCompletionOption completionOption, CancellationTokenSource cts, Boolean disposeCts, CancellationTokenSource pendingRequestsCts, CancellationToken originalCancellationToken)
   at GitHub.Services.OAuth.VssOAuthTokenHttpClient.GetTokenAsync(VssOAuthGrant grant, VssOAuthClientCredential credential, VssOAuthTokenParameters tokenParameters, CancellationToken cancellationToken)
   at GitHub.Services.OAuth.VssOAuthTokenProvider.OnGetTokenAsync(IssuedToken failedToken, CancellationToken cancellationToken)
   at GitHub.Services.Common.IssuedTokenProvider.GetTokenOperation.GetTokenAsync(VssTraceActivity traceActivity)
   at GitHub.Services.Common.IssuedTokenProvider.GetTokenAsync(IssuedToken failedToken, CancellationToken cancellationToken)
   at GitHub.Services.Common.RawHttpMessageHandler.SendAsync(HttpRequestMessage request, CancellationToken cancellationToken)
   --- End of inner exception stack trace ---
   at GitHub.Services.Common.RawHttpMessageHandler.SendAsync(HttpRequestMessage request, CancellationToken cancellationToken)
   at GitHub.Services.Common.VssHttpRetryMessageHandler.SendAsync(HttpRequestMessage request, CancellationToken cancellationToken)
   at System.Net.Http.HttpClient.<SendAsync>g__Core|83_0(HttpRequestMessage request, HttpCompletionOption completionOption, CancellationTokenSource cts, Boolean disposeCts, CancellationTokenSource pendingRequestsCts, CancellationToken originalCancellationToken)
   at Sdk.WebApi.WebApi.RawHttpClientBase.SendAsync(HttpRequestMessage message, HttpCompletionOption completionOption, Object userState, CancellationToken cancellationToken)
   at Sdk.WebApi.WebApi.RawHttpClientBase.SendAsync[T](HttpRequestMessage message, Boolean readErrorBody, Object userState, CancellationToken cancellationToken)
   at Sdk.WebApi.WebApi.RawHttpClientBase.SendAsync[T](HttpMethod method, IEnumerable`1 additionalHeaders, Uri requestUri, HttpContent content, IEnumerable`1 queryParameters, Boolean readErrorBody, Object userState, CancellationToken cancellationToken)
   at GitHub.Actions.RunService.WebApi.BrokerHttpClient.GetRunnerMessageAsync(Nullable`1 sessionId, String runnerVersion, Nullable`1 status, String os, String architecture, Nullable`1 disableUpdate, CancellationToken cancellationToken)
   at GitHub.Runner.Common.BrokerServer.<>c__DisplayClass7_0.<<GetRunnerMessageAsync>b__0>d.MoveNext()
--- End of stack trace from previous location ---
   at GitHub.Runner.Common.RunnerService.RetryRequest[T](Func`1 func, CancellationToken cancellationToken, Int32 maxAttempts, Func`2 shouldRetry)
[2026-08-16 22:41:53Z ERR  BrokerServer] #####################################################
[2026-08-16 22:41:53Z ERR  BrokerServer] System.Threading.Tasks.TaskCanceledException: The request was canceled due to the configured HttpClient.Timeout of 100 seconds elapsing.
 ---> System.TimeoutException: A task was canceled.
 ---> System.Threading.Tasks.TaskCanceledException: A task was canceled.
   at GitHub.Services.Common.VssHttpRetryMessageHandler.SendAsync(HttpRequestMessage request, CancellationToken cancellationToken)
   at System.Net.Http.HttpClient.<SendAsync>g__Core|83_0(HttpRequestMessage request, HttpCompletionOption completionOption, CancellationTokenSource cts, Boolean disposeCts, CancellationTokenSource pendingRequestsCts, CancellationToken originalCancellationToken)
   --- End of inner exception stack trace ---
   --- End of inner exception stack trace ---
   at System.Net.Http.HttpClient.HandleFailure(Exception e, Boolean telemetryStarted, HttpResponseMessage response, CancellationTokenSource cts, CancellationToken cancellationToken, CancellationTokenSource pendingRequestsCts)
   at System.Net.Http.HttpClient.<SendAsync>g__Core|83_0(HttpRequestMessage request, HttpCompletionOption completionOption, CancellationTokenSource cts, Boolean disposeCts, CancellationTokenSource pendingRequestsCts, CancellationToken originalCancellationToken)
   at GitHub.Services.OAuth.VssOAuthTokenHttpClient.GetTokenAsync(VssOAuthGrant grant, VssOAuthClientCredential credential, VssOAuthTokenParameters tokenParameters, CancellationToken cancellationToken)
   at GitHub.Services.OAuth.VssOAuthTokenProvider.OnGetTokenAsync(IssuedToken failedToken, CancellationToken cancellationToken)
   at GitHub.Services.Common.IssuedTokenProvider.GetTokenOperation.GetTokenAsync(VssTraceActivity traceActivity)
   at GitHub.Services.Common.IssuedTokenProvider.GetTokenAsync(IssuedToken failedToken, CancellationToken cancellationToken)
   at GitHub.Services.Common.RawHttpMessageHandler.SendAsync(HttpRequestMessage request, CancellationToken cancellationToken)
[2026-08-16 22:41:53Z ERR  BrokerServer] #####################################################
[2026-08-16 22:41:53Z ERR  BrokerServer] System.TimeoutException: A task was canceled.
 ---> System.Threading.Tasks.TaskCanceledException: A task was canceled.
   at GitHub.Services.Common.VssHttpRetryMessageHandler.SendAsync(HttpRequestMessage request, CancellationToken cancellationToken)
   at System.Net.Http.HttpClient.<SendAsync>g__Core|83_0(HttpRequestMessage request, HttpCompletionOption completionOption, CancellationTokenSource cts, Boolean disposeCts, CancellationTokenSource pendingRequestsCts, CancellationToken originalCancellationToken)
   --- End of inner exception stack trace ---
[2026-08-16 22:41:53Z ERR  BrokerServer] #####################################################
[2026-08-16 22:41:53Z ERR  BrokerServer] System.Threading.Tasks.TaskCanceledException: A task was canceled.
   at GitHub.Services.Common.VssHttpRetryMessageHandler.SendAsync(HttpRequestMessage request, CancellationToken cancellationToken)
   at System.Net.Http.HttpClient.<SendAsync>g__Core|83_0(HttpRequestMessage request, HttpCompletionOption completionOption, CancellationTokenSource cts, Boolean disposeCts, CancellationTokenSource pendingRequestsCts, CancellationToken originalCancellationToken)
[2026-08-16 22:41:53Z WARN BrokerServer] Back off 10.594 seconds before next retry. 3 attempt left.
[2026-08-16 22:42:04Z INFO RSAEncryptedFileKeyManager] Loading RSA key parameters from file C:\Users\sheet\OneDrive\Desktop\Devops\DEVOPS INSIDER\GIT practice\b18_G79Sheetal\actions-runner\.credentials_rsaparams
[2026-08-16 22:42:04Z WARN GitHubActionsService] Attempt 1 of POST request to https://tokenghub.actions.githubusercontent.com/_apis/oauth2/token/5e5ea7c5-1e9e-4f1b-832f-821fc36fd13e failed (Socket Error: HostNotFound). The operation will be retried in 10.921 seconds.
[2026-08-16 22:42:15Z WARN GitHubActionsService] Attempt 2 of POST request to https://tokenghub.actions.githubusercontent.com/_apis/oauth2/token/5e5ea7c5-1e9e-4f1b-832f-821fc36fd13e failed (Socket Error: HostNotFound). The operation will be retried in 12.556 seconds.
[2026-08-16 22:42:27Z WARN GitHubActionsService] Attempt 3 of POST request to https://tokenghub.actions.githubusercontent.com/_apis/oauth2/token/5e5ea7c5-1e9e-4f1b-832f-821fc36fd13e failed (Socket Error: HostNotFound). The operation will be retried in 16.209 seconds.
[2026-08-16 22:42:43Z WARN GitHubActionsService] Attempt 4 of POST request to https://tokenghub.actions.githubusercontent.com/_apis/oauth2/token/5e5ea7c5-1e9e-4f1b-832f-821fc36fd13e failed (Socket Error: HostNotFound). The operation will be retried in 26.215 seconds.
[2026-08-16 22:43:10Z WARN GitHubActionsService] Attempt 5 of POST request to https://tokenghub.actions.githubusercontent.com/_apis/oauth2/token/5e5ea7c5-1e9e-4f1b-832f-821fc36fd13e failed (Socket Error: HostNotFound). The operation will be retried in 46.053 seconds.
[2026-08-16 22:43:44Z WARN GitHubActionsService] Retrieving an AAD auth token took a long time (100.0088169 seconds)
[2026-08-16 22:43:44Z WARN GitHubActionsService] GET request to https://broker.actions.githubusercontent.com/message?sessionId=cfc40dcc-4a56-4fa4-8bc2-767410e8c931&status=Online&runnerVersion=2.336.0&os=Windows&architecture=X64&disableUpdate=false timed out after 100 seconds.
[2026-08-16 22:43:44Z ERR  BrokerServer] Catch exception during request
[2026-08-16 22:43:44Z ERR  BrokerServer] System.TimeoutException: The HTTP request timed out after 00:01:40.
 ---> System.Threading.Tasks.TaskCanceledException: The request was canceled due to the configured HttpClient.Timeout of 100 seconds elapsing.
 ---> System.TimeoutException: A task was canceled.
 ---> System.Threading.Tasks.TaskCanceledException: A task was canceled.
   at GitHub.Services.Common.VssHttpRetryMessageHandler.SendAsync(HttpRequestMessage request, CancellationToken cancellationToken)
   at System.Net.Http.HttpClient.<SendAsync>g__Core|83_0(HttpRequestMessage request, HttpCompletionOption completionOption, CancellationTokenSource cts, Boolean disposeCts, CancellationTokenSource pendingRequestsCts, CancellationToken originalCancellationToken)
   --- End of inner exception stack trace ---
   --- End of inner exception stack trace ---
   at System.Net.Http.HttpClient.HandleFailure(Exception e, Boolean telemetryStarted, HttpResponseMessage response, CancellationTokenSource cts, CancellationToken cancellationToken, CancellationTokenSource pendingRequestsCts)
   at System.Net.Http.HttpClient.<SendAsync>g__Core|83_0(HttpRequestMessage request, HttpCompletionOption completionOption, CancellationTokenSource cts, Boolean disposeCts, CancellationTokenSource pendingRequestsCts, CancellationToken originalCancellationToken)
   at GitHub.Services.OAuth.VssOAuthTokenHttpClient.GetTokenAsync(VssOAuthGrant grant, VssOAuthClientCredential credential, VssOAuthTokenParameters tokenParameters, CancellationToken cancellationToken)
   at GitHub.Services.OAuth.VssOAuthTokenProvider.OnGetTokenAsync(IssuedToken failedToken, CancellationToken cancellationToken)
   at GitHub.Services.Common.IssuedTokenProvider.GetTokenOperation.GetTokenAsync(VssTraceActivity traceActivity)
   at GitHub.Services.Common.IssuedTokenProvider.GetTokenAsync(IssuedToken failedToken, CancellationToken cancellationToken)
   at GitHub.Services.Common.RawHttpMessageHandler.SendAsync(HttpRequestMessage request, CancellationToken cancellationToken)
   --- End of inner exception stack trace ---
   at GitHub.Services.Common.RawHttpMessageHandler.SendAsync(HttpRequestMessage request, CancellationToken cancellationToken)
   at GitHub.Services.Common.VssHttpRetryMessageHandler.SendAsync(HttpRequestMessage request, CancellationToken cancellationToken)
   at System.Net.Http.HttpClient.<SendAsync>g__Core|83_0(HttpRequestMessage request, HttpCompletionOption completionOption, CancellationTokenSource cts, Boolean disposeCts, CancellationTokenSource pendingRequestsCts, CancellationToken originalCancellationToken)
   at Sdk.WebApi.WebApi.RawHttpClientBase.SendAsync(HttpRequestMessage message, HttpCompletionOption completionOption, Object userState, CancellationToken cancellationToken)
   at Sdk.WebApi.WebApi.RawHttpClientBase.SendAsync[T](HttpRequestMessage message, Boolean readErrorBody, Object userState, CancellationToken cancellationToken)
   at Sdk.WebApi.WebApi.RawHttpClientBase.SendAsync[T](HttpMethod method, IEnumerable`1 additionalHeaders, Uri requestUri, HttpContent content, IEnumerable`1 queryParameters, Boolean readErrorBody, Object userState, CancellationToken cancellationToken)
   at GitHub.Actions.RunService.WebApi.BrokerHttpClient.GetRunnerMessageAsync(Nullable`1 sessionId, String runnerVersion, Nullable`1 status, String os, String architecture, Nullable`1 disableUpdate, CancellationToken cancellationToken)
   at GitHub.Runner.Common.BrokerServer.<>c__DisplayClass7_0.<<GetRunnerMessageAsync>b__0>d.MoveNext()
--- End of stack trace from previous location ---
   at GitHub.Runner.Common.RunnerService.RetryRequest[T](Func`1 func, CancellationToken cancellationToken, Int32 maxAttempts, Func`2 shouldRetry)
[2026-08-16 22:43:44Z ERR  BrokerServer] #####################################################
[2026-08-16 22:43:44Z ERR  BrokerServer] System.Threading.Tasks.TaskCanceledException: The request was canceled due to the configured HttpClient.Timeout of 100 seconds elapsing.
 ---> System.TimeoutException: A task was canceled.
 ---> System.Threading.Tasks.TaskCanceledException: A task was canceled.
   at GitHub.Services.Common.VssHttpRetryMessageHandler.SendAsync(HttpRequestMessage request, CancellationToken cancellationToken)
   at System.Net.Http.HttpClient.<SendAsync>g__Core|83_0(HttpRequestMessage request, HttpCompletionOption completionOption, CancellationTokenSource cts, Boolean disposeCts, CancellationTokenSource pendingRequestsCts, CancellationToken originalCancellationToken)
   --- End of inner exception stack trace ---
   --- End of inner exception stack trace ---
   at System.Net.Http.HttpClient.HandleFailure(Exception e, Boolean telemetryStarted, HttpResponseMessage response, CancellationTokenSource cts, CancellationToken cancellationToken, CancellationTokenSource pendingRequestsCts)
   at System.Net.Http.HttpClient.<SendAsync>g__Core|83_0(HttpRequestMessage request, HttpCompletionOption completionOption, CancellationTokenSource cts, Boolean disposeCts, CancellationTokenSource pendingRequestsCts, CancellationToken originalCancellationToken)
   at GitHub.Services.OAuth.VssOAuthTokenHttpClient.GetTokenAsync(VssOAuthGrant grant, VssOAuthClientCredential credential, VssOAuthTokenParameters tokenParameters, CancellationToken cancellationToken)
   at GitHub.Services.OAuth.VssOAuthTokenProvider.OnGetTokenAsync(IssuedToken failedToken, CancellationToken cancellationToken)
   at GitHub.Services.Common.IssuedTokenProvider.GetTokenOperation.GetTokenAsync(VssTraceActivity traceActivity)
   at GitHub.Services.Common.IssuedTokenProvider.GetTokenAsync(IssuedToken failedToken, CancellationToken cancellationToken)
   at GitHub.Services.Common.RawHttpMessageHandler.SendAsync(HttpRequestMessage request, CancellationToken cancellationToken)
[2026-08-16 22:43:44Z ERR  BrokerServer] #####################################################
[2026-08-16 22:43:44Z ERR  BrokerServer] System.TimeoutException: A task was canceled.
 ---> System.Threading.Tasks.TaskCanceledException: A task was canceled.
   at GitHub.Services.Common.VssHttpRetryMessageHandler.SendAsync(HttpRequestMessage request, CancellationToken cancellationToken)
   at System.Net.Http.HttpClient.<SendAsync>g__Core|83_0(HttpRequestMessage request, HttpCompletionOption completionOption, CancellationTokenSource cts, Boolean disposeCts, CancellationTokenSource pendingRequestsCts, CancellationToken originalCancellationToken)
   --- End of inner exception stack trace ---
[2026-08-16 22:43:44Z ERR  BrokerServer] #####################################################
[2026-08-16 22:43:44Z ERR  BrokerServer] System.Threading.Tasks.TaskCanceledException: A task was canceled.
   at GitHub.Services.Common.VssHttpRetryMessageHandler.SendAsync(HttpRequestMessage request, CancellationToken cancellationToken)
   at System.Net.Http.HttpClient.<SendAsync>g__Core|83_0(HttpRequestMessage request, HttpCompletionOption completionOption, CancellationTokenSource cts, Boolean disposeCts, CancellationTokenSource pendingRequestsCts, CancellationToken originalCancellationToken)
[2026-08-16 22:43:44Z WARN BrokerServer] Back off 12.976 seconds before next retry. 2 attempt left.
[2026-08-16 22:43:57Z INFO RSAEncryptedFileKeyManager] Loading RSA key parameters from file C:\Users\sheet\OneDrive\Desktop\Devops\DEVOPS INSIDER\GIT practice\b18_G79Sheetal\actions-runner\.credentials_rsaparams
[2026-08-16 22:43:57Z WARN GitHubActionsService] Attempt 1 of POST request to https://tokenghub.actions.githubusercontent.com/_apis/oauth2/token/5e5ea7c5-1e9e-4f1b-832f-821fc36fd13e failed (Socket Error: HostNotFound). The operation will be retried in 11.179 seconds.
[2026-08-16 22:44:08Z WARN GitHubActionsService] Attempt 2 of POST request to https://tokenghub.actions.githubusercontent.com/_apis/oauth2/token/5e5ea7c5-1e9e-4f1b-832f-821fc36fd13e failed (Socket Error: HostNotFound). The operation will be retried in 12.769 seconds.
[2026-08-16 22:44:21Z WARN GitHubActionsService] Attempt 3 of POST request to https://tokenghub.actions.githubusercontent.com/_apis/oauth2/token/5e5ea7c5-1e9e-4f1b-832f-821fc36fd13e failed (Socket Error: HostNotFound). The operation will be retried in 18.309 seconds.
[2026-08-16 22:44:39Z WARN GitHubActionsService] Attempt 4 of POST request to https://tokenghub.actions.githubusercontent.com/_apis/oauth2/token/5e5ea7c5-1e9e-4f1b-832f-821fc36fd13e failed (Socket Error: HostNotFound). The operation will be retried in 24.835 seconds.
[2026-08-16 22:45:04Z WARN GitHubActionsService] Attempt 5 of POST request to https://tokenghub.actions.githubusercontent.com/_apis/oauth2/token/5e5ea7c5-1e9e-4f1b-832f-821fc36fd13e failed (Socket Error: HostNotFound). The operation will be retried in 41 seconds.
[2026-08-16 22:45:37Z WARN GitHubActionsService] Retrieving an AAD auth token took a long time (100.0031105 seconds)
[2026-08-16 22:45:37Z WARN GitHubActionsService] GET request to https://broker.actions.githubusercontent.com/message?sessionId=cfc40dcc-4a56-4fa4-8bc2-767410e8c931&status=Online&runnerVersion=2.336.0&os=Windows&architecture=X64&disableUpdate=false timed out after 100 seconds.
[2026-08-16 22:45:37Z ERR  BrokerServer] Catch exception during request
[2026-08-16 22:45:37Z ERR  BrokerServer] System.TimeoutException: The HTTP request timed out after 00:01:40.
 ---> System.Threading.Tasks.TaskCanceledException: The request was canceled due to the configured HttpClient.Timeout of 100 seconds elapsing.
 ---> System.TimeoutException: A task was canceled.
 ---> System.Threading.Tasks.TaskCanceledException: A task was canceled.
   at GitHub.Services.Common.VssHttpRetryMessageHandler.SendAsync(HttpRequestMessage request, CancellationToken cancellationToken)
   at System.Net.Http.HttpClient.<SendAsync>g__Core|83_0(HttpRequestMessage request, HttpCompletionOption completionOption, CancellationTokenSource cts, Boolean disposeCts, CancellationTokenSource pendingRequestsCts, CancellationToken originalCancellationToken)
   --- End of inner exception stack trace ---
   --- End of inner exception stack trace ---
   at System.Net.Http.HttpClient.HandleFailure(Exception e, Boolean telemetryStarted, HttpResponseMessage response, CancellationTokenSource cts, CancellationToken cancellationToken, CancellationTokenSource pendingRequestsCts)
   at System.Net.Http.HttpClient.<SendAsync>g__Core|83_0(HttpRequestMessage request, HttpCompletionOption completionOption, CancellationTokenSource cts, Boolean disposeCts, CancellationTokenSource pendingRequestsCts, CancellationToken originalCancellationToken)
   at GitHub.Services.OAuth.VssOAuthTokenHttpClient.GetTokenAsync(VssOAuthGrant grant, VssOAuthClientCredential credential, VssOAuthTokenParameters tokenParameters, CancellationToken cancellationToken)
   at GitHub.Services.OAuth.VssOAuthTokenProvider.OnGetTokenAsync(IssuedToken failedToken, CancellationToken cancellationToken)
   at GitHub.Services.Common.IssuedTokenProvider.GetTokenOperation.GetTokenAsync(VssTraceActivity traceActivity)
   at GitHub.Services.Common.IssuedTokenProvider.GetTokenAsync(IssuedToken failedToken, CancellationToken cancellationToken)
   at GitHub.Services.Common.RawHttpMessageHandler.SendAsync(HttpRequestMessage request, CancellationToken cancellationToken)
   --- End of inner exception stack trace ---
   at GitHub.Services.Common.RawHttpMessageHandler.SendAsync(HttpRequestMessage request, CancellationToken cancellationToken)
   at GitHub.Services.Common.VssHttpRetryMessageHandler.SendAsync(HttpRequestMessage request, CancellationToken cancellationToken)
   at System.Net.Http.HttpClient.<SendAsync>g__Core|83_0(HttpRequestMessage request, HttpCompletionOption completionOption, CancellationTokenSource cts, Boolean disposeCts, CancellationTokenSource pendingRequestsCts, CancellationToken originalCancellationToken)
   at Sdk.WebApi.WebApi.RawHttpClientBase.SendAsync(HttpRequestMessage message, HttpCompletionOption completionOption, Object userState, CancellationToken cancellationToken)
   at Sdk.WebApi.WebApi.RawHttpClientBase.SendAsync[T](HttpRequestMessage message, Boolean readErrorBody, Object userState, CancellationToken cancellationToken)
   at Sdk.WebApi.WebApi.RawHttpClientBase.SendAsync[T](HttpMethod method, IEnumerable`1 additionalHeaders, Uri requestUri, HttpContent content, IEnumerable`1 queryParameters, Boolean readErrorBody, Object userState, CancellationToken cancellationToken)
   at GitHub.Actions.RunService.WebApi.BrokerHttpClient.GetRunnerMessageAsync(Nullable`1 sessionId, String runnerVersion, Nullable`1 status, String os, String architecture, Nullable`1 disableUpdate, CancellationToken cancellationToken)
   at GitHub.Runner.Common.BrokerServer.<>c__DisplayClass7_0.<<GetRunnerMessageAsync>b__0>d.MoveNext()
--- End of stack trace from previous location ---
   at GitHub.Runner.Common.RunnerService.RetryRequest[T](Func`1 func, CancellationToken cancellationToken, Int32 maxAttempts, Func`2 shouldRetry)
[2026-08-16 22:45:37Z ERR  BrokerServer] #####################################################
[2026-08-16 22:45:37Z ERR  BrokerServer] System.Threading.Tasks.TaskCanceledException: The request was canceled due to the configured HttpClient.Timeout of 100 seconds elapsing.
 ---> System.TimeoutException: A task was canceled.
 ---> System.Threading.Tasks.TaskCanceledException: A task was canceled.
   at GitHub.Services.Common.VssHttpRetryMessageHandler.SendAsync(HttpRequestMessage request, CancellationToken cancellationToken)
   at System.Net.Http.HttpClient.<SendAsync>g__Core|83_0(HttpRequestMessage request, HttpCompletionOption completionOption, CancellationTokenSource cts, Boolean disposeCts, CancellationTokenSource pendingRequestsCts, CancellationToken originalCancellationToken)
   --- End of inner exception stack trace ---
   --- End of inner exception stack trace ---
   at System.Net.Http.HttpClient.HandleFailure(Exception e, Boolean telemetryStarted, HttpResponseMessage response, CancellationTokenSource cts, CancellationToken cancellationToken, CancellationTokenSource pendingRequestsCts)
   at System.Net.Http.HttpClient.<SendAsync>g__Core|83_0(HttpRequestMessage request, HttpCompletionOption completionOption, CancellationTokenSource cts, Boolean disposeCts, CancellationTokenSource pendingRequestsCts, CancellationToken originalCancellationToken)
   at GitHub.Services.OAuth.VssOAuthTokenHttpClient.GetTokenAsync(VssOAuthGrant grant, VssOAuthClientCredential credential, VssOAuthTokenParameters tokenParameters, CancellationToken cancellationToken)
   at GitHub.Services.OAuth.VssOAuthTokenProvider.OnGetTokenAsync(IssuedToken failedToken, CancellationToken cancellationToken)
   at GitHub.Services.Common.IssuedTokenProvider.GetTokenOperation.GetTokenAsync(VssTraceActivity traceActivity)
   at GitHub.Services.Common.IssuedTokenProvider.GetTokenAsync(IssuedToken failedToken, CancellationToken cancellationToken)
   at GitHub.Services.Common.RawHttpMessageHandler.SendAsync(HttpRequestMessage request, CancellationToken cancellationToken)
[2026-08-16 22:45:37Z ERR  BrokerServer] #####################################################
[2026-08-16 22:45:37Z ERR  BrokerServer] System.TimeoutException: A task was canceled.
 ---> System.Threading.Tasks.TaskCanceledException: A task was canceled.
   at GitHub.Services.Common.VssHttpRetryMessageHandler.SendAsync(HttpRequestMessage request, CancellationToken cancellationToken)
   at System.Net.Http.HttpClient.<SendAsync>g__Core|83_0(HttpRequestMessage request, HttpCompletionOption completionOption, CancellationTokenSource cts, Boolean disposeCts, CancellationTokenSource pendingRequestsCts, CancellationToken originalCancellationToken)
   --- End of inner exception stack trace ---
[2026-08-16 22:45:37Z ERR  BrokerServer] #####################################################
[2026-08-16 22:45:37Z ERR  BrokerServer] System.Threading.Tasks.TaskCanceledException: A task was canceled.
   at GitHub.Services.Common.VssHttpRetryMessageHandler.SendAsync(HttpRequestMessage request, CancellationToken cancellationToken)
   at System.Net.Http.HttpClient.<SendAsync>g__Core|83_0(HttpRequestMessage request, HttpCompletionOption completionOption, CancellationTokenSource cts, Boolean disposeCts, CancellationTokenSource pendingRequestsCts, CancellationToken originalCancellationToken)
[2026-08-16 22:45:37Z WARN BrokerServer] Back off 5.956 seconds before next retry. 1 attempt left.
[2026-08-16 22:45:43Z INFO RSAEncryptedFileKeyManager] Loading RSA key parameters from file C:\Users\sheet\OneDrive\Desktop\Devops\DEVOPS INSIDER\GIT practice\b18_G79Sheetal\actions-runner\.credentials_rsaparams
[2026-08-16 22:45:43Z WARN GitHubActionsService] Attempt 1 of POST request to https://tokenghub.actions.githubusercontent.com/_apis/oauth2/token/5e5ea7c5-1e9e-4f1b-832f-821fc36fd13e failed (Socket Error: HostNotFound). The operation will be retried in 10.872 seconds.
[2026-08-16 22:45:54Z WARN GitHubActionsService] Attempt 2 of POST request to https://tokenghub.actions.githubusercontent.com/_apis/oauth2/token/5e5ea7c5-1e9e-4f1b-832f-821fc36fd13e failed (Socket Error: HostNotFound). The operation will be retried in 12.928 seconds.
[2026-08-16 22:46:07Z WARN GitHubActionsService] Attempt 3 of POST request to https://tokenghub.actions.githubusercontent.com/_apis/oauth2/token/5e5ea7c5-1e9e-4f1b-832f-821fc36fd13e failed (Socket Error: HostNotFound). The operation will be retried in 17.714 seconds.
[2026-08-16 22:46:24Z WARN GitHubActionsService] Attempt 4 of POST request to https://tokenghub.actions.githubusercontent.com/_apis/oauth2/token/5e5ea7c5-1e9e-4f1b-832f-821fc36fd13e failed (Socket Error: HostNotFound). The operation will be retried in 25.975 seconds.
[2026-08-16 22:46:50Z WARN GitHubActionsService] Attempt 5 of POST request to https://tokenghub.actions.githubusercontent.com/_apis/oauth2/token/5e5ea7c5-1e9e-4f1b-832f-821fc36fd13e failed (Socket Error: HostNotFound). The operation will be retried in 36.629 seconds.
[2026-08-16 22:47:23Z WARN GitHubActionsService] Retrieving an AAD auth token took a long time (100.0102356 seconds)
[2026-08-16 22:47:23Z WARN GitHubActionsService] GET request to https://broker.actions.githubusercontent.com/message?sessionId=cfc40dcc-4a56-4fa4-8bc2-767410e8c931&status=Online&runnerVersion=2.336.0&os=Windows&architecture=X64&disableUpdate=false timed out after 100 seconds.
[2026-08-16 22:47:23Z ERR  BrokerMessageListener] Catch exception during get next message.
[2026-08-16 22:47:23Z ERR  BrokerMessageListener] System.TimeoutException: The HTTP request timed out after 00:01:40.
 ---> System.Threading.Tasks.TaskCanceledException: The request was canceled due to the configured HttpClient.Timeout of 100 seconds elapsing.
 ---> System.TimeoutException: A task was canceled.
 ---> System.Threading.Tasks.TaskCanceledException: A task was canceled.
   at GitHub.Services.Common.VssHttpRetryMessageHandler.SendAsync(HttpRequestMessage request, CancellationToken cancellationToken)
   at System.Net.Http.HttpClient.<SendAsync>g__Core|83_0(HttpRequestMessage request, HttpCompletionOption completionOption, CancellationTokenSource cts, Boolean disposeCts, CancellationTokenSource pendingRequestsCts, CancellationToken originalCancellationToken)
   --- End of inner exception stack trace ---
   --- End of inner exception stack trace ---
   at System.Net.Http.HttpClient.HandleFailure(Exception e, Boolean telemetryStarted, HttpResponseMessage response, CancellationTokenSource cts, CancellationToken cancellationToken, CancellationTokenSource pendingRequestsCts)
   at System.Net.Http.HttpClient.<SendAsync>g__Core|83_0(HttpRequestMessage request, HttpCompletionOption completionOption, CancellationTokenSource cts, Boolean disposeCts, CancellationTokenSource pendingRequestsCts, CancellationToken originalCancellationToken)
   at GitHub.Services.OAuth.VssOAuthTokenHttpClient.GetTokenAsync(VssOAuthGrant grant, VssOAuthClientCredential credential, VssOAuthTokenParameters tokenParameters, CancellationToken cancellationToken)
   at GitHub.Services.OAuth.VssOAuthTokenProvider.OnGetTokenAsync(IssuedToken failedToken, CancellationToken cancellationToken)
   at GitHub.Services.Common.IssuedTokenProvider.GetTokenOperation.GetTokenAsync(VssTraceActivity traceActivity)
   at GitHub.Services.Common.IssuedTokenProvider.GetTokenAsync(IssuedToken failedToken, CancellationToken cancellationToken)
   at GitHub.Services.Common.RawHttpMessageHandler.SendAsync(HttpRequestMessage request, CancellationToken cancellationToken)
   --- End of inner exception stack trace ---
   at GitHub.Services.Common.RawHttpMessageHandler.SendAsync(HttpRequestMessage request, CancellationToken cancellationToken)
   at GitHub.Services.Common.VssHttpRetryMessageHandler.SendAsync(HttpRequestMessage request, CancellationToken cancellationToken)
   at System.Net.Http.HttpClient.<SendAsync>g__Core|83_0(HttpRequestMessage request, HttpCompletionOption completionOption, CancellationTokenSource cts, Boolean disposeCts, CancellationTokenSource pendingRequestsCts, CancellationToken originalCancellationToken)
   at Sdk.WebApi.WebApi.RawHttpClientBase.SendAsync(HttpRequestMessage message, HttpCompletionOption completionOption, Object userState, CancellationToken cancellationToken)
   at Sdk.WebApi.WebApi.RawHttpClientBase.SendAsync[T](HttpRequestMessage message, Boolean readErrorBody, Object userState, CancellationToken cancellationToken)
   at Sdk.WebApi.WebApi.RawHttpClientBase.SendAsync[T](HttpMethod method, IEnumerable`1 additionalHeaders, Uri requestUri, HttpContent content, IEnumerable`1 queryParameters, Boolean readErrorBody, Object userState, CancellationToken cancellationToken)
   at GitHub.Actions.RunService.WebApi.BrokerHttpClient.GetRunnerMessageAsync(Nullable`1 sessionId, String runnerVersion, Nullable`1 status, String os, String architecture, Nullable`1 disableUpdate, CancellationToken cancellationToken)
   at GitHub.Runner.Common.BrokerServer.<>c__DisplayClass7_0.<<GetRunnerMessageAsync>b__0>d.MoveNext()
--- End of stack trace from previous location ---
   at GitHub.Runner.Common.RunnerService.RetryRequest[T](Func`1 func, CancellationToken cancellationToken, Int32 maxAttempts, Func`2 shouldRetry)
   at GitHub.Runner.Listener.BrokerMessageListener.GetNextMessageAsync(CancellationToken token)
[2026-08-16 22:47:23Z ERR  BrokerMessageListener] #####################################################
[2026-08-16 22:47:23Z ERR  BrokerMessageListener] System.Threading.Tasks.TaskCanceledException: The request was canceled due to the configured HttpClient.Timeout of 100 seconds elapsing.
 ---> System.TimeoutException: A task was canceled.
 ---> System.Threading.Tasks.TaskCanceledException: A task was canceled.
   at GitHub.Services.Common.VssHttpRetryMessageHandler.SendAsync(HttpRequestMessage request, CancellationToken cancellationToken)
   at System.Net.Http.HttpClient.<SendAsync>g__Core|83_0(HttpRequestMessage request, HttpCompletionOption completionOption, CancellationTokenSource cts, Boolean disposeCts, CancellationTokenSource pendingRequestsCts, CancellationToken originalCancellationToken)
   --- End of inner exception stack trace ---
   --- End of inner exception stack trace ---
   at System.Net.Http.HttpClient.HandleFailure(Exception e, Boolean telemetryStarted, HttpResponseMessage response, CancellationTokenSource cts, CancellationToken cancellationToken, CancellationTokenSource pendingRequestsCts)
   at System.Net.Http.HttpClient.<SendAsync>g__Core|83_0(HttpRequestMessage request, HttpCompletionOption completionOption, CancellationTokenSource cts, Boolean disposeCts, CancellationTokenSource pendingRequestsCts, CancellationToken originalCancellationToken)
   at GitHub.Services.OAuth.VssOAuthTokenHttpClient.GetTokenAsync(VssOAuthGrant grant, VssOAuthClientCredential credential, VssOAuthTokenParameters tokenParameters, CancellationToken cancellationToken)
   at GitHub.Services.OAuth.VssOAuthTokenProvider.OnGetTokenAsync(IssuedToken failedToken, CancellationToken cancellationToken)
   at GitHub.Services.Common.IssuedTokenProvider.GetTokenOperation.GetTokenAsync(VssTraceActivity traceActivity)
   at GitHub.Services.Common.IssuedTokenProvider.GetTokenAsync(IssuedToken failedToken, CancellationToken cancellationToken)
   at GitHub.Services.Common.RawHttpMessageHandler.SendAsync(HttpRequestMessage request, CancellationToken cancellationToken)
[2026-08-16 22:47:23Z ERR  BrokerMessageListener] #####################################################
[2026-08-16 22:47:23Z ERR  BrokerMessageListener] System.TimeoutException: A task was canceled.
 ---> System.Threading.Tasks.TaskCanceledException: A task was canceled.
   at GitHub.Services.Common.VssHttpRetryMessageHandler.SendAsync(HttpRequestMessage request, CancellationToken cancellationToken)
   at System.Net.Http.HttpClient.<SendAsync>g__Core|83_0(HttpRequestMessage request, HttpCompletionOption completionOption, CancellationTokenSource cts, Boolean disposeCts, CancellationTokenSource pendingRequestsCts, CancellationToken originalCancellationToken)
   --- End of inner exception stack trace ---
[2026-08-16 22:47:23Z ERR  BrokerMessageListener] #####################################################
[2026-08-16 22:47:23Z ERR  BrokerMessageListener] System.Threading.Tasks.TaskCanceledException: A task was canceled.
   at GitHub.Services.Common.VssHttpRetryMessageHandler.SendAsync(HttpRequestMessage request, CancellationToken cancellationToken)
   at System.Net.Http.HttpClient.<SendAsync>g__Core|83_0(HttpRequestMessage request, HttpCompletionOption completionOption, CancellationTokenSource cts, Boolean disposeCts, CancellationTokenSource pendingRequestsCts, CancellationToken originalCancellationToken)
[2026-08-16 22:47:23Z INFO BrokerMessageListener] Retriable exception: The HTTP request timed out after 00:01:40.
[2026-08-16 22:47:23Z INFO BrokerMessageListener] Reload credentials.
[2026-08-16 22:47:23Z INFO ConfigurationStore] HasCredentials()
[2026-08-16 22:47:23Z INFO ConfigurationStore] stored True
[2026-08-16 22:47:23Z INFO CredentialManager] GetCredentialProvider
[2026-08-16 22:47:23Z INFO CredentialManager] Creating type OAuth
[2026-08-16 22:47:23Z INFO CredentialManager] Creating credential type: OAuth
[2026-08-16 22:47:23Z INFO RSAEncryptedFileKeyManager] Loading RSA key parameters from file C:\Users\sheet\OneDrive\Desktop\Devops\DEVOPS INSIDER\GIT practice\b18_G79Sheetal\actions-runner\.credentials_rsaparams
[2026-08-16 22:47:23Z INFO BrokerMessageListener] Connection to Broker Server recreated.
[2026-08-16 22:47:23Z INFO BrokerMessageListener] Sleeping for 46.695 seconds before retrying.
[2026-08-16 22:48:09Z INFO RSAEncryptedFileKeyManager] Loading RSA key parameters from file C:\Users\sheet\OneDrive\Desktop\Devops\DEVOPS INSIDER\GIT practice\b18_G79Sheetal\actions-runner\.credentials_rsaparams
[2026-08-16 22:48:09Z INFO RSAEncryptedFileKeyManager] Loading RSA key parameters from file C:\Users\sheet\OneDrive\Desktop\Devops\DEVOPS INSIDER\GIT practice\b18_G79Sheetal\actions-runner\.credentials_rsaparams
[2026-08-16 22:48:09Z WARN GitHubActionsService] Attempt 1 of POST request to https://tokenghub.actions.githubusercontent.com/_apis/oauth2/token/5e5ea7c5-1e9e-4f1b-832f-821fc36fd13e failed (Socket Error: HostNotFound). The operation will be retried in 11.091 seconds.
[2026-08-16 22:48:21Z WARN GitHubActionsService] Attempt 2 of POST request to https://tokenghub.actions.githubusercontent.com/_apis/oauth2/token/5e5ea7c5-1e9e-4f1b-832f-821fc36fd13e failed (Socket Error: HostNotFound). The operation will be retried in 12.955 seconds.
[2026-08-16 22:48:33Z WARN GitHubActionsService] Attempt 3 of POST request to https://tokenghub.actions.githubusercontent.com/_apis/oauth2/token/5e5ea7c5-1e9e-4f1b-832f-821fc36fd13e failed (Socket Error: HostNotFound). The operation will be retried in 17.546 seconds.
[2026-08-16 22:48:51Z WARN GitHubActionsService] Attempt 4 of POST request to https://tokenghub.actions.githubusercontent.com/_apis/oauth2/token/5e5ea7c5-1e9e-4f1b-832f-821fc36fd13e failed (Socket Error: HostNotFound). The operation will be retried in 24.655 seconds.
[2026-08-16 22:49:16Z WARN GitHubActionsService] Attempt 5 of POST request to https://tokenghub.actions.githubusercontent.com/_apis/oauth2/token/5e5ea7c5-1e9e-4f1b-832f-821fc36fd13e failed (Socket Error: HostNotFound). The operation will be retried in 39.543 seconds.
[2026-08-16 22:49:49Z WARN GitHubActionsService] Retrieving an AAD auth token took a long time (100.0155829 seconds)
[2026-08-16 22:49:49Z WARN GitHubActionsService] GET request to https://broker.actions.githubusercontent.com/message?sessionId=cfc40dcc-4a56-4fa4-8bc2-767410e8c931&status=Online&runnerVersion=2.336.0&os=Windows&architecture=X64&disableUpdate=false timed out after 100 seconds.
[2026-08-16 22:49:49Z ERR  BrokerServer] Catch exception during request
[2026-08-16 22:49:49Z ERR  BrokerServer] System.TimeoutException: The HTTP request timed out after 00:01:40.
 ---> System.Threading.Tasks.TaskCanceledException: The request was canceled due to the configured HttpClient.Timeout of 100 seconds elapsing.
 ---> System.TimeoutException: A task was canceled.
 ---> System.Threading.Tasks.TaskCanceledException: A task was canceled.
   at GitHub.Services.Common.VssHttpRetryMessageHandler.SendAsync(HttpRequestMessage request, CancellationToken cancellationToken)
   at System.Net.Http.HttpClient.<SendAsync>g__Core|83_0(HttpRequestMessage request, HttpCompletionOption completionOption, CancellationTokenSource cts, Boolean disposeCts, CancellationTokenSource pendingRequestsCts, CancellationToken originalCancellationToken)
   --- End of inner exception stack trace ---
   --- End of inner exception stack trace ---
   at System.Net.Http.HttpClient.HandleFailure(Exception e, Boolean telemetryStarted, HttpResponseMessage response, CancellationTokenSource cts, CancellationToken cancellationToken, CancellationTokenSource pendingRequestsCts)
   at System.Net.Http.HttpClient.<SendAsync>g__Core|83_0(HttpRequestMessage request, HttpCompletionOption completionOption, CancellationTokenSource cts, Boolean disposeCts, CancellationTokenSource pendingRequestsCts, CancellationToken originalCancellationToken)
   at GitHub.Services.OAuth.VssOAuthTokenHttpClient.GetTokenAsync(VssOAuthGrant grant, VssOAuthClientCredential credential, VssOAuthTokenParameters tokenParameters, CancellationToken cancellationToken)
   at GitHub.Services.OAuth.VssOAuthTokenProvider.OnGetTokenAsync(IssuedToken failedToken, CancellationToken cancellationToken)
   at GitHub.Services.Common.IssuedTokenProvider.GetTokenOperation.GetTokenAsync(VssTraceActivity traceActivity)
   at GitHub.Services.Common.IssuedTokenProvider.GetTokenAsync(IssuedToken failedToken, CancellationToken cancellationToken)
   at GitHub.Services.Common.RawHttpMessageHandler.SendAsync(HttpRequestMessage request, CancellationToken cancellationToken)
   --- End of inner exception stack trace ---
   at GitHub.Services.Common.RawHttpMessageHandler.SendAsync(HttpRequestMessage request, CancellationToken cancellationToken)
   at GitHub.Services.Common.VssHttpRetryMessageHandler.SendAsync(HttpRequestMessage request, CancellationToken cancellationToken)
   at System.Net.Http.HttpClient.<SendAsync>g__Core|83_0(HttpRequestMessage request, HttpCompletionOption completionOption, CancellationTokenSource cts, Boolean disposeCts, CancellationTokenSource pendingRequestsCts, CancellationToken originalCancellationToken)
   at Sdk.WebApi.WebApi.RawHttpClientBase.SendAsync(HttpRequestMessage message, HttpCompletionOption completionOption, Object userState, CancellationToken cancellationToken)
   at Sdk.WebApi.WebApi.RawHttpClientBase.SendAsync[T](HttpRequestMessage message, Boolean readErrorBody, Object userState, CancellationToken cancellationToken)
   at Sdk.WebApi.WebApi.RawHttpClientBase.SendAsync[T](HttpMethod method, IEnumerable`1 additionalHeaders, Uri requestUri, HttpContent content, IEnumerable`1 queryParameters, Boolean readErrorBody, Object userState, CancellationToken cancellationToken)
   at GitHub.Actions.RunService.WebApi.BrokerHttpClient.GetRunnerMessageAsync(Nullable`1 sessionId, String runnerVersion, Nullable`1 status, String os, String architecture, Nullable`1 disableUpdate, CancellationToken cancellationToken)
   at GitHub.Runner.Common.BrokerServer.<>c__DisplayClass7_0.<<GetRunnerMessageAsync>b__0>d.MoveNext()
--- End of stack trace from previous location ---
   at GitHub.Runner.Common.RunnerService.RetryRequest[T](Func`1 func, CancellationToken cancellationToken, Int32 maxAttempts, Func`2 shouldRetry)
[2026-08-16 22:49:49Z ERR  BrokerServer] #####################################################
[2026-08-16 22:49:49Z ERR  BrokerServer] System.Threading.Tasks.TaskCanceledException: The request was canceled due to the configured HttpClient.Timeout of 100 seconds elapsing.
 ---> System.TimeoutException: A task was canceled.
 ---> System.Threading.Tasks.TaskCanceledException: A task was canceled.
   at GitHub.Services.Common.VssHttpRetryMessageHandler.SendAsync(HttpRequestMessage request, CancellationToken cancellationToken)
   at System.Net.Http.HttpClient.<SendAsync>g__Core|83_0(HttpRequestMessage request, HttpCompletionOption completionOption, CancellationTokenSource cts, Boolean disposeCts, CancellationTokenSource pendingRequestsCts, CancellationToken originalCancellationToken)
   --- End of inner exception stack trace ---
   --- End of inner exception stack trace ---
   at System.Net.Http.HttpClient.HandleFailure(Exception e, Boolean telemetryStarted, HttpResponseMessage response, CancellationTokenSource cts, CancellationToken cancellationToken, CancellationTokenSource pendingRequestsCts)
   at System.Net.Http.HttpClient.<SendAsync>g__Core|83_0(HttpRequestMessage request, HttpCompletionOption completionOption, CancellationTokenSource cts, Boolean disposeCts, CancellationTokenSource pendingRequestsCts, CancellationToken originalCancellationToken)
   at GitHub.Services.OAuth.VssOAuthTokenHttpClient.GetTokenAsync(VssOAuthGrant grant, VssOAuthClientCredential credential, VssOAuthTokenParameters tokenParameters, CancellationToken cancellationToken)
   at GitHub.Services.OAuth.VssOAuthTokenProvider.OnGetTokenAsync(IssuedToken failedToken, CancellationToken cancellationToken)
   at GitHub.Services.Common.IssuedTokenProvider.GetTokenOperation.GetTokenAsync(VssTraceActivity traceActivity)
   at GitHub.Services.Common.IssuedTokenProvider.GetTokenAsync(IssuedToken failedToken, CancellationToken cancellationToken)
   at GitHub.Services.Common.RawHttpMessageHandler.SendAsync(HttpRequestMessage request, CancellationToken cancellationToken)
[2026-08-16 22:49:49Z ERR  BrokerServer] #####################################################
[2026-08-16 22:49:49Z ERR  BrokerServer] System.TimeoutException: A task was canceled.
 ---> System.Threading.Tasks.TaskCanceledException: A task was canceled.
   at GitHub.Services.Common.VssHttpRetryMessageHandler.SendAsync(HttpRequestMessage request, CancellationToken cancellationToken)
   at System.Net.Http.HttpClient.<SendAsync>g__Core|83_0(HttpRequestMessage request, HttpCompletionOption completionOption, CancellationTokenSource cts, Boolean disposeCts, CancellationTokenSource pendingRequestsCts, CancellationToken originalCancellationToken)
   --- End of inner exception stack trace ---
[2026-08-16 22:49:49Z ERR  BrokerServer] #####################################################
[2026-08-16 22:49:49Z ERR  BrokerServer] System.Threading.Tasks.TaskCanceledException: A task was canceled.
   at GitHub.Services.Common.VssHttpRetryMessageHandler.SendAsync(HttpRequestMessage request, CancellationToken cancellationToken)
   at System.Net.Http.HttpClient.<SendAsync>g__Core|83_0(HttpRequestMessage request, HttpCompletionOption completionOption, CancellationTokenSource cts, Boolean disposeCts, CancellationTokenSource pendingRequestsCts, CancellationToken originalCancellationToken)
[2026-08-16 22:49:49Z WARN BrokerServer] Back off 10.367 seconds before next retry. 4 attempt left.
[2026-08-16 22:50:00Z INFO RSAEncryptedFileKeyManager] Loading RSA key parameters from file C:\Users\sheet\OneDrive\Desktop\Devops\DEVOPS INSIDER\GIT practice\b18_G79Sheetal\actions-runner\.credentials_rsaparams
[2026-08-16 22:50:00Z WARN GitHubActionsService] Attempt 1 of POST request to https://tokenghub.actions.githubusercontent.com/_apis/oauth2/token/5e5ea7c5-1e9e-4f1b-832f-821fc36fd13e failed (Socket Error: HostNotFound). The operation will be retried in 10.917 seconds.
[2026-08-16 22:50:11Z WARN GitHubActionsService] Attempt 2 of POST request to https://tokenghub.actions.githubusercontent.com/_apis/oauth2/token/5e5ea7c5-1e9e-4f1b-832f-821fc36fd13e failed (Socket Error: HostNotFound). The operation will be retried in 13.108 seconds.
[2026-08-16 22:50:24Z WARN GitHubActionsService] Attempt 3 of POST request to https://tokenghub.actions.githubusercontent.com/_apis/oauth2/token/5e5ea7c5-1e9e-4f1b-832f-821fc36fd13e failed (Socket Error: HostNotFound). The operation will be retried in 17.847 seconds.
[2026-08-16 22:50:42Z WARN GitHubActionsService] Attempt 4 of POST request to https://tokenghub.actions.githubusercontent.com/_apis/oauth2/token/5e5ea7c5-1e9e-4f1b-832f-821fc36fd13e failed (Socket Error: HostNotFound). The operation will be retried in 22.75 seconds.
[2026-08-16 22:51:04Z WARN GitHubActionsService] Attempt 5 of POST request to https://tokenghub.actions.githubusercontent.com/_apis/oauth2/token/5e5ea7c5-1e9e-4f1b-832f-821fc36fd13e failed (Socket Error: HostNotFound). The operation will be retried in 39.791 seconds.
[2026-08-16 22:51:40Z WARN GitHubActionsService] Retrieving an AAD auth token took a long time (100.0020444 seconds)
[2026-08-16 22:51:40Z WARN GitHubActionsService] GET request to https://broker.actions.githubusercontent.com/message?sessionId=cfc40dcc-4a56-4fa4-8bc2-767410e8c931&status=Online&runnerVersion=2.336.0&os=Windows&architecture=X64&disableUpdate=false timed out after 100 seconds.
[2026-08-16 22:51:40Z ERR  BrokerServer] Catch exception during request
[2026-08-16 22:51:40Z ERR  BrokerServer] System.TimeoutException: The HTTP request timed out after 00:01:40.
 ---> System.Threading.Tasks.TaskCanceledException: The request was canceled due to the configured HttpClient.Timeout of 100 seconds elapsing.
 ---> System.TimeoutException: A task was canceled.
 ---> System.Threading.Tasks.TaskCanceledException: A task was canceled.
   at GitHub.Services.Common.VssHttpRetryMessageHandler.SendAsync(HttpRequestMessage request, CancellationToken cancellationToken)
   at System.Net.Http.HttpClient.<SendAsync>g__Core|83_0(HttpRequestMessage request, HttpCompletionOption completionOption, CancellationTokenSource cts, Boolean disposeCts, CancellationTokenSource pendingRequestsCts, CancellationToken originalCancellationToken)
   --- End of inner exception stack trace ---
   --- End of inner exception stack trace ---
   at System.Net.Http.HttpClient.HandleFailure(Exception e, Boolean telemetryStarted, HttpResponseMessage response, CancellationTokenSource cts, CancellationToken cancellationToken, CancellationTokenSource pendingRequestsCts)
   at System.Net.Http.HttpClient.<SendAsync>g__Core|83_0(HttpRequestMessage request, HttpCompletionOption completionOption, CancellationTokenSource cts, Boolean disposeCts, CancellationTokenSource pendingRequestsCts, CancellationToken originalCancellationToken)
   at GitHub.Services.OAuth.VssOAuthTokenHttpClient.GetTokenAsync(VssOAuthGrant grant, VssOAuthClientCredential credential, VssOAuthTokenParameters tokenParameters, CancellationToken cancellationToken)
   at GitHub.Services.OAuth.VssOAuthTokenProvider.OnGetTokenAsync(IssuedToken failedToken, CancellationToken cancellationToken)
   at GitHub.Services.Common.IssuedTokenProvider.GetTokenOperation.GetTokenAsync(VssTraceActivity traceActivity)
   at GitHub.Services.Common.IssuedTokenProvider.GetTokenAsync(IssuedToken failedToken, CancellationToken cancellationToken)
   at GitHub.Services.Common.RawHttpMessageHandler.SendAsync(HttpRequestMessage request, CancellationToken cancellationToken)
   --- End of inner exception stack trace ---
   at GitHub.Services.Common.RawHttpMessageHandler.SendAsync(HttpRequestMessage request, CancellationToken cancellationToken)
   at GitHub.Services.Common.VssHttpRetryMessageHandler.SendAsync(HttpRequestMessage request, CancellationToken cancellationToken)
   at System.Net.Http.HttpClient.<SendAsync>g__Core|83_0(HttpRequestMessage request, HttpCompletionOption completionOption, CancellationTokenSource cts, Boolean disposeCts, CancellationTokenSource pendingRequestsCts, CancellationToken originalCancellationToken)
   at Sdk.WebApi.WebApi.RawHttpClientBase.SendAsync(HttpRequestMessage message, HttpCompletionOption completionOption, Object userState, CancellationToken cancellationToken)
   at Sdk.WebApi.WebApi.RawHttpClientBase.SendAsync[T](HttpRequestMessage message, Boolean readErrorBody, Object userState, CancellationToken cancellationToken)
   at Sdk.WebApi.WebApi.RawHttpClientBase.SendAsync[T](HttpMethod method, IEnumerable`1 additionalHeaders, Uri requestUri, HttpContent content, IEnumerable`1 queryParameters, Boolean readErrorBody, Object userState, CancellationToken cancellationToken)
   at GitHub.Actions.RunService.WebApi.BrokerHttpClient.GetRunnerMessageAsync(Nullable`1 sessionId, String runnerVersion, Nullable`1 status, String os, String architecture, Nullable`1 disableUpdate, CancellationToken cancellationToken)
   at GitHub.Runner.Common.BrokerServer.<>c__DisplayClass7_0.<<GetRunnerMessageAsync>b__0>d.MoveNext()
--- End of stack trace from previous location ---
   at GitHub.Runner.Common.RunnerService.RetryRequest[T](Func`1 func, CancellationToken cancellationToken, Int32 maxAttempts, Func`2 shouldRetry)
[2026-08-16 22:51:40Z ERR  BrokerServer] #####################################################
[2026-08-16 22:51:40Z ERR  BrokerServer] System.Threading.Tasks.TaskCanceledException: The request was canceled due to the configured HttpClient.Timeout of 100 seconds elapsing.
 ---> System.TimeoutException: A task was canceled.
 ---> System.Threading.Tasks.TaskCanceledException: A task was canceled.
   at GitHub.Services.Common.VssHttpRetryMessageHandler.SendAsync(HttpRequestMessage request, CancellationToken cancellationToken)
   at System.Net.Http.HttpClient.<SendAsync>g__Core|83_0(HttpRequestMessage request, HttpCompletionOption completionOption, CancellationTokenSource cts, Boolean disposeCts, CancellationTokenSource pendingRequestsCts, CancellationToken originalCancellationToken)
   --- End of inner exception stack trace ---
   --- End of inner exception stack trace ---
   at System.Net.Http.HttpClient.HandleFailure(Exception e, Boolean telemetryStarted, HttpResponseMessage response, CancellationTokenSource cts, CancellationToken cancellationToken, CancellationTokenSource pendingRequestsCts)
   at System.Net.Http.HttpClient.<SendAsync>g__Core|83_0(HttpRequestMessage request, HttpCompletionOption completionOption, CancellationTokenSource cts, Boolean disposeCts, CancellationTokenSource pendingRequestsCts, CancellationToken originalCancellationToken)
   at GitHub.Services.OAuth.VssOAuthTokenHttpClient.GetTokenAsync(VssOAuthGrant grant, VssOAuthClientCredential credential, VssOAuthTokenParameters tokenParameters, CancellationToken cancellationToken)
   at GitHub.Services.OAuth.VssOAuthTokenProvider.OnGetTokenAsync(IssuedToken failedToken, CancellationToken cancellationToken)
   at GitHub.Services.Common.IssuedTokenProvider.GetTokenOperation.GetTokenAsync(VssTraceActivity traceActivity)
   at GitHub.Services.Common.IssuedTokenProvider.GetTokenAsync(IssuedToken failedToken, CancellationToken cancellationToken)
   at GitHub.Services.Common.RawHttpMessageHandler.SendAsync(HttpRequestMessage request, CancellationToken cancellationToken)
[2026-08-16 22:51:40Z ERR  BrokerServer] #####################################################
[2026-08-16 22:51:40Z ERR  BrokerServer] System.TimeoutException: A task was canceled.
 ---> System.Threading.Tasks.TaskCanceledException: A task was canceled.
   at GitHub.Services.Common.VssHttpRetryMessageHandler.SendAsync(HttpRequestMessage request, CancellationToken cancellationToken)
   at System.Net.Http.HttpClient.<SendAsync>g__Core|83_0(HttpRequestMessage request, HttpCompletionOption completionOption, CancellationTokenSource cts, Boolean disposeCts, CancellationTokenSource pendingRequestsCts, CancellationToken originalCancellationToken)
   --- End of inner exception stack trace ---
[2026-08-16 22:51:40Z ERR  BrokerServer] #####################################################
[2026-08-16 22:51:40Z ERR  BrokerServer] System.Threading.Tasks.TaskCanceledException: A task was canceled.
   at GitHub.Services.Common.VssHttpRetryMessageHandler.SendAsync(HttpRequestMessage request, CancellationToken cancellationToken)
   at System.Net.Http.HttpClient.<SendAsync>g__Core|83_0(HttpRequestMessage request, HttpCompletionOption completionOption, CancellationTokenSource cts, Boolean disposeCts, CancellationTokenSource pendingRequestsCts, CancellationToken originalCancellationToken)
[2026-08-16 22:51:40Z WARN BrokerServer] Back off 7.611 seconds before next retry. 3 attempt left.
[2026-08-16 22:51:47Z INFO RSAEncryptedFileKeyManager] Loading RSA key parameters from file C:\Users\sheet\OneDrive\Desktop\Devops\DEVOPS INSIDER\GIT practice\b18_G79Sheetal\actions-runner\.credentials_rsaparams
[2026-08-16 22:51:47Z WARN GitHubActionsService] Attempt 1 of POST request to https://tokenghub.actions.githubusercontent.com/_apis/oauth2/token/5e5ea7c5-1e9e-4f1b-832f-821fc36fd13e failed (Socket Error: HostNotFound). The operation will be retried in 10.86 seconds.
[2026-08-16 22:51:58Z WARN GitHubActionsService] Attempt 2 of POST request to https://tokenghub.actions.githubusercontent.com/_apis/oauth2/token/5e5ea7c5-1e9e-4f1b-832f-821fc36fd13e failed (Socket Error: HostNotFound). The operation will be retried in 12.793 seconds.
[2026-08-16 22:52:11Z WARN GitHubActionsService] Attempt 3 of POST request to https://tokenghub.actions.githubusercontent.com/_apis/oauth2/token/5e5ea7c5-1e9e-4f1b-832f-821fc36fd13e failed (Socket Error: HostNotFound). The operation will be retried in 18.386 seconds.
[2026-08-16 22:52:29Z WARN GitHubActionsService] Attempt 4 of POST request to https://tokenghub.actions.githubusercontent.com/_apis/oauth2/token/5e5ea7c5-1e9e-4f1b-832f-821fc36fd13e failed (Socket Error: HostNotFound). The operation will be retried in 25.225 seconds.
[2026-08-16 22:52:55Z WARN GitHubActionsService] Attempt 5 of POST request to https://tokenghub.actions.githubusercontent.com/_apis/oauth2/token/5e5ea7c5-1e9e-4f1b-832f-821fc36fd13e failed (Socket Error: HostNotFound). The operation will be retried in 41.775 seconds.
[2026-08-16 22:53:27Z WARN GitHubActionsService] Retrieving an AAD auth token took a long time (100.0120845 seconds)
[2026-08-16 22:53:27Z WARN GitHubActionsService] GET request to https://broker.actions.githubusercontent.com/message?sessionId=cfc40dcc-4a56-4fa4-8bc2-767410e8c931&status=Online&runnerVersion=2.336.0&os=Windows&architecture=X64&disableUpdate=false timed out after 100 seconds.
[2026-08-16 22:53:27Z ERR  BrokerServer] Catch exception during request
[2026-08-16 22:53:27Z ERR  BrokerServer] System.TimeoutException: The HTTP request timed out after 00:01:40.
 ---> System.Threading.Tasks.TaskCanceledException: A task was canceled.
 ---> System.Threading.Tasks.TaskCanceledException: A task was canceled.
   at GitHub.Services.Common.VssHttpRetryMessageHandler.SendAsync(HttpRequestMessage request, CancellationToken cancellationToken)
   at System.Net.Http.HttpClient.<SendAsync>g__Core|83_0(HttpRequestMessage request, HttpCompletionOption completionOption, CancellationTokenSource cts, Boolean disposeCts, CancellationTokenSource pendingRequestsCts, CancellationToken originalCancellationToken)
   --- End of inner exception stack trace ---
   at System.Net.Http.HttpClient.HandleFailure(Exception e, Boolean telemetryStarted, HttpResponseMessage response, CancellationTokenSource cts, CancellationToken cancellationToken, CancellationTokenSource pendingRequestsCts)
   at System.Net.Http.HttpClient.<SendAsync>g__Core|83_0(HttpRequestMessage request, HttpCompletionOption completionOption, CancellationTokenSource cts, Boolean disposeCts, CancellationTokenSource pendingRequestsCts, CancellationToken originalCancellationToken)
   at GitHub.Services.OAuth.VssOAuthTokenHttpClient.GetTokenAsync(VssOAuthGrant grant, VssOAuthClientCredential credential, VssOAuthTokenParameters tokenParameters, CancellationToken cancellationToken)
   at GitHub.Services.OAuth.VssOAuthTokenProvider.OnGetTokenAsync(IssuedToken failedToken, CancellationToken cancellationToken)
   at GitHub.Services.Common.IssuedTokenProvider.GetTokenOperation.GetTokenAsync(VssTraceActivity traceActivity)
   at GitHub.Services.Common.IssuedTokenProvider.GetTokenAsync(IssuedToken failedToken, CancellationToken cancellationToken)
   at GitHub.Services.Common.RawHttpMessageHandler.SendAsync(HttpRequestMessage request, CancellationToken cancellationToken)
   --- End of inner exception stack trace ---
   at GitHub.Services.Common.RawHttpMessageHandler.SendAsync(HttpRequestMessage request, CancellationToken cancellationToken)
   at GitHub.Services.Common.VssHttpRetryMessageHandler.SendAsync(HttpRequestMessage request, CancellationToken cancellationToken)
   at System.Net.Http.HttpClient.<SendAsync>g__Core|83_0(HttpRequestMessage request, HttpCompletionOption completionOption, CancellationTokenSource cts, Boolean disposeCts, CancellationTokenSource pendingRequestsCts, CancellationToken originalCancellationToken)
   at Sdk.WebApi.WebApi.RawHttpClientBase.SendAsync(HttpRequestMessage message, HttpCompletionOption completionOption, Object userState, CancellationToken cancellationToken)
   at Sdk.WebApi.WebApi.RawHttpClientBase.SendAsync[T](HttpRequestMessage message, Boolean readErrorBody, Object userState, CancellationToken cancellationToken)
   at Sdk.WebApi.WebApi.RawHttpClientBase.SendAsync[T](HttpMethod method, IEnumerable`1 additionalHeaders, Uri requestUri, HttpContent content, IEnumerable`1 queryParameters, Boolean readErrorBody, Object userState, CancellationToken cancellationToken)
   at GitHub.Actions.RunService.WebApi.BrokerHttpClient.GetRunnerMessageAsync(Nullable`1 sessionId, String runnerVersion, Nullable`1 status, String os, String architecture, Nullable`1 disableUpdate, CancellationToken cancellationToken)
   at GitHub.Runner.Common.BrokerServer.<>c__DisplayClass7_0.<<GetRunnerMessageAsync>b__0>d.MoveNext()
--- End of stack trace from previous location ---
   at GitHub.Runner.Common.RunnerService.RetryRequest[T](Func`1 func, CancellationToken cancellationToken, Int32 maxAttempts, Func`2 shouldRetry)
[2026-08-16 22:53:27Z ERR  BrokerServer] #####################################################
[2026-08-16 22:53:27Z ERR  BrokerServer] System.Threading.Tasks.TaskCanceledException: A task was canceled.
 ---> System.Threading.Tasks.TaskCanceledException: A task was canceled.
   at GitHub.Services.Common.VssHttpRetryMessageHandler.SendAsync(HttpRequestMessage request, CancellationToken cancellationToken)
   at System.Net.Http.HttpClient.<SendAsync>g__Core|83_0(HttpRequestMessage request, HttpCompletionOption completionOption, CancellationTokenSource cts, Boolean disposeCts, CancellationTokenSource pendingRequestsCts, CancellationToken originalCancellationToken)
   --- End of inner exception stack trace ---
   at System.Net.Http.HttpClient.HandleFailure(Exception e, Boolean telemetryStarted, HttpResponseMessage response, CancellationTokenSource cts, CancellationToken cancellationToken, CancellationTokenSource pendingRequestsCts)
   at System.Net.Http.HttpClient.<SendAsync>g__Core|83_0(HttpRequestMessage request, HttpCompletionOption completionOption, CancellationTokenSource cts, Boolean disposeCts, CancellationTokenSource pendingRequestsCts, CancellationToken originalCancellationToken)
   at GitHub.Services.OAuth.VssOAuthTokenHttpClient.GetTokenAsync(VssOAuthGrant grant, VssOAuthClientCredential credential, VssOAuthTokenParameters tokenParameters, CancellationToken cancellationToken)
   at GitHub.Services.OAuth.VssOAuthTokenProvider.OnGetTokenAsync(IssuedToken failedToken, CancellationToken cancellationToken)
   at GitHub.Services.Common.IssuedTokenProvider.GetTokenOperation.GetTokenAsync(VssTraceActivity traceActivity)
   at GitHub.Services.Common.IssuedTokenProvider.GetTokenAsync(IssuedToken failedToken, CancellationToken cancellationToken)
   at GitHub.Services.Common.RawHttpMessageHandler.SendAsync(HttpRequestMessage request, CancellationToken cancellationToken)
[2026-08-16 22:53:27Z ERR  BrokerServer] #####################################################
[2026-08-16 22:53:27Z ERR  BrokerServer] System.Threading.Tasks.TaskCanceledException: A task was canceled.
   at GitHub.Services.Common.VssHttpRetryMessageHandler.SendAsync(HttpRequestMessage request, CancellationToken cancellationToken)
   at System.Net.Http.HttpClient.<SendAsync>g__Core|83_0(HttpRequestMessage request, HttpCompletionOption completionOption, CancellationTokenSource cts, Boolean disposeCts, CancellationTokenSource pendingRequestsCts, CancellationToken originalCancellationToken)
[2026-08-16 22:53:27Z WARN BrokerServer] Back off 6.831 seconds before next retry. 2 attempt left.
[2026-08-16 22:53:34Z INFO RSAEncryptedFileKeyManager] Loading RSA key parameters from file C:\Users\sheet\OneDrive\Desktop\Devops\DEVOPS INSIDER\GIT practice\b18_G79Sheetal\actions-runner\.credentials_rsaparams
[2026-08-16 22:53:34Z WARN GitHubActionsService] Attempt 1 of POST request to https://tokenghub.actions.githubusercontent.com/_apis/oauth2/token/5e5ea7c5-1e9e-4f1b-832f-821fc36fd13e failed (Socket Error: HostNotFound). The operation will be retried in 11.189 seconds.
[2026-08-16 22:53:45Z WARN GitHubActionsService] Attempt 2 of POST request to https://tokenghub.actions.githubusercontent.com/_apis/oauth2/token/5e5ea7c5-1e9e-4f1b-832f-821fc36fd13e failed (Socket Error: HostNotFound). The operation will be retried in 12.883 seconds.
[2026-08-16 22:53:58Z WARN GitHubActionsService] Attempt 3 of POST request to https://tokenghub.actions.githubusercontent.com/_apis/oauth2/token/5e5ea7c5-1e9e-4f1b-832f-821fc36fd13e failed (Socket Error: HostNotFound). The operation will be retried in 16.398 seconds.
[2026-08-16 22:54:15Z WARN GitHubActionsService] Attempt 4 of POST request to https://tokenghub.actions.githubusercontent.com/_apis/oauth2/token/5e5ea7c5-1e9e-4f1b-832f-821fc36fd13e failed (Socket Error: HostNotFound). The operation will be retried in 25.585 seconds.
[2026-08-16 22:54:40Z WARN GitHubActionsService] Attempt 5 of POST request to https://tokenghub.actions.githubusercontent.com/_apis/oauth2/token/5e5ea7c5-1e9e-4f1b-832f-821fc36fd13e failed (Socket Error: HostNotFound). The operation will be retried in 42.581 seconds.
[2026-08-16 22:55:14Z WARN GitHubActionsService] Retrieving an AAD auth token took a long time (100.0017557 seconds)
[2026-08-16 22:55:14Z WARN GitHubActionsService] GET request to https://broker.actions.githubusercontent.com/message?sessionId=cfc40dcc-4a56-4fa4-8bc2-767410e8c931&status=Online&runnerVersion=2.336.0&os=Windows&architecture=X64&disableUpdate=false timed out after 100 seconds.
[2026-08-16 22:55:14Z ERR  BrokerServer] Catch exception during request
[2026-08-16 22:55:14Z ERR  BrokerServer] System.TimeoutException: The HTTP request timed out after 00:01:40.
 ---> System.Threading.Tasks.TaskCanceledException: A task was canceled.
 ---> System.Threading.Tasks.TaskCanceledException: A task was canceled.
   at GitHub.Services.Common.VssHttpRetryMessageHandler.SendAsync(HttpRequestMessage request, CancellationToken cancellationToken)
   at System.Net.Http.HttpClient.<SendAsync>g__Core|83_0(HttpRequestMessage request, HttpCompletionOption completionOption, CancellationTokenSource cts, Boolean disposeCts, CancellationTokenSource pendingRequestsCts, CancellationToken originalCancellationToken)
   --- End of inner exception stack trace ---
   at System.Net.Http.HttpClient.HandleFailure(Exception e, Boolean telemetryStarted, HttpResponseMessage response, CancellationTokenSource cts, CancellationToken cancellationToken, CancellationTokenSource pendingRequestsCts)
   at System.Net.Http.HttpClient.<SendAsync>g__Core|83_0(HttpRequestMessage request, HttpCompletionOption completionOption, CancellationTokenSource cts, Boolean disposeCts, CancellationTokenSource pendingRequestsCts, CancellationToken originalCancellationToken)
   at GitHub.Services.OAuth.VssOAuthTokenHttpClient.GetTokenAsync(VssOAuthGrant grant, VssOAuthClientCredential credential, VssOAuthTokenParameters tokenParameters, CancellationToken cancellationToken)
   at GitHub.Services.OAuth.VssOAuthTokenProvider.OnGetTokenAsync(IssuedToken failedToken, CancellationToken cancellationToken)
   at GitHub.Services.Common.IssuedTokenProvider.GetTokenOperation.GetTokenAsync(VssTraceActivity traceActivity)
   at GitHub.Services.Common.IssuedTokenProvider.GetTokenAsync(IssuedToken failedToken, CancellationToken cancellationToken)
   at GitHub.Services.Common.RawHttpMessageHandler.SendAsync(HttpRequestMessage request, CancellationToken cancellationToken)
   --- End of inner exception stack trace ---
   at GitHub.Services.Common.RawHttpMessageHandler.SendAsync(HttpRequestMessage request, CancellationToken cancellationToken)
   at GitHub.Services.Common.VssHttpRetryMessageHandler.SendAsync(HttpRequestMessage request, CancellationToken cancellationToken)
   at System.Net.Http.HttpClient.<SendAsync>g__Core|83_0(HttpRequestMessage request, HttpCompletionOption completionOption, CancellationTokenSource cts, Boolean disposeCts, CancellationTokenSource pendingRequestsCts, CancellationToken originalCancellationToken)
   at Sdk.WebApi.WebApi.RawHttpClientBase.SendAsync(HttpRequestMessage message, HttpCompletionOption completionOption, Object userState, CancellationToken cancellationToken)
   at Sdk.WebApi.WebApi.RawHttpClientBase.SendAsync[T](HttpRequestMessage message, Boolean readErrorBody, Object userState, CancellationToken cancellationToken)
   at Sdk.WebApi.WebApi.RawHttpClientBase.SendAsync[T](HttpMethod method, IEnumerable`1 additionalHeaders, Uri requestUri, HttpContent content, IEnumerable`1 queryParameters, Boolean readErrorBody, Object userState, CancellationToken cancellationToken)
   at GitHub.Actions.RunService.WebApi.BrokerHttpClient.GetRunnerMessageAsync(Nullable`1 sessionId, String runnerVersion, Nullable`1 status, String os, String architecture, Nullable`1 disableUpdate, CancellationToken cancellationToken)
   at GitHub.Runner.Common.BrokerServer.<>c__DisplayClass7_0.<<GetRunnerMessageAsync>b__0>d.MoveNext()
--- End of stack trace from previous location ---
   at GitHub.Runner.Common.RunnerService.RetryRequest[T](Func`1 func, CancellationToken cancellationToken, Int32 maxAttempts, Func`2 shouldRetry)
[2026-08-16 22:55:14Z ERR  BrokerServer] #####################################################
[2026-08-16 22:55:14Z ERR  BrokerServer] System.Threading.Tasks.TaskCanceledException: A task was canceled.
 ---> System.Threading.Tasks.TaskCanceledException: A task was canceled.
   at GitHub.Services.Common.VssHttpRetryMessageHandler.SendAsync(HttpRequestMessage request, CancellationToken cancellationToken)
   at System.Net.Http.HttpClient.<SendAsync>g__Core|83_0(HttpRequestMessage request, HttpCompletionOption completionOption, CancellationTokenSource cts, Boolean disposeCts, CancellationTokenSource pendingRequestsCts, CancellationToken originalCancellationToken)
   --- End of inner exception stack trace ---
   at System.Net.Http.HttpClient.HandleFailure(Exception e, Boolean telemetryStarted, HttpResponseMessage response, CancellationTokenSource cts, CancellationToken cancellationToken, CancellationTokenSource pendingRequestsCts)
   at System.Net.Http.HttpClient.<SendAsync>g__Core|83_0(HttpRequestMessage request, HttpCompletionOption completionOption, CancellationTokenSource cts, Boolean disposeCts, CancellationTokenSource pendingRequestsCts, CancellationToken originalCancellationToken)
   at GitHub.Services.OAuth.VssOAuthTokenHttpClient.GetTokenAsync(VssOAuthGrant grant, VssOAuthClientCredential credential, VssOAuthTokenParameters tokenParameters, CancellationToken cancellationToken)
   at GitHub.Services.OAuth.VssOAuthTokenProvider.OnGetTokenAsync(IssuedToken failedToken, CancellationToken cancellationToken)
   at GitHub.Services.Common.IssuedTokenProvider.GetTokenOperation.GetTokenAsync(VssTraceActivity traceActivity)
   at GitHub.Services.Common.IssuedTokenProvider.GetTokenAsync(IssuedToken failedToken, CancellationToken cancellationToken)
   at GitHub.Services.Common.RawHttpMessageHandler.SendAsync(HttpRequestMessage request, CancellationToken cancellationToken)
[2026-08-16 22:55:14Z ERR  BrokerServer] #####################################################
[2026-08-16 22:55:14Z ERR  BrokerServer] System.Threading.Tasks.TaskCanceledException: A task was canceled.
   at GitHub.Services.Common.VssHttpRetryMessageHandler.SendAsync(HttpRequestMessage request, CancellationToken cancellationToken)
   at System.Net.Http.HttpClient.<SendAsync>g__Core|83_0(HttpRequestMessage request, HttpCompletionOption completionOption, CancellationTokenSource cts, Boolean disposeCts, CancellationTokenSource pendingRequestsCts, CancellationToken originalCancellationToken)
[2026-08-16 22:55:14Z WARN BrokerServer] Back off 10.605 seconds before next retry. 1 attempt left.
[2026-08-16 22:55:25Z INFO RSAEncryptedFileKeyManager] Loading RSA key parameters from file C:\Users\sheet\OneDrive\Desktop\Devops\DEVOPS INSIDER\GIT practice\b18_G79Sheetal\actions-runner\.credentials_rsaparams
[2026-08-16 22:55:25Z WARN GitHubActionsService] Attempt 1 of POST request to https://tokenghub.actions.githubusercontent.com/_apis/oauth2/token/5e5ea7c5-1e9e-4f1b-832f-821fc36fd13e failed (Socket Error: HostNotFound). The operation will be retried in 10.847 seconds.
[2026-08-16 22:55:36Z WARN GitHubActionsService] Attempt 2 of POST request to https://tokenghub.actions.githubusercontent.com/_apis/oauth2/token/5e5ea7c5-1e9e-4f1b-832f-821fc36fd13e failed (Socket Error: HostNotFound). The operation will be retried in 13.429 seconds.
[2026-08-16 22:55:49Z WARN GitHubActionsService] Attempt 3 of POST request to https://tokenghub.actions.githubusercontent.com/_apis/oauth2/token/5e5ea7c5-1e9e-4f1b-832f-821fc36fd13e failed (Socket Error: HostNotFound). The operation will be retried in 16.489 seconds.
[2026-08-16 22:56:06Z WARN GitHubActionsService] Attempt 4 of POST request to https://tokenghub.actions.githubusercontent.com/_apis/oauth2/token/5e5ea7c5-1e9e-4f1b-832f-821fc36fd13e failed (Socket Error: HostNotFound). The operation will be retried in 22.27 seconds.
[2026-08-16 22:56:28Z WARN GitHubActionsService] Attempt 5 of POST request to https://tokenghub.actions.githubusercontent.com/_apis/oauth2/token/5e5ea7c5-1e9e-4f1b-832f-821fc36fd13e failed (Socket Error: HostNotFound). The operation will be retried in 40.07 seconds.
[2026-08-16 22:57:05Z WARN GitHubActionsService] Retrieving an AAD auth token took a long time (100.0026728 seconds)
[2026-08-16 22:57:05Z WARN GitHubActionsService] GET request to https://broker.actions.githubusercontent.com/message?sessionId=cfc40dcc-4a56-4fa4-8bc2-767410e8c931&status=Online&runnerVersion=2.336.0&os=Windows&architecture=X64&disableUpdate=false timed out after 100 seconds.
[2026-08-16 22:57:05Z ERR  BrokerMessageListener] Catch exception during get next message.
[2026-08-16 22:57:05Z ERR  BrokerMessageListener] System.TimeoutException: The HTTP request timed out after 00:01:40.
 ---> System.Threading.Tasks.TaskCanceledException: A task was canceled.
 ---> System.Threading.Tasks.TaskCanceledException: A task was canceled.
   at GitHub.Services.Common.VssHttpRetryMessageHandler.SendAsync(HttpRequestMessage request, CancellationToken cancellationToken)
   at System.Net.Http.HttpClient.<SendAsync>g__Core|83_0(HttpRequestMessage request, HttpCompletionOption completionOption, CancellationTokenSource cts, Boolean disposeCts, CancellationTokenSource pendingRequestsCts, CancellationToken originalCancellationToken)
   --- End of inner exception stack trace ---
   at System.Net.Http.HttpClient.HandleFailure(Exception e, Boolean telemetryStarted, HttpResponseMessage response, CancellationTokenSource cts, CancellationToken cancellationToken, CancellationTokenSource pendingRequestsCts)
   at System.Net.Http.HttpClient.<SendAsync>g__Core|83_0(HttpRequestMessage request, HttpCompletionOption completionOption, CancellationTokenSource cts, Boolean disposeCts, CancellationTokenSource pendingRequestsCts, CancellationToken originalCancellationToken)
   at GitHub.Services.OAuth.VssOAuthTokenHttpClient.GetTokenAsync(VssOAuthGrant grant, VssOAuthClientCredential credential, VssOAuthTokenParameters tokenParameters, CancellationToken cancellationToken)
   at GitHub.Services.OAuth.VssOAuthTokenProvider.OnGetTokenAsync(IssuedToken failedToken, CancellationToken cancellationToken)
   at GitHub.Services.Common.IssuedTokenProvider.GetTokenOperation.GetTokenAsync(VssTraceActivity traceActivity)
   at GitHub.Services.Common.IssuedTokenProvider.GetTokenAsync(IssuedToken failedToken, CancellationToken cancellationToken)
   at GitHub.Services.Common.RawHttpMessageHandler.SendAsync(HttpRequestMessage request, CancellationToken cancellationToken)
   --- End of inner exception stack trace ---
   at GitHub.Services.Common.RawHttpMessageHandler.SendAsync(HttpRequestMessage request, CancellationToken cancellationToken)
   at GitHub.Services.Common.VssHttpRetryMessageHandler.SendAsync(HttpRequestMessage request, CancellationToken cancellationToken)
   at System.Net.Http.HttpClient.<SendAsync>g__Core|83_0(HttpRequestMessage request, HttpCompletionOption completionOption, CancellationTokenSource cts, Boolean disposeCts, CancellationTokenSource pendingRequestsCts, CancellationToken originalCancellationToken)
   at Sdk.WebApi.WebApi.RawHttpClientBase.SendAsync(HttpRequestMessage message, HttpCompletionOption completionOption, Object userState, CancellationToken cancellationToken)
   at Sdk.WebApi.WebApi.RawHttpClientBase.SendAsync[T](HttpRequestMessage message, Boolean readErrorBody, Object userState, CancellationToken cancellationToken)
   at Sdk.WebApi.WebApi.RawHttpClientBase.SendAsync[T](HttpMethod method, IEnumerable`1 additionalHeaders, Uri requestUri, HttpContent content, IEnumerable`1 queryParameters, Boolean readErrorBody, Object userState, CancellationToken cancellationToken)
   at GitHub.Actions.RunService.WebApi.BrokerHttpClient.GetRunnerMessageAsync(Nullable`1 sessionId, String runnerVersion, Nullable`1 status, String os, String architecture, Nullable`1 disableUpdate, CancellationToken cancellationToken)
   at GitHub.Runner.Common.BrokerServer.<>c__DisplayClass7_0.<<GetRunnerMessageAsync>b__0>d.MoveNext()
--- End of stack trace from previous location ---
   at GitHub.Runner.Common.RunnerService.RetryRequest[T](Func`1 func, CancellationToken cancellationToken, Int32 maxAttempts, Func`2 shouldRetry)
   at GitHub.Runner.Listener.BrokerMessageListener.GetNextMessageAsync(CancellationToken token)
[2026-08-16 22:57:05Z ERR  BrokerMessageListener] #####################################################
[2026-08-16 22:57:05Z ERR  BrokerMessageListener] System.Threading.Tasks.TaskCanceledException: A task was canceled.
 ---> System.Threading.Tasks.TaskCanceledException: A task was canceled.
   at GitHub.Services.Common.VssHttpRetryMessageHandler.SendAsync(HttpRequestMessage request, CancellationToken cancellationToken)
   at System.Net.Http.HttpClient.<SendAsync>g__Core|83_0(HttpRequestMessage request, HttpCompletionOption completionOption, CancellationTokenSource cts, Boolean disposeCts, CancellationTokenSource pendingRequestsCts, CancellationToken originalCancellationToken)
   --- End of inner exception stack trace ---
   at System.Net.Http.HttpClient.HandleFailure(Exception e, Boolean telemetryStarted, HttpResponseMessage response, CancellationTokenSource cts, CancellationToken cancellationToken, CancellationTokenSource pendingRequestsCts)
   at System.Net.Http.HttpClient.<SendAsync>g__Core|83_0(HttpRequestMessage request, HttpCompletionOption completionOption, CancellationTokenSource cts, Boolean disposeCts, CancellationTokenSource pendingRequestsCts, CancellationToken originalCancellationToken)
   at GitHub.Services.OAuth.VssOAuthTokenHttpClient.GetTokenAsync(VssOAuthGrant grant, VssOAuthClientCredential credential, VssOAuthTokenParameters tokenParameters, CancellationToken cancellationToken)
   at GitHub.Services.OAuth.VssOAuthTokenProvider.OnGetTokenAsync(IssuedToken failedToken, CancellationToken cancellationToken)
   at GitHub.Services.Common.IssuedTokenProvider.GetTokenOperation.GetTokenAsync(VssTraceActivity traceActivity)
   at GitHub.Services.Common.IssuedTokenProvider.GetTokenAsync(IssuedToken failedToken, CancellationToken cancellationToken)
   at GitHub.Services.Common.RawHttpMessageHandler.SendAsync(HttpRequestMessage request, CancellationToken cancellationToken)
[2026-08-16 22:57:05Z ERR  BrokerMessageListener] #####################################################
[2026-08-16 22:57:05Z ERR  BrokerMessageListener] System.Threading.Tasks.TaskCanceledException: A task was canceled.
   at GitHub.Services.Common.VssHttpRetryMessageHandler.SendAsync(HttpRequestMessage request, CancellationToken cancellationToken)
   at System.Net.Http.HttpClient.<SendAsync>g__Core|83_0(HttpRequestMessage request, HttpCompletionOption completionOption, CancellationTokenSource cts, Boolean disposeCts, CancellationTokenSource pendingRequestsCts, CancellationToken originalCancellationToken)
[2026-08-16 22:57:05Z INFO BrokerMessageListener] Retriable exception: The HTTP request timed out after 00:01:40.
[2026-08-16 22:57:05Z INFO BrokerMessageListener] Reload credentials.
[2026-08-16 22:57:05Z INFO ConfigurationStore] HasCredentials()
[2026-08-16 22:57:05Z INFO ConfigurationStore] stored True
[2026-08-16 22:57:05Z INFO CredentialManager] GetCredentialProvider
[2026-08-16 22:57:05Z INFO CredentialManager] Creating type OAuth
[2026-08-16 22:57:05Z INFO CredentialManager] Creating credential type: OAuth
[2026-08-16 22:57:05Z INFO RSAEncryptedFileKeyManager] Loading RSA key parameters from file C:\Users\sheet\OneDrive\Desktop\Devops\DEVOPS INSIDER\GIT practice\b18_G79Sheetal\actions-runner\.credentials_rsaparams
[2026-08-16 22:57:05Z INFO BrokerMessageListener] Connection to Broker Server recreated.
[2026-08-16 22:57:05Z INFO BrokerMessageListener] Sleeping for 41.288 seconds before retrying.
[2026-08-16 22:57:46Z INFO RSAEncryptedFileKeyManager] Loading RSA key parameters from file C:\Users\sheet\OneDrive\Desktop\Devops\DEVOPS INSIDER\GIT practice\b18_G79Sheetal\actions-runner\.credentials_rsaparams
[2026-08-16 22:57:46Z INFO RSAEncryptedFileKeyManager] Loading RSA key parameters from file C:\Users\sheet\OneDrive\Desktop\Devops\DEVOPS INSIDER\GIT practice\b18_G79Sheetal\actions-runner\.credentials_rsaparams
[2026-08-16 22:57:46Z WARN GitHubActionsService] Attempt 1 of POST request to https://tokenghub.actions.githubusercontent.com/_apis/oauth2/token/5e5ea7c5-1e9e-4f1b-832f-821fc36fd13e failed (Socket Error: HostNotFound). The operation will be retried in 11.148 seconds.
[2026-08-16 22:57:57Z WARN GitHubActionsService] Attempt 2 of POST request to https://tokenghub.actions.githubusercontent.com/_apis/oauth2/token/5e5ea7c5-1e9e-4f1b-832f-821fc36fd13e failed (Socket Error: HostNotFound). The operation will be retried in 13.195 seconds.
[2026-08-16 22:58:11Z WARN GitHubActionsService] Attempt 3 of POST request to https://tokenghub.actions.githubusercontent.com/_apis/oauth2/token/5e5ea7c5-1e9e-4f1b-832f-821fc36fd13e failed (Socket Error: HostNotFound). The operation will be retried in 16.741 seconds.
[2026-08-16 22:58:27Z WARN GitHubActionsService] Attempt 4 of POST request to https://tokenghub.actions.githubusercontent.com/_apis/oauth2/token/5e5ea7c5-1e9e-4f1b-832f-821fc36fd13e failed (Socket Error: HostNotFound). The operation will be retried in 26.89 seconds.
[2026-08-16 22:58:54Z WARN GitHubActionsService] Attempt 5 of POST request to https://tokenghub.actions.githubusercontent.com/_apis/oauth2/token/5e5ea7c5-1e9e-4f1b-832f-821fc36fd13e failed (Socket Error: HostNotFound). The operation will be retried in 46.828 seconds.
[2026-08-16 22:59:26Z WARN GitHubActionsService] Retrieving an AAD auth token took a long time (100.0045412 seconds)
[2026-08-16 22:59:26Z WARN GitHubActionsService] GET request to https://broker.actions.githubusercontent.com/message?sessionId=cfc40dcc-4a56-4fa4-8bc2-767410e8c931&status=Online&runnerVersion=2.336.0&os=Windows&architecture=X64&disableUpdate=false timed out after 100 seconds.
[2026-08-16 22:59:26Z ERR  BrokerServer] Catch exception during request
[2026-08-16 22:59:26Z ERR  BrokerServer] System.TimeoutException: The HTTP request timed out after 00:01:40.
 ---> System.Threading.Tasks.TaskCanceledException: The request was canceled due to the configured HttpClient.Timeout of 100 seconds elapsing.
 ---> System.TimeoutException: A task was canceled.
 ---> System.Threading.Tasks.TaskCanceledException: A task was canceled.
   at GitHub.Services.Common.VssHttpRetryMessageHandler.SendAsync(HttpRequestMessage request, CancellationToken cancellationToken)
   at System.Net.Http.HttpClient.<SendAsync>g__Core|83_0(HttpRequestMessage request, HttpCompletionOption completionOption, CancellationTokenSource cts, Boolean disposeCts, CancellationTokenSource pendingRequestsCts, CancellationToken originalCancellationToken)
   --- End of inner exception stack trace ---
   --- End of inner exception stack trace ---
   at System.Net.Http.HttpClient.HandleFailure(Exception e, Boolean telemetryStarted, HttpResponseMessage response, CancellationTokenSource cts, CancellationToken cancellationToken, CancellationTokenSource pendingRequestsCts)
   at System.Net.Http.HttpClient.<SendAsync>g__Core|83_0(HttpRequestMessage request, HttpCompletionOption completionOption, CancellationTokenSource cts, Boolean disposeCts, CancellationTokenSource pendingRequestsCts, CancellationToken originalCancellationToken)
   at GitHub.Services.OAuth.VssOAuthTokenHttpClient.GetTokenAsync(VssOAuthGrant grant, VssOAuthClientCredential credential, VssOAuthTokenParameters tokenParameters, CancellationToken cancellationToken)
   at GitHub.Services.OAuth.VssOAuthTokenProvider.OnGetTokenAsync(IssuedToken failedToken, CancellationToken cancellationToken)
   at GitHub.Services.Common.IssuedTokenProvider.GetTokenOperation.GetTokenAsync(VssTraceActivity traceActivity)
   at GitHub.Services.Common.IssuedTokenProvider.GetTokenAsync(IssuedToken failedToken, CancellationToken cancellationToken)
   at GitHub.Services.Common.RawHttpMessageHandler.SendAsync(HttpRequestMessage request, CancellationToken cancellationToken)
   --- End of inner exception stack trace ---
   at GitHub.Services.Common.RawHttpMessageHandler.SendAsync(HttpRequestMessage request, CancellationToken cancellationToken)
   at GitHub.Services.Common.VssHttpRetryMessageHandler.SendAsync(HttpRequestMessage request, CancellationToken cancellationToken)
   at System.Net.Http.HttpClient.<SendAsync>g__Core|83_0(HttpRequestMessage request, HttpCompletionOption completionOption, CancellationTokenSource cts, Boolean disposeCts, CancellationTokenSource pendingRequestsCts, CancellationToken originalCancellationToken)
   at Sdk.WebApi.WebApi.RawHttpClientBase.SendAsync(HttpRequestMessage message, HttpCompletionOption completionOption, Object userState, CancellationToken cancellationToken)
   at Sdk.WebApi.WebApi.RawHttpClientBase.SendAsync[T](HttpRequestMessage message, Boolean readErrorBody, Object userState, CancellationToken cancellationToken)
   at Sdk.WebApi.WebApi.RawHttpClientBase.SendAsync[T](HttpMethod method, IEnumerable`1 additionalHeaders, Uri requestUri, HttpContent content, IEnumerable`1 queryParameters, Boolean readErrorBody, Object userState, CancellationToken cancellationToken)
   at GitHub.Actions.RunService.WebApi.BrokerHttpClient.GetRunnerMessageAsync(Nullable`1 sessionId, String runnerVersion, Nullable`1 status, String os, String architecture, Nullable`1 disableUpdate, CancellationToken cancellationToken)
   at GitHub.Runner.Common.BrokerServer.<>c__DisplayClass7_0.<<GetRunnerMessageAsync>b__0>d.MoveNext()
--- End of stack trace from previous location ---
   at GitHub.Runner.Common.RunnerService.RetryRequest[T](Func`1 func, CancellationToken cancellationToken, Int32 maxAttempts, Func`2 shouldRetry)
[2026-08-16 22:59:26Z ERR  BrokerServer] #####################################################
[2026-08-16 22:59:26Z ERR  BrokerServer] System.Threading.Tasks.TaskCanceledException: The request was canceled due to the configured HttpClient.Timeout of 100 seconds elapsing.
 ---> System.TimeoutException: A task was canceled.
 ---> System.Threading.Tasks.TaskCanceledException: A task was canceled.
   at GitHub.Services.Common.VssHttpRetryMessageHandler.SendAsync(HttpRequestMessage request, CancellationToken cancellationToken)
   at System.Net.Http.HttpClient.<SendAsync>g__Core|83_0(HttpRequestMessage request, HttpCompletionOption completionOption, CancellationTokenSource cts, Boolean disposeCts, CancellationTokenSource pendingRequestsCts, CancellationToken originalCancellationToken)
   --- End of inner exception stack trace ---
   --- End of inner exception stack trace ---
   at System.Net.Http.HttpClient.HandleFailure(Exception e, Boolean telemetryStarted, HttpResponseMessage response, CancellationTokenSource cts, CancellationToken cancellationToken, CancellationTokenSource pendingRequestsCts)
   at System.Net.Http.HttpClient.<SendAsync>g__Core|83_0(HttpRequestMessage request, HttpCompletionOption completionOption, CancellationTokenSource cts, Boolean disposeCts, CancellationTokenSource pendingRequestsCts, CancellationToken originalCancellationToken)
   at GitHub.Services.OAuth.VssOAuthTokenHttpClient.GetTokenAsync(VssOAuthGrant grant, VssOAuthClientCredential credential, VssOAuthTokenParameters tokenParameters, CancellationToken cancellationToken)
   at GitHub.Services.OAuth.VssOAuthTokenProvider.OnGetTokenAsync(IssuedToken failedToken, CancellationToken cancellationToken)
   at GitHub.Services.Common.IssuedTokenProvider.GetTokenOperation.GetTokenAsync(VssTraceActivity traceActivity)
   at GitHub.Services.Common.IssuedTokenProvider.GetTokenAsync(IssuedToken failedToken, CancellationToken cancellationToken)
   at GitHub.Services.Common.RawHttpMessageHandler.SendAsync(HttpRequestMessage request, CancellationToken cancellationToken)
[2026-08-16 22:59:26Z ERR  BrokerServer] #####################################################
[2026-08-16 22:59:26Z ERR  BrokerServer] System.TimeoutException: A task was canceled.
 ---> System.Threading.Tasks.TaskCanceledException: A task was canceled.
   at GitHub.Services.Common.VssHttpRetryMessageHandler.SendAsync(HttpRequestMessage request, CancellationToken cancellationToken)
   at System.Net.Http.HttpClient.<SendAsync>g__Core|83_0(HttpRequestMessage request, HttpCompletionOption completionOption, CancellationTokenSource cts, Boolean disposeCts, CancellationTokenSource pendingRequestsCts, CancellationToken originalCancellationToken)
   --- End of inner exception stack trace ---
[2026-08-16 22:59:26Z ERR  BrokerServer] #####################################################
[2026-08-16 22:59:26Z ERR  BrokerServer] System.Threading.Tasks.TaskCanceledException: A task was canceled.
   at GitHub.Services.Common.VssHttpRetryMessageHandler.SendAsync(HttpRequestMessage request, CancellationToken cancellationToken)
   at System.Net.Http.HttpClient.<SendAsync>g__Core|83_0(HttpRequestMessage request, HttpCompletionOption completionOption, CancellationTokenSource cts, Boolean disposeCts, CancellationTokenSource pendingRequestsCts, CancellationToken originalCancellationToken)
[2026-08-16 22:59:26Z WARN BrokerServer] Back off 9.805 seconds before next retry. 4 attempt left.
[2026-08-16 22:59:36Z INFO RSAEncryptedFileKeyManager] Loading RSA key parameters from file C:\Users\sheet\OneDrive\Desktop\Devops\DEVOPS INSIDER\GIT practice\b18_G79Sheetal\actions-runner\.credentials_rsaparams
[2026-08-16 22:59:36Z WARN GitHubActionsService] Attempt 1 of POST request to https://tokenghub.actions.githubusercontent.com/_apis/oauth2/token/5e5ea7c5-1e9e-4f1b-832f-821fc36fd13e failed (Socket Error: HostNotFound). The operation will be retried in 10.844 seconds.
[2026-08-16 22:59:47Z WARN GitHubActionsService] Attempt 2 of POST request to https://tokenghub.actions.githubusercontent.com/_apis/oauth2/token/5e5ea7c5-1e9e-4f1b-832f-821fc36fd13e failed (Socket Error: HostNotFound). The operation will be retried in 12.934 seconds.
[2026-08-16 23:00:00Z WARN GitHubActionsService] Attempt 3 of POST request to https://tokenghub.actions.githubusercontent.com/_apis/oauth2/token/5e5ea7c5-1e9e-4f1b-832f-821fc36fd13e failed (Socket Error: HostNotFound). The operation will be retried in 17.147 seconds.
[2026-08-16 23:00:17Z WARN GitHubActionsService] Attempt 4 of POST request to https://tokenghub.actions.githubusercontent.com/_apis/oauth2/token/5e5ea7c5-1e9e-4f1b-832f-821fc36fd13e failed (Socket Error: HostNotFound). The operation will be retried in 26.185 seconds.
[2026-08-16 23:00:43Z WARN GitHubActionsService] Attempt 5 of POST request to https://tokenghub.actions.githubusercontent.com/_apis/oauth2/token/5e5ea7c5-1e9e-4f1b-832f-821fc36fd13e failed (Socket Error: HostNotFound). The operation will be retried in 43.108 seconds.
[2026-08-16 23:01:16Z WARN GitHubActionsService] Retrieving an AAD auth token took a long time (100.0017683 seconds)
[2026-08-16 23:01:16Z WARN GitHubActionsService] GET request to https://broker.actions.githubusercontent.com/message?sessionId=cfc40dcc-4a56-4fa4-8bc2-767410e8c931&status=Online&runnerVersion=2.336.0&os=Windows&architecture=X64&disableUpdate=false timed out after 100 seconds.
[2026-08-16 23:01:16Z ERR  BrokerServer] Catch exception during request
[2026-08-16 23:01:16Z ERR  BrokerServer] System.TimeoutException: The HTTP request timed out after 00:01:40.
 ---> System.Threading.Tasks.TaskCanceledException: A task was canceled.
 ---> System.Threading.Tasks.TaskCanceledException: A task was canceled.
   at GitHub.Services.Common.VssHttpRetryMessageHandler.SendAsync(HttpRequestMessage request, CancellationToken cancellationToken)
   at System.Net.Http.HttpClient.<SendAsync>g__Core|83_0(HttpRequestMessage request, HttpCompletionOption completionOption, CancellationTokenSource cts, Boolean disposeCts, CancellationTokenSource pendingRequestsCts, CancellationToken originalCancellationToken)
   --- End of inner exception stack trace ---
   at System.Net.Http.HttpClient.HandleFailure(Exception e, Boolean telemetryStarted, HttpResponseMessage response, CancellationTokenSource cts, CancellationToken cancellationToken, CancellationTokenSource pendingRequestsCts)
   at System.Net.Http.HttpClient.<SendAsync>g__Core|83_0(HttpRequestMessage request, HttpCompletionOption completionOption, CancellationTokenSource cts, Boolean disposeCts, CancellationTokenSource pendingRequestsCts, CancellationToken originalCancellationToken)
   at GitHub.Services.OAuth.VssOAuthTokenHttpClient.GetTokenAsync(VssOAuthGrant grant, VssOAuthClientCredential credential, VssOAuthTokenParameters tokenParameters, CancellationToken cancellationToken)
   at GitHub.Services.OAuth.VssOAuthTokenProvider.OnGetTokenAsync(IssuedToken failedToken, CancellationToken cancellationToken)
   at GitHub.Services.Common.IssuedTokenProvider.GetTokenOperation.GetTokenAsync(VssTraceActivity traceActivity)
   at GitHub.Services.Common.IssuedTokenProvider.GetTokenAsync(IssuedToken failedToken, CancellationToken cancellationToken)
   at GitHub.Services.Common.RawHttpMessageHandler.SendAsync(HttpRequestMessage request, CancellationToken cancellationToken)
   --- End of inner exception stack trace ---
   at GitHub.Services.Common.RawHttpMessageHandler.SendAsync(HttpRequestMessage request, CancellationToken cancellationToken)
   at GitHub.Services.Common.VssHttpRetryMessageHandler.SendAsync(HttpRequestMessage request, CancellationToken cancellationToken)
   at System.Net.Http.HttpClient.<SendAsync>g__Core|83_0(HttpRequestMessage request, HttpCompletionOption completionOption, CancellationTokenSource cts, Boolean disposeCts, CancellationTokenSource pendingRequestsCts, CancellationToken originalCancellationToken)
   at Sdk.WebApi.WebApi.RawHttpClientBase.SendAsync(HttpRequestMessage message, HttpCompletionOption completionOption, Object userState, CancellationToken cancellationToken)
   at Sdk.WebApi.WebApi.RawHttpClientBase.SendAsync[T](HttpRequestMessage message, Boolean readErrorBody, Object userState, CancellationToken cancellationToken)
   at Sdk.WebApi.WebApi.RawHttpClientBase.SendAsync[T](HttpMethod method, IEnumerable`1 additionalHeaders, Uri requestUri, HttpContent content, IEnumerable`1 queryParameters, Boolean readErrorBody, Object userState, CancellationToken cancellationToken)
   at GitHub.Actions.RunService.WebApi.BrokerHttpClient.GetRunnerMessageAsync(Nullable`1 sessionId, String runnerVersion, Nullable`1 status, String os, String architecture, Nullable`1 disableUpdate, CancellationToken cancellationToken)
   at GitHub.Runner.Common.BrokerServer.<>c__DisplayClass7_0.<<GetRunnerMessageAsync>b__0>d.MoveNext()
--- End of stack trace from previous location ---
   at GitHub.Runner.Common.RunnerService.RetryRequest[T](Func`1 func, CancellationToken cancellationToken, Int32 maxAttempts, Func`2 shouldRetry)
[2026-08-16 23:01:16Z ERR  BrokerServer] #####################################################
[2026-08-16 23:01:16Z ERR  BrokerServer] System.Threading.Tasks.TaskCanceledException: A task was canceled.
 ---> System.Threading.Tasks.TaskCanceledException: A task was canceled.
   at GitHub.Services.Common.VssHttpRetryMessageHandler.SendAsync(HttpRequestMessage request, CancellationToken cancellationToken)
   at System.Net.Http.HttpClient.<SendAsync>g__Core|83_0(HttpRequestMessage request, HttpCompletionOption completionOption, CancellationTokenSource cts, Boolean disposeCts, CancellationTokenSource pendingRequestsCts, CancellationToken originalCancellationToken)
   --- End of inner exception stack trace ---
   at System.Net.Http.HttpClient.HandleFailure(Exception e, Boolean telemetryStarted, HttpResponseMessage response, CancellationTokenSource cts, CancellationToken cancellationToken, CancellationTokenSource pendingRequestsCts)
   at System.Net.Http.HttpClient.<SendAsync>g__Core|83_0(HttpRequestMessage request, HttpCompletionOption completionOption, CancellationTokenSource cts, Boolean disposeCts, CancellationTokenSource pendingRequestsCts, CancellationToken originalCancellationToken)
   at GitHub.Services.OAuth.VssOAuthTokenHttpClient.GetTokenAsync(VssOAuthGrant grant, VssOAuthClientCredential credential, VssOAuthTokenParameters tokenParameters, CancellationToken cancellationToken)
   at GitHub.Services.OAuth.VssOAuthTokenProvider.OnGetTokenAsync(IssuedToken failedToken, CancellationToken cancellationToken)
   at GitHub.Services.Common.IssuedTokenProvider.GetTokenOperation.GetTokenAsync(VssTraceActivity traceActivity)
   at GitHub.Services.Common.IssuedTokenProvider.GetTokenAsync(IssuedToken failedToken, CancellationToken cancellationToken)
   at GitHub.Services.Common.RawHttpMessageHandler.SendAsync(HttpRequestMessage request, CancellationToken cancellationToken)
[2026-08-16 23:01:16Z ERR  BrokerServer] #####################################################
[2026-08-16 23:01:16Z ERR  BrokerServer] System.Threading.Tasks.TaskCanceledException: A task was canceled.
   at GitHub.Services.Common.VssHttpRetryMessageHandler.SendAsync(HttpRequestMessage request, CancellationToken cancellationToken)
   at System.Net.Http.HttpClient.<SendAsync>g__Core|83_0(HttpRequestMessage request, HttpCompletionOption completionOption, CancellationTokenSource cts, Boolean disposeCts, CancellationTokenSource pendingRequestsCts, CancellationToken originalCancellationToken)
[2026-08-16 23:01:16Z WARN BrokerServer] Back off 13.678 seconds before next retry. 3 attempt left.
[2026-08-16 23:01:30Z INFO RSAEncryptedFileKeyManager] Loading RSA key parameters from file C:\Users\sheet\OneDrive\Desktop\Devops\DEVOPS INSIDER\GIT practice\b18_G79Sheetal\actions-runner\.credentials_rsaparams
[2026-08-16 23:01:30Z WARN GitHubActionsService] Attempt 1 of POST request to https://tokenghub.actions.githubusercontent.com/_apis/oauth2/token/5e5ea7c5-1e9e-4f1b-832f-821fc36fd13e failed (Socket Error: HostNotFound). The operation will be retried in 11.137 seconds.
[2026-08-16 23:01:41Z WARN GitHubActionsService] Attempt 2 of POST request to https://tokenghub.actions.githubusercontent.com/_apis/oauth2/token/5e5ea7c5-1e9e-4f1b-832f-821fc36fd13e failed (Socket Error: HostNotFound). The operation will be retried in 12.412 seconds.
[2026-08-16 23:01:53Z WARN GitHubActionsService] Attempt 3 of POST request to https://tokenghub.actions.githubusercontent.com/_apis/oauth2/token/5e5ea7c5-1e9e-4f1b-832f-821fc36fd13e failed (Socket Error: HostNotFound). The operation will be retried in 16.916 seconds.
[2026-08-16 23:02:10Z WARN GitHubActionsService] Attempt 4 of POST request to https://tokenghub.actions.githubusercontent.com/_apis/oauth2/token/5e5ea7c5-1e9e-4f1b-832f-821fc36fd13e failed (Socket Error: HostNotFound). The operation will be retried in 25.12 seconds.
[2026-08-16 23:02:35Z WARN GitHubActionsService] Attempt 5 of POST request to https://tokenghub.actions.githubusercontent.com/_apis/oauth2/token/5e5ea7c5-1e9e-4f1b-832f-821fc36fd13e failed (Socket Error: HostNotFound). The operation will be retried in 36.226 seconds.
[2026-08-16 23:03:10Z WARN GitHubActionsService] Retrieving an AAD auth token took a long time (100.009811 seconds)
[2026-08-16 23:03:10Z WARN GitHubActionsService] GET request to https://broker.actions.githubusercontent.com/message?sessionId=cfc40dcc-4a56-4fa4-8bc2-767410e8c931&status=Online&runnerVersion=2.336.0&os=Windows&architecture=X64&disableUpdate=false timed out after 100 seconds.
[2026-08-16 23:03:10Z ERR  BrokerServer] Catch exception during request
[2026-08-16 23:03:10Z ERR  BrokerServer] System.TimeoutException: The HTTP request timed out after 00:01:40.
 ---> System.Threading.Tasks.TaskCanceledException: A task was canceled.
 ---> System.Threading.Tasks.TaskCanceledException: A task was canceled.
   at GitHub.Services.Common.VssHttpRetryMessageHandler.SendAsync(HttpRequestMessage request, CancellationToken cancellationToken)
   at System.Net.Http.HttpClient.<SendAsync>g__Core|83_0(HttpRequestMessage request, HttpCompletionOption completionOption, CancellationTokenSource cts, Boolean disposeCts, CancellationTokenSource pendingRequestsCts, CancellationToken originalCancellationToken)
   --- End of inner exception stack trace ---
   at System.Net.Http.HttpClient.HandleFailure(Exception e, Boolean telemetryStarted, HttpResponseMessage response, CancellationTokenSource cts, CancellationToken cancellationToken, CancellationTokenSource pendingRequestsCts)
   at System.Net.Http.HttpClient.<SendAsync>g__Core|83_0(HttpRequestMessage request, HttpCompletionOption completionOption, CancellationTokenSource cts, Boolean disposeCts, CancellationTokenSource pendingRequestsCts, CancellationToken originalCancellationToken)
   at GitHub.Services.OAuth.VssOAuthTokenHttpClient.GetTokenAsync(VssOAuthGrant grant, VssOAuthClientCredential credential, VssOAuthTokenParameters tokenParameters, CancellationToken cancellationToken)
   at GitHub.Services.OAuth.VssOAuthTokenProvider.OnGetTokenAsync(IssuedToken failedToken, CancellationToken cancellationToken)
   at GitHub.Services.Common.IssuedTokenProvider.GetTokenOperation.GetTokenAsync(VssTraceActivity traceActivity)
   at GitHub.Services.Common.IssuedTokenProvider.GetTokenAsync(IssuedToken failedToken, CancellationToken cancellationToken)
   at GitHub.Services.Common.RawHttpMessageHandler.SendAsync(HttpRequestMessage request, CancellationToken cancellationToken)
   --- End of inner exception stack trace ---
   at GitHub.Services.Common.RawHttpMessageHandler.SendAsync(HttpRequestMessage request, CancellationToken cancellationToken)
   at GitHub.Services.Common.VssHttpRetryMessageHandler.SendAsync(HttpRequestMessage request, CancellationToken cancellationToken)
   at System.Net.Http.HttpClient.<SendAsync>g__Core|83_0(HttpRequestMessage request, HttpCompletionOption completionOption, CancellationTokenSource cts, Boolean disposeCts, CancellationTokenSource pendingRequestsCts, CancellationToken originalCancellationToken)
   at Sdk.WebApi.WebApi.RawHttpClientBase.SendAsync(HttpRequestMessage message, HttpCompletionOption completionOption, Object userState, CancellationToken cancellationToken)
   at Sdk.WebApi.WebApi.RawHttpClientBase.SendAsync[T](HttpRequestMessage message, Boolean readErrorBody, Object userState, CancellationToken cancellationToken)
   at Sdk.WebApi.WebApi.RawHttpClientBase.SendAsync[T](HttpMethod method, IEnumerable`1 additionalHeaders, Uri requestUri, HttpContent content, IEnumerable`1 queryParameters, Boolean readErrorBody, Object userState, CancellationToken cancellationToken)
   at GitHub.Actions.RunService.WebApi.BrokerHttpClient.GetRunnerMessageAsync(Nullable`1 sessionId, String runnerVersion, Nullable`1 status, String os, String architecture, Nullable`1 disableUpdate, CancellationToken cancellationToken)
   at GitHub.Runner.Common.BrokerServer.<>c__DisplayClass7_0.<<GetRunnerMessageAsync>b__0>d.MoveNext()
--- End of stack trace from previous location ---
   at GitHub.Runner.Common.RunnerService.RetryRequest[T](Func`1 func, CancellationToken cancellationToken, Int32 maxAttempts, Func`2 shouldRetry)
[2026-08-16 23:03:10Z ERR  BrokerServer] #####################################################
[2026-08-16 23:03:10Z ERR  BrokerServer] System.Threading.Tasks.TaskCanceledException: A task was canceled.
 ---> System.Threading.Tasks.TaskCanceledException: A task was canceled.
   at GitHub.Services.Common.VssHttpRetryMessageHandler.SendAsync(HttpRequestMessage request, CancellationToken cancellationToken)
   at System.Net.Http.HttpClient.<SendAsync>g__Core|83_0(HttpRequestMessage request, HttpCompletionOption completionOption, CancellationTokenSource cts, Boolean disposeCts, CancellationTokenSource pendingRequestsCts, CancellationToken originalCancellationToken)
   --- End of inner exception stack trace ---
   at System.Net.Http.HttpClient.HandleFailure(Exception e, Boolean telemetryStarted, HttpResponseMessage response, CancellationTokenSource cts, CancellationToken cancellationToken, CancellationTokenSource pendingRequestsCts)
   at System.Net.Http.HttpClient.<SendAsync>g__Core|83_0(HttpRequestMessage request, HttpCompletionOption completionOption, CancellationTokenSource cts, Boolean disposeCts, CancellationTokenSource pendingRequestsCts, CancellationToken originalCancellationToken)
   at GitHub.Services.OAuth.VssOAuthTokenHttpClient.GetTokenAsync(VssOAuthGrant grant, VssOAuthClientCredential credential, VssOAuthTokenParameters tokenParameters, CancellationToken cancellationToken)
   at GitHub.Services.OAuth.VssOAuthTokenProvider.OnGetTokenAsync(IssuedToken failedToken, CancellationToken cancellationToken)
   at GitHub.Services.Common.IssuedTokenProvider.GetTokenOperation.GetTokenAsync(VssTraceActivity traceActivity)
   at GitHub.Services.Common.IssuedTokenProvider.GetTokenAsync(IssuedToken failedToken, CancellationToken cancellationToken)
   at GitHub.Services.Common.RawHttpMessageHandler.SendAsync(HttpRequestMessage request, CancellationToken cancellationToken)
[2026-08-16 23:03:10Z ERR  BrokerServer] #####################################################
[2026-08-16 23:03:10Z ERR  BrokerServer] System.Threading.Tasks.TaskCanceledException: A task was canceled.
   at GitHub.Services.Common.VssHttpRetryMessageHandler.SendAsync(HttpRequestMessage request, CancellationToken cancellationToken)
   at System.Net.Http.HttpClient.<SendAsync>g__Core|83_0(HttpRequestMessage request, HttpCompletionOption completionOption, CancellationTokenSource cts, Boolean disposeCts, CancellationTokenSource pendingRequestsCts, CancellationToken originalCancellationToken)
[2026-08-16 23:03:10Z WARN BrokerServer] Back off 14.162 seconds before next retry. 2 attempt left.
[2026-08-16 23:03:24Z INFO RSAEncryptedFileKeyManager] Loading RSA key parameters from file C:\Users\sheet\OneDrive\Desktop\Devops\DEVOPS INSIDER\GIT practice\b18_G79Sheetal\actions-runner\.credentials_rsaparams
[2026-08-16 23:03:24Z WARN GitHubActionsService] Attempt 1 of POST request to https://tokenghub.actions.githubusercontent.com/_apis/oauth2/token/5e5ea7c5-1e9e-4f1b-832f-821fc36fd13e failed (Socket Error: HostNotFound). The operation will be retried in 11.094 seconds.
[2026-08-16 23:03:35Z WARN GitHubActionsService] Attempt 2 of POST request to https://tokenghub.actions.githubusercontent.com/_apis/oauth2/token/5e5ea7c5-1e9e-4f1b-832f-821fc36fd13e failed (Socket Error: HostNotFound). The operation will be retried in 12.994 seconds.
[2026-08-16 23:03:48Z WARN GitHubActionsService] Attempt 3 of POST request to https://tokenghub.actions.githubusercontent.com/_apis/oauth2/token/5e5ea7c5-1e9e-4f1b-832f-821fc36fd13e failed (Socket Error: HostNotFound). The operation will be retried in 15.775 seconds.
[2026-08-16 23:04:04Z WARN GitHubActionsService] Attempt 4 of POST request to https://tokenghub.actions.githubusercontent.com/_apis/oauth2/token/5e5ea7c5-1e9e-4f1b-832f-821fc36fd13e failed (Socket Error: HostNotFound). The operation will be retried in 26.935 seconds.
[2026-08-16 23:04:31Z WARN GitHubActionsService] Attempt 5 of POST request to https://tokenghub.actions.githubusercontent.com/_apis/oauth2/token/5e5ea7c5-1e9e-4f1b-832f-821fc36fd13e failed (Socket Error: HostNotFound). The operation will be retried in 45.805 seconds.
[2026-08-16 23:05:04Z WARN GitHubActionsService] Retrieving an AAD auth token took a long time (100.0131026 seconds)
[2026-08-16 23:05:04Z WARN GitHubActionsService] GET request to https://broker.actions.githubusercontent.com/message?sessionId=cfc40dcc-4a56-4fa4-8bc2-767410e8c931&status=Online&runnerVersion=2.336.0&os=Windows&architecture=X64&disableUpdate=false timed out after 100 seconds.
[2026-08-16 23:05:04Z ERR  BrokerServer] Catch exception during request
[2026-08-16 23:05:04Z ERR  BrokerServer] System.TimeoutException: The HTTP request timed out after 00:01:40.
 ---> System.Threading.Tasks.TaskCanceledException: The request was canceled due to the configured HttpClient.Timeout of 100 seconds elapsing.
 ---> System.TimeoutException: A task was canceled.
 ---> System.Threading.Tasks.TaskCanceledException: A task was canceled.
   at GitHub.Services.Common.VssHttpRetryMessageHandler.SendAsync(HttpRequestMessage request, CancellationToken cancellationToken)
   at System.Net.Http.HttpClient.<SendAsync>g__Core|83_0(HttpRequestMessage request, HttpCompletionOption completionOption, CancellationTokenSource cts, Boolean disposeCts, CancellationTokenSource pendingRequestsCts, CancellationToken originalCancellationToken)
   --- End of inner exception stack trace ---
   --- End of inner exception stack trace ---
   at System.Net.Http.HttpClient.HandleFailure(Exception e, Boolean telemetryStarted, HttpResponseMessage response, CancellationTokenSource cts, CancellationToken cancellationToken, CancellationTokenSource pendingRequestsCts)
   at System.Net.Http.HttpClient.<SendAsync>g__Core|83_0(HttpRequestMessage request, HttpCompletionOption completionOption, CancellationTokenSource cts, Boolean disposeCts, CancellationTokenSource pendingRequestsCts, CancellationToken originalCancellationToken)
   at GitHub.Services.OAuth.VssOAuthTokenHttpClient.GetTokenAsync(VssOAuthGrant grant, VssOAuthClientCredential credential, VssOAuthTokenParameters tokenParameters, CancellationToken cancellationToken)
   at GitHub.Services.OAuth.VssOAuthTokenProvider.OnGetTokenAsync(IssuedToken failedToken, CancellationToken cancellationToken)
   at GitHub.Services.Common.IssuedTokenProvider.GetTokenOperation.GetTokenAsync(VssTraceActivity traceActivity)
   at GitHub.Services.Common.IssuedTokenProvider.GetTokenAsync(IssuedToken failedToken, CancellationToken cancellationToken)
   at GitHub.Services.Common.RawHttpMessageHandler.SendAsync(HttpRequestMessage request, CancellationToken cancellationToken)
   --- End of inner exception stack trace ---
   at GitHub.Services.Common.RawHttpMessageHandler.SendAsync(HttpRequestMessage request, CancellationToken cancellationToken)
   at GitHub.Services.Common.VssHttpRetryMessageHandler.SendAsync(HttpRequestMessage request, CancellationToken cancellationToken)
   at System.Net.Http.HttpClient.<SendAsync>g__Core|83_0(HttpRequestMessage request, HttpCompletionOption completionOption, CancellationTokenSource cts, Boolean disposeCts, CancellationTokenSource pendingRequestsCts, CancellationToken originalCancellationToken)
   at Sdk.WebApi.WebApi.RawHttpClientBase.SendAsync(HttpRequestMessage message, HttpCompletionOption completionOption, Object userState, CancellationToken cancellationToken)
   at Sdk.WebApi.WebApi.RawHttpClientBase.SendAsync[T](HttpRequestMessage message, Boolean readErrorBody, Object userState, CancellationToken cancellationToken)
   at Sdk.WebApi.WebApi.RawHttpClientBase.SendAsync[T](HttpMethod method, IEnumerable`1 additionalHeaders, Uri requestUri, HttpContent content, IEnumerable`1 queryParameters, Boolean readErrorBody, Object userState, CancellationToken cancellationToken)
   at GitHub.Actions.RunService.WebApi.BrokerHttpClient.GetRunnerMessageAsync(Nullable`1 sessionId, String runnerVersion, Nullable`1 status, String os, String architecture, Nullable`1 disableUpdate, CancellationToken cancellationToken)
   at GitHub.Runner.Common.BrokerServer.<>c__DisplayClass7_0.<<GetRunnerMessageAsync>b__0>d.MoveNext()
--- End of stack trace from previous location ---
   at GitHub.Runner.Common.RunnerService.RetryRequest[T](Func`1 func, CancellationToken cancellationToken, Int32 maxAttempts, Func`2 shouldRetry)
[2026-08-16 23:05:04Z ERR  BrokerServer] #####################################################
[2026-08-16 23:05:04Z ERR  BrokerServer] System.Threading.Tasks.TaskCanceledException: The request was canceled due to the configured HttpClient.Timeout of 100 seconds elapsing.
 ---> System.TimeoutException: A task was canceled.
 ---> System.Threading.Tasks.TaskCanceledException: A task was canceled.
   at GitHub.Services.Common.VssHttpRetryMessageHandler.SendAsync(HttpRequestMessage request, CancellationToken cancellationToken)
   at System.Net.Http.HttpClient.<SendAsync>g__Core|83_0(HttpRequestMessage request, HttpCompletionOption completionOption, CancellationTokenSource cts, Boolean disposeCts, CancellationTokenSource pendingRequestsCts, CancellationToken originalCancellationToken)
   --- End of inner exception stack trace ---
   --- End of inner exception stack trace ---
   at System.Net.Http.HttpClient.HandleFailure(Exception e, Boolean telemetryStarted, HttpResponseMessage response, CancellationTokenSource cts, CancellationToken cancellationToken, CancellationTokenSource pendingRequestsCts)
   at System.Net.Http.HttpClient.<SendAsync>g__Core|83_0(HttpRequestMessage request, HttpCompletionOption completionOption, CancellationTokenSource cts, Boolean disposeCts, CancellationTokenSource pendingRequestsCts, CancellationToken originalCancellationToken)
   at GitHub.Services.OAuth.VssOAuthTokenHttpClient.GetTokenAsync(VssOAuthGrant grant, VssOAuthClientCredential credential, VssOAuthTokenParameters tokenParameters, CancellationToken cancellationToken)
   at GitHub.Services.OAuth.VssOAuthTokenProvider.OnGetTokenAsync(IssuedToken failedToken, CancellationToken cancellationToken)
   at GitHub.Services.Common.IssuedTokenProvider.GetTokenOperation.GetTokenAsync(VssTraceActivity traceActivity)
   at GitHub.Services.Common.IssuedTokenProvider.GetTokenAsync(IssuedToken failedToken, CancellationToken cancellationToken)
   at GitHub.Services.Common.RawHttpMessageHandler.SendAsync(HttpRequestMessage request, CancellationToken cancellationToken)
[2026-08-16 23:05:04Z ERR  BrokerServer] #####################################################
[2026-08-16 23:05:04Z ERR  BrokerServer] System.TimeoutException: A task was canceled.
 ---> System.Threading.Tasks.TaskCanceledException: A task was canceled.
   at GitHub.Services.Common.VssHttpRetryMessageHandler.SendAsync(HttpRequestMessage request, CancellationToken cancellationToken)
   at System.Net.Http.HttpClient.<SendAsync>g__Core|83_0(HttpRequestMessage request, HttpCompletionOption completionOption, CancellationTokenSource cts, Boolean disposeCts, CancellationTokenSource pendingRequestsCts, CancellationToken originalCancellationToken)
   --- End of inner exception stack trace ---
[2026-08-16 23:05:04Z ERR  BrokerServer] #####################################################
[2026-08-16 23:05:04Z ERR  BrokerServer] System.Threading.Tasks.TaskCanceledException: A task was canceled.
   at GitHub.Services.Common.VssHttpRetryMessageHandler.SendAsync(HttpRequestMessage request, CancellationToken cancellationToken)
   at System.Net.Http.HttpClient.<SendAsync>g__Core|83_0(HttpRequestMessage request, HttpCompletionOption completionOption, CancellationTokenSource cts, Boolean disposeCts, CancellationTokenSource pendingRequestsCts, CancellationToken originalCancellationToken)
[2026-08-16 23:05:04Z WARN BrokerServer] Back off 5.419 seconds before next retry. 1 attempt left.
[2026-08-16 23:05:09Z INFO RSAEncryptedFileKeyManager] Loading RSA key parameters from file C:\Users\sheet\OneDrive\Desktop\Devops\DEVOPS INSIDER\GIT practice\b18_G79Sheetal\actions-runner\.credentials_rsaparams
[2026-08-16 23:05:09Z WARN GitHubActionsService] Attempt 1 of POST request to https://tokenghub.actions.githubusercontent.com/_apis/oauth2/token/5e5ea7c5-1e9e-4f1b-832f-821fc36fd13e failed (Socket Error: HostNotFound). The operation will be retried in 10.85 seconds.
[2026-08-16 23:05:20Z WARN GitHubActionsService] Attempt 2 of POST request to https://tokenghub.actions.githubusercontent.com/_apis/oauth2/token/5e5ea7c5-1e9e-4f1b-832f-821fc36fd13e failed (Socket Error: HostNotFound). The operation will be retried in 12.541 seconds.
[2026-08-16 23:05:33Z WARN GitHubActionsService] Attempt 3 of POST request to https://tokenghub.actions.githubusercontent.com/_apis/oauth2/token/5e5ea7c5-1e9e-4f1b-832f-821fc36fd13e failed (Socket Error: HostNotFound). The operation will be retried in 15.943 seconds.
[2026-08-16 23:05:49Z WARN GitHubActionsService] Attempt 4 of POST request to https://tokenghub.actions.githubusercontent.com/_apis/oauth2/token/5e5ea7c5-1e9e-4f1b-832f-821fc36fd13e failed (Socket Error: HostNotFound). The operation will be retried in 22.15 seconds.
[2026-08-16 23:06:11Z WARN GitHubActionsService] Attempt 5 of POST request to https://tokenghub.actions.githubusercontent.com/_apis/oauth2/token/5e5ea7c5-1e9e-4f1b-832f-821fc36fd13e failed (Socket Error: HostNotFound). The operation will be retried in 35.079 seconds.
[2026-08-16 23:06:46Z ERR  GitHubActionsService] Attempt 6 of POST request to https://tokenghub.actions.githubusercontent.com/_apis/oauth2/token/5e5ea7c5-1e9e-4f1b-832f-821fc36fd13e failed (Socket Error: HostNotFound). The maximum number of attempts has been reached.
[2026-08-16 23:06:46Z WARN GitHubActionsService] Retrieving an AAD auth token took a long time (96.607723 seconds)
[2026-08-16 23:06:46Z WARN GitHubActionsService] Attempt 1 of GET request to https://broker.actions.githubusercontent.com/message?sessionId=cfc40dcc-4a56-4fa4-8bc2-767410e8c931&status=Online&runnerVersion=2.336.0&os=Windows&architecture=X64&disableUpdate=false failed (Socket Error: HostNotFound). The operation will be retried in 10.933 seconds.
[2026-08-16 23:06:57Z INFO RSAEncryptedFileKeyManager] Loading RSA key parameters from file C:\Users\sheet\OneDrive\Desktop\Devops\DEVOPS INSIDER\GIT practice\b18_G79Sheetal\actions-runner\.credentials_rsaparams
[2026-08-16 23:06:57Z WARN GitHubActionsService] Attempt 1 of POST request to https://tokenghub.actions.githubusercontent.com/_apis/oauth2/token/5e5ea7c5-1e9e-4f1b-832f-821fc36fd13e failed (Socket Error: HostNotFound). The operation will be retried in 11.043 seconds.
[2026-08-16 23:07:08Z WARN GitHubActionsService] Attempt 2 of POST request to https://tokenghub.actions.githubusercontent.com/_apis/oauth2/token/5e5ea7c5-1e9e-4f1b-832f-821fc36fd13e failed (Socket Error: HostNotFound). The operation will be retried in 12.952 seconds.
[2026-08-16 23:07:21Z WARN GitHubActionsService] Attempt 3 of POST request to https://tokenghub.actions.githubusercontent.com/_apis/oauth2/token/5e5ea7c5-1e9e-4f1b-832f-821fc36fd13e failed (Socket Error: HostNotFound). The operation will be retried in 17.441 seconds.
[2026-08-16 23:07:38Z WARN GitHubActionsService] Attempt 4 of POST request to https://tokenghub.actions.githubusercontent.com/_apis/oauth2/token/5e5ea7c5-1e9e-4f1b-832f-821fc36fd13e failed (Socket Error: HostNotFound). The operation will be retried in 24.16 seconds.
[2026-08-16 23:08:03Z WARN GitHubActionsService] Attempt 5 of POST request to https://tokenghub.actions.githubusercontent.com/_apis/oauth2/token/5e5ea7c5-1e9e-4f1b-832f-821fc36fd13e failed (Socket Error: HostNotFound). The operation will be retried in 41.341 seconds.
[2026-08-16 23:08:37Z WARN GitHubActionsService] Retrieving an AAD auth token took a long time (100.0055954 seconds)
[2026-08-16 23:08:37Z WARN GitHubActionsService] GET request to https://broker.actions.githubusercontent.com/message?sessionId=cfc40dcc-4a56-4fa4-8bc2-767410e8c931&status=Online&runnerVersion=2.336.0&os=Windows&architecture=X64&disableUpdate=false timed out after 100 seconds.
[2026-08-16 23:08:37Z ERR  BrokerMessageListener] Catch exception during get next message.
[2026-08-16 23:08:37Z ERR  BrokerMessageListener] System.TimeoutException: The HTTP request timed out after 00:01:40.
 ---> System.Threading.Tasks.TaskCanceledException: The request was canceled due to the configured HttpClient.Timeout of 100 seconds elapsing.
 ---> System.TimeoutException: A task was canceled.
 ---> System.Threading.Tasks.TaskCanceledException: A task was canceled.
   at GitHub.Services.Common.VssHttpRetryMessageHandler.SendAsync(HttpRequestMessage request, CancellationToken cancellationToken)
   at System.Net.Http.HttpClient.<SendAsync>g__Core|83_0(HttpRequestMessage request, HttpCompletionOption completionOption, CancellationTokenSource cts, Boolean disposeCts, CancellationTokenSource pendingRequestsCts, CancellationToken originalCancellationToken)
   --- End of inner exception stack trace ---
   --- End of inner exception stack trace ---
   at System.Net.Http.HttpClient.HandleFailure(Exception e, Boolean telemetryStarted, HttpResponseMessage response, CancellationTokenSource cts, CancellationToken cancellationToken, CancellationTokenSource pendingRequestsCts)
   at System.Net.Http.HttpClient.<SendAsync>g__Core|83_0(HttpRequestMessage request, HttpCompletionOption completionOption, CancellationTokenSource cts, Boolean disposeCts, CancellationTokenSource pendingRequestsCts, CancellationToken originalCancellationToken)
   at GitHub.Services.OAuth.VssOAuthTokenHttpClient.GetTokenAsync(VssOAuthGrant grant, VssOAuthClientCredential credential, VssOAuthTokenParameters tokenParameters, CancellationToken cancellationToken)
   at GitHub.Services.OAuth.VssOAuthTokenProvider.OnGetTokenAsync(IssuedToken failedToken, CancellationToken cancellationToken)
   at GitHub.Services.Common.IssuedTokenProvider.GetTokenOperation.GetTokenAsync(VssTraceActivity traceActivity)
   at GitHub.Services.Common.IssuedTokenProvider.GetTokenAsync(IssuedToken failedToken, CancellationToken cancellationToken)
   at GitHub.Services.Common.RawHttpMessageHandler.SendAsync(HttpRequestMessage request, CancellationToken cancellationToken)
   --- End of inner exception stack trace ---
   at GitHub.Services.Common.RawHttpMessageHandler.SendAsync(HttpRequestMessage request, CancellationToken cancellationToken)
   at GitHub.Services.Common.VssHttpRetryMessageHandler.SendAsync(HttpRequestMessage request, CancellationToken cancellationToken)
   at System.Net.Http.HttpClient.<SendAsync>g__Core|83_0(HttpRequestMessage request, HttpCompletionOption completionOption, CancellationTokenSource cts, Boolean disposeCts, CancellationTokenSource pendingRequestsCts, CancellationToken originalCancellationToken)
   at Sdk.WebApi.WebApi.RawHttpClientBase.SendAsync(HttpRequestMessage message, HttpCompletionOption completionOption, Object userState, CancellationToken cancellationToken)
   at Sdk.WebApi.WebApi.RawHttpClientBase.SendAsync[T](HttpRequestMessage message, Boolean readErrorBody, Object userState, CancellationToken cancellationToken)
   at Sdk.WebApi.WebApi.RawHttpClientBase.SendAsync[T](HttpMethod method, IEnumerable`1 additionalHeaders, Uri requestUri, HttpContent content, IEnumerable`1 queryParameters, Boolean readErrorBody, Object userState, CancellationToken cancellationToken)
   at GitHub.Actions.RunService.WebApi.BrokerHttpClient.GetRunnerMessageAsync(Nullable`1 sessionId, String runnerVersion, Nullable`1 status, String os, String architecture, Nullable`1 disableUpdate, CancellationToken cancellationToken)
   at GitHub.Runner.Common.BrokerServer.<>c__DisplayClass7_0.<<GetRunnerMessageAsync>b__0>d.MoveNext()
--- End of stack trace from previous location ---
   at GitHub.Runner.Common.RunnerService.RetryRequest[T](Func`1 func, CancellationToken cancellationToken, Int32 maxAttempts, Func`2 shouldRetry)
   at GitHub.Runner.Listener.BrokerMessageListener.GetNextMessageAsync(CancellationToken token)
[2026-08-16 23:08:37Z ERR  BrokerMessageListener] #####################################################
[2026-08-16 23:08:37Z ERR  BrokerMessageListener] System.Threading.Tasks.TaskCanceledException: The request was canceled due to the configured HttpClient.Timeout of 100 seconds elapsing.
 ---> System.TimeoutException: A task was canceled.
 ---> System.Threading.Tasks.TaskCanceledException: A task was canceled.
   at GitHub.Services.Common.VssHttpRetryMessageHandler.SendAsync(HttpRequestMessage request, CancellationToken cancellationToken)
   at System.Net.Http.HttpClient.<SendAsync>g__Core|83_0(HttpRequestMessage request, HttpCompletionOption completionOption, CancellationTokenSource cts, Boolean disposeCts, CancellationTokenSource pendingRequestsCts, CancellationToken originalCancellationToken)
   --- End of inner exception stack trace ---
   --- End of inner exception stack trace ---
   at System.Net.Http.HttpClient.HandleFailure(Exception e, Boolean telemetryStarted, HttpResponseMessage response, CancellationTokenSource cts, CancellationToken cancellationToken, CancellationTokenSource pendingRequestsCts)
   at System.Net.Http.HttpClient.<SendAsync>g__Core|83_0(HttpRequestMessage request, HttpCompletionOption completionOption, CancellationTokenSource cts, Boolean disposeCts, CancellationTokenSource pendingRequestsCts, CancellationToken originalCancellationToken)
   at GitHub.Services.OAuth.VssOAuthTokenHttpClient.GetTokenAsync(VssOAuthGrant grant, VssOAuthClientCredential credential, VssOAuthTokenParameters tokenParameters, CancellationToken cancellationToken)
   at GitHub.Services.OAuth.VssOAuthTokenProvider.OnGetTokenAsync(IssuedToken failedToken, CancellationToken cancellationToken)
   at GitHub.Services.Common.IssuedTokenProvider.GetTokenOperation.GetTokenAsync(VssTraceActivity traceActivity)
   at GitHub.Services.Common.IssuedTokenProvider.GetTokenAsync(IssuedToken failedToken, CancellationToken cancellationToken)
   at GitHub.Services.Common.RawHttpMessageHandler.SendAsync(HttpRequestMessage request, CancellationToken cancellationToken)
[2026-08-16 23:08:37Z ERR  BrokerMessageListener] #####################################################
[2026-08-16 23:08:37Z ERR  BrokerMessageListener] System.TimeoutException: A task was canceled.
 ---> System.Threading.Tasks.TaskCanceledException: A task was canceled.
   at GitHub.Services.Common.VssHttpRetryMessageHandler.SendAsync(HttpRequestMessage request, CancellationToken cancellationToken)
   at System.Net.Http.HttpClient.<SendAsync>g__Core|83_0(HttpRequestMessage request, HttpCompletionOption completionOption, CancellationTokenSource cts, Boolean disposeCts, CancellationTokenSource pendingRequestsCts, CancellationToken originalCancellationToken)
   --- End of inner exception stack trace ---
[2026-08-16 23:08:37Z ERR  BrokerMessageListener] #####################################################
[2026-08-16 23:08:37Z ERR  BrokerMessageListener] System.Threading.Tasks.TaskCanceledException: A task was canceled.
   at GitHub.Services.Common.VssHttpRetryMessageHandler.SendAsync(HttpRequestMessage request, CancellationToken cancellationToken)
   at System.Net.Http.HttpClient.<SendAsync>g__Core|83_0(HttpRequestMessage request, HttpCompletionOption completionOption, CancellationTokenSource cts, Boolean disposeCts, CancellationTokenSource pendingRequestsCts, CancellationToken originalCancellationToken)
[2026-08-16 23:08:37Z INFO BrokerMessageListener] Retriable exception: The HTTP request timed out after 00:01:40.
[2026-08-16 23:08:37Z INFO JobDispatcher] Shutting down JobDispatcher. Make sure all WorkerDispatcher has finished.
[2026-08-16 23:08:37Z INFO Runner] Deleting Runner Session...
[2026-08-16 23:08:37Z INFO RSAEncryptedFileKeyManager] Loading RSA key parameters from file C:\Users\sheet\OneDrive\Desktop\Devops\DEVOPS INSIDER\GIT practice\b18_G79Sheetal\actions-runner\.credentials_rsaparams
[2026-08-16 23:08:37Z WARN GitHubActionsService] Attempt 1 of POST request to https://tokenghub.actions.githubusercontent.com/_apis/oauth2/token/5e5ea7c5-1e9e-4f1b-832f-821fc36fd13e failed (Socket Error: HostNotFound). The operation will be retried in 10.974 seconds.
[2026-08-16 23:08:48Z WARN GitHubActionsService] Attempt 2 of POST request to https://tokenghub.actions.githubusercontent.com/_apis/oauth2/token/5e5ea7c5-1e9e-4f1b-832f-821fc36fd13e failed (Socket Error: HostNotFound). The operation will be retried in 12.541 seconds.
[2026-08-16 23:09:00Z WARN GitHubActionsService] Attempt 3 of POST request to https://tokenghub.actions.githubusercontent.com/_apis/oauth2/token/5e5ea7c5-1e9e-4f1b-832f-821fc36fd13e failed (Socket Error: HostNotFound). The operation will be retried in 18.351 seconds.
[2026-08-16 23:09:07Z WARN GitHubActionsService] Retrieving an AAD auth token took a long time (30.0019645 seconds)
[2026-08-16 23:09:07Z WARN GitHubActionsService] DELETE request to https://broker.actions.githubusercontent.com/session has been cancelled.
[2026-08-16 23:09:07Z ERR  Terminal] WRITE ERROR: An error occurred: A task was canceled.
[2026-08-16 23:09:07Z ERR  Listener] System.Threading.Tasks.TaskCanceledException: A task was canceled.
 ---> System.Threading.Tasks.TaskCanceledException: A task was canceled.
 ---> System.Threading.Tasks.TaskCanceledException: A task was canceled.
   at GitHub.Services.Common.VssHttpRetryMessageHandler.SendAsync(HttpRequestMessage request, CancellationToken cancellationToken)
   at System.Net.Http.HttpClient.<SendAsync>g__Core|83_0(HttpRequestMessage request, HttpCompletionOption completionOption, CancellationTokenSource cts, Boolean disposeCts, CancellationTokenSource pendingRequestsCts, CancellationToken originalCancellationToken)
   --- End of inner exception stack trace ---
   at System.Net.Http.HttpClient.HandleFailure(Exception e, Boolean telemetryStarted, HttpResponseMessage response, CancellationTokenSource cts, CancellationToken cancellationToken, CancellationTokenSource pendingRequestsCts)
   at System.Net.Http.HttpClient.<SendAsync>g__Core|83_0(HttpRequestMessage request, HttpCompletionOption completionOption, CancellationTokenSource cts, Boolean disposeCts, CancellationTokenSource pendingRequestsCts, CancellationToken originalCancellationToken)
   at GitHub.Services.OAuth.VssOAuthTokenHttpClient.GetTokenAsync(VssOAuthGrant grant, VssOAuthClientCredential credential, VssOAuthTokenParameters tokenParameters, CancellationToken cancellationToken)
   at GitHub.Services.OAuth.VssOAuthTokenProvider.OnGetTokenAsync(IssuedToken failedToken, CancellationToken cancellationToken)
   at GitHub.Services.Common.IssuedTokenProvider.GetTokenOperation.GetTokenAsync(VssTraceActivity traceActivity)
   at GitHub.Services.Common.IssuedTokenProvider.GetTokenAsync(IssuedToken failedToken, CancellationToken cancellationToken)
   at GitHub.Services.Common.RawHttpMessageHandler.SendAsync(HttpRequestMessage request, CancellationToken cancellationToken)
   at GitHub.Services.Common.VssHttpRetryMessageHandler.SendAsync(HttpRequestMessage request, CancellationToken cancellationToken)
   at System.Net.Http.HttpClient.<SendAsync>g__Core|83_0(HttpRequestMessage request, HttpCompletionOption completionOption, CancellationTokenSource cts, Boolean disposeCts, CancellationTokenSource pendingRequestsCts, CancellationToken originalCancellationToken)
   --- End of inner exception stack trace ---
   at System.Net.Http.HttpClient.HandleFailure(Exception e, Boolean telemetryStarted, HttpResponseMessage response, CancellationTokenSource cts, CancellationToken cancellationToken, CancellationTokenSource pendingRequestsCts)
   at System.Net.Http.HttpClient.<SendAsync>g__Core|83_0(HttpRequestMessage request, HttpCompletionOption completionOption, CancellationTokenSource cts, Boolean disposeCts, CancellationTokenSource pendingRequestsCts, CancellationToken originalCancellationToken)
   at Sdk.WebApi.WebApi.RawHttpClientBase.SendAsync(HttpRequestMessage message, HttpCompletionOption completionOption, Object userState, CancellationToken cancellationToken)
   at Sdk.WebApi.WebApi.RawHttpClientBase.SendAsync[T](HttpRequestMessage message, Boolean readErrorBody, Object userState, CancellationToken cancellationToken)
   at Sdk.WebApi.WebApi.RawHttpClientBase.SendAsync[T](HttpMethod method, IEnumerable`1 additionalHeaders, Uri requestUri, HttpContent content, IEnumerable`1 queryParameters, Boolean readErrorBody, Object userState, CancellationToken cancellationToken)
   at GitHub.Actions.RunService.WebApi.BrokerHttpClient.DeleteSessionAsync(CancellationToken cancellationToken)
   at GitHub.Runner.Common.BrokerServer.DeleteSessionAsync(CancellationToken cancellationToken)
   at GitHub.Runner.Listener.BrokerMessageListener.DeleteSessionAsync()
   at GitHub.Runner.Listener.Runner.RunAsync(RunnerSettings settings, Boolean runOnce, Boolean returnRunOnceJobResult)
   at GitHub.Runner.Listener.Runner.ExecuteRunnerAsync(RunnerSettings settings, Boolean runOnce, Boolean returnRunOnceJobResult)
   at GitHub.Runner.Listener.Runner.ExecuteCommand(CommandSettings command)
   at GitHub.Runner.Listener.Program.MainAsync(IHostContext context, String[] args)
[2026-08-16 23:09:07Z ERR  Listener] #####################################################
[2026-08-16 23:09:07Z ERR  Listener] System.Threading.Tasks.TaskCanceledException: A task was canceled.
 ---> System.Threading.Tasks.TaskCanceledException: A task was canceled.
   at GitHub.Services.Common.VssHttpRetryMessageHandler.SendAsync(HttpRequestMessage request, CancellationToken cancellationToken)
   at System.Net.Http.HttpClient.<SendAsync>g__Core|83_0(HttpRequestMessage request, HttpCompletionOption completionOption, CancellationTokenSource cts, Boolean disposeCts, CancellationTokenSource pendingRequestsCts, CancellationToken originalCancellationToken)
   --- End of inner exception stack trace ---
   at System.Net.Http.HttpClient.HandleFailure(Exception e, Boolean telemetryStarted, HttpResponseMessage response, CancellationTokenSource cts, CancellationToken cancellationToken, CancellationTokenSource pendingRequestsCts)
   at System.Net.Http.HttpClient.<SendAsync>g__Core|83_0(HttpRequestMessage request, HttpCompletionOption completionOption, CancellationTokenSource cts, Boolean disposeCts, CancellationTokenSource pendingRequestsCts, CancellationToken originalCancellationToken)
   at GitHub.Services.OAuth.VssOAuthTokenHttpClient.GetTokenAsync(VssOAuthGrant grant, VssOAuthClientCredential credential, VssOAuthTokenParameters tokenParameters, CancellationToken cancellationToken)
   at GitHub.Services.OAuth.VssOAuthTokenProvider.OnGetTokenAsync(IssuedToken failedToken, CancellationToken cancellationToken)
   at GitHub.Services.Common.IssuedTokenProvider.GetTokenOperation.GetTokenAsync(VssTraceActivity traceActivity)
   at GitHub.Services.Common.IssuedTokenProvider.GetTokenAsync(IssuedToken failedToken, CancellationToken cancellationToken)
   at GitHub.Services.Common.RawHttpMessageHandler.SendAsync(HttpRequestMessage request, CancellationToken cancellationToken)
   at GitHub.Services.Common.VssHttpRetryMessageHandler.SendAsync(HttpRequestMessage request, CancellationToken cancellationToken)
   at System.Net.Http.HttpClient.<SendAsync>g__Core|83_0(HttpRequestMessage request, HttpCompletionOption completionOption, CancellationTokenSource cts, Boolean disposeCts, CancellationTokenSource pendingRequestsCts, CancellationToken originalCancellationToken)
[2026-08-16 23:09:07Z ERR  Listener] #####################################################
[2026-08-16 23:09:07Z ERR  Listener] System.Threading.Tasks.TaskCanceledException: A task was canceled.
   at GitHub.Services.Common.VssHttpRetryMessageHandler.SendAsync(HttpRequestMessage request, CancellationToken cancellationToken)
   at System.Net.Http.HttpClient.<SendAsync>g__Core|83_0(HttpRequestMessage request, HttpCompletionOption completionOption, CancellationTokenSource cts, Boolean disposeCts, CancellationTokenSource pendingRequestsCts, CancellationToken originalCancellationToken)
